Commodity, Weight in Kg, Price in Rs,Date
Brinjal / Kathari, 1, 30,2015-10-12
Tomotto ottu / Thakkali Ottu, 1, 28,2015-10-12
Lady’s Finger / Venda Kai, 1, 30,2015-10-12
Snake Guard / Pudalai, 1, 16,2015-10-12
Bitter Gourd / Pakar kai, 1, 26,2015-10-12
Bottle gourd / Sura kai, 1, 8,2015-10-12
Pumpkin / Pusani kai, 1, 14,2015-10-12
Beans / Avarai Kai, 1, 40,2015-10-12
Cluster Beans / Kothavarai, 1, 16,2015-10-12
Red Chilies / Kundu Milagai, 1, 30,2015-10-12
Small Onion / Chinna Vengayam, 1, 44,2015-10-12
Big Onion / Pallari, 1, 46,2015-10-12
Ginger /  Inji, 1, –,2015-10-12
Potato / Urulai Kelangu, 1, 24,2015-10-12
Radish / Mulangi, 1, 16,2015-10-12
Mango / Maa, 1, –,2015-10-12
Cabbage / Mutta Kose, 1, 16,2015-10-12
Carrot, 1, 36,2015-10-12
Beetroot, 1, 14,2015-10-12
Soya Beans, 1, 70,2015-10-12
Drumstick Beans / Murungai Beans, 1, 44,2015-10-12
Butter beans, 1, –,2015-10-12
Banana nut / Vala kai, 1 piece, 4,2015-10-12
Banana stem / Vala Thandu, 1, 10,2015-10-12
Banana Flower / Vala Poo, 1, 12,2015-10-12
Curry leaves / Karu Vepilai, 1, 20,2015-10-12
Coriander leaves / Malli Ilai, 1, 40,2015-10-12
Mint / Puthina, 1, 30,2015-10-12
Greens Leaves / Keerai Kattu, 1, 12,2015-10-12
Garlic / Poondu, 1, 100,2015-10-12
Button Mushrooms / Button Kaalan, 1, 200,2015-10-12
Papaya / Papali, 1, 20,2015-10-12
Sav Sav, 1, 14,2015-10-12
Sapotta, 1, 24,2015-10-12
