Commodity, Weight in Kg, Price in Rs,Date
Brinjal, 1, 30,2015-09-10
Tomotto ottu, 1, 7,2015-09-10
Ladys Finger, 1, 12,2015-09-10
Snake Guard, 1, 14,2015-09-10
Bitter Gourd, 1, 24,2015-09-10
Bottle gourd, 1, 8,2015-09-10
Pumpkin, 1, 16,2015-09-10
Bean, 1, 24,2015-09-10
Cluster Beans, 1, 12,2015-09-10
Red Chilies, 1, 30,2015-09-10
Onion, 1, 30,2015-09-10
Pallari, 1, 60,2015-09-10
Ginger, 1, –,2015-09-10
Potato, 1, 24,2015-09-10
Radish, 1, 12,2015-09-10
Mango, 1, –,2015-09-10
Cabbage, 1, 24,2015-09-10
Carrot, 1, 34,2015-09-10
Beetroot, 1, 30,2015-09-10
Soybeans, 1, 90,2015-09-10
Drumstick beans, 1, 36,2015-09-10
butter beans, 1, –,2015-09-10
Banana nut, 1 piece, 4,2015-09-10
Banana stem, 1, 14,2015-09-10
Banana Flower, 1, 12,2015-09-10
Curry leaves, 1, 20,2015-09-10
Coriander leaves, 1, 30,2015-09-10
Mint, 1, 30,2015-09-10
Greens Leaves, 1, 12,2015-09-10
Garlic, 1, 100,2015-09-10
Button Mushrooms, 1, 255,2015-09-10
Papaya, 1, 20,2015-09-10
SavSav, 1, 20,2015-09-10
Sapotta, 1, 24,2015-09-10
