Commodity, Weight in Kg, Price in Rs,Date
Brinjal, 1, 24,2015-07-12
Tomotto ottu, 1, 32,2015-07-12
Ladys Finger, 1, 14,2015-07-12
Snake Guard, 1, 18,2015-07-12
Bitter Gourd, 1, 28,2015-07-12
Bottle gourd, 1, 10,2015-07-12
Pumpkin, 1, 18,2015-07-12
Bean, 1, 28,2015-07-12
Cluster Beans, 1, 18,2015-07-12
Red Chilies, 1, 50,2015-07-12
Onion, 1, 40,2015-07-12
Pallari, 1, 30,2015-07-12
Ginger, 1, –,2015-07-12
Potato, 1, 20,2015-07-12
Radish, 1, 18,2015-07-12
Mango, 1, –,2015-07-12
Cabbage, 1, 20,2015-07-12
Carrot, 1, 40,2015-07-12
Beetroot, 1, 44,2015-07-12
Soybeans, 1, 90,2015-07-12
Drumstick beans, 1, 50,2015-07-12
butter beans, 1, –,2015-07-12
Banana nut, 1 piece, 5,2015-07-12
Banana stem, 1, 12,2015-07-12
Banana Flower, 1, 14,2015-07-12
Curry leaves, 1, 20,2015-07-12
Coriander leaves, 1, 30,2015-07-12
Mint, 1, 20,2015-07-12
Greens Leaves, 1, 12,2015-07-12
Garlic, 1, 100-120,2015-07-12
Button Mushrooms, 1, 196,2015-07-12
Papaya, 1, 16,2015-07-12
SavSav, 1, 20,2015-07-12
Sapotta, 1, 16,2015-07-12
