Commodity, Weight in Kg, Price in Rs,Date
Brinjal, 1, 24,2015-03-13
Tomotto ottu, 1, 7,2015-03-13
Ladys Finger, 1, 20,2015-03-13
Snake Guard, 1, 14,2015-03-13
Bitter Gourd, 1, 16,2015-03-13
Bottle gourd, 1, 8,2015-03-13
Pumpkin, 1, 14,2015-03-13
Bean, 1, 26,2015-03-13
Cluster Beans, 1, 16,2015-03-13
Red Chilies, 1, 20,2015-03-13
Onion, 1, 26,2015-03-13
Pallari, 1, 24,2015-03-13
Ginger, 1, –,2015-03-13
Potato, 1, 24,2015-03-13
Radish, 1, 10,2015-03-13
Mango, 1, –,2015-03-13
Cabbage, 1, 20,2015-03-13
Carrot, 1, 26,2015-03-13
Beetroot, 1, 10,2015-03-13
Soybeans, 1, 80,2015-03-13
Drumstick beans, 1, 28,2015-03-13
butter beans, 1, –,2015-03-13
Banana nut, 1 piece, 4,2015-03-13
Banana stem, 1, 10,2015-03-13
Banana Flower, 1, 10,2015-03-13
Curry leaves, 1, 30,2015-03-13
Coriander leaves, 1, 20,2015-03-13
Mint, 1, 25,2015-03-13
Greens Leaves, 1, 10,2015-03-13
Garlic, 1, 100-180,2015-03-13
Button Mushrooms, 1, 180,2015-03-13
Papaya, 1, 20,2015-03-13
SavSav, 1, 16,2015-03-13
Sapotta, 1, 20,2015-03-13
