Commodity, Weight in Kg, Price in Rs,Date
Brinjal, 1, 26,2015-03-01
Tomotto ottu, 1, 7,2015-03-01
Ladys Finger, 1, 16,2015-03-01
Snake Guard, 1, 12,2015-03-01
Bitter Gourd, 1, 16,2015-03-01
Bottle gourd, 1, 8,2015-03-01
Pumpkin, 1, 12,2015-03-01
Bean, 1, 20,2015-03-01
Cluster Beans, 1, 16,2015-03-01
Red Chilies, 1, 16,2015-03-01
Onion, 1, 28,2015-03-01
Pallari, 1, 26,2015-03-01
Ginger, 1, –,2015-03-01
Potato, 1, 26,2015-03-01
Radish, 1, 10,2015-03-01
Mango, 1, –,2015-03-01
Cabbage, 1, 20,2015-03-01
Carrot, 1, 30,2015-03-01
Beetroot, 1, 14,2015-03-01
Soybeans, 1, 70,2015-03-01
Drumstick beans, 1, 26,2015-03-01
butter beans, 1, –,2015-03-01
Banana nut, 1 piece, 4,2015-03-01
Banana stem, 1, 10,2015-03-01
Banana Flower, 1, 6,2015-03-01
Curry leaves, 1, 30,2015-03-01
Coriander leaves, 1, 20,2015-03-01
Mint, 1, 25,2015-03-01
Greens Leaves, 1, 15,2015-03-01
Garlic, 1, 160-200,2015-03-01
Button Mushrooms, 1, 180,2015-03-01
Papaya, 1, 20,2015-03-01
SavSav, 1, 14,2015-03-01
Sapotta, 1, 20,2015-03-01
