Commodity, Weight in Kg, Price in Rs,Date
Brinjal, 1, 24,2015-07-11
Tomotto ottu, 1, 32,2015-07-11
Ladys Finger, 1, 14,2015-07-11
Snake Guard, 1, 18,2015-07-11
Bitter Gourd, 1, 28,2015-07-11
Bottle gourd, 1, 10,2015-07-11
Pumpkin, 1, 18,2015-07-11
Bean, 1, 28,2015-07-11
Cluster Beans, 1, 18,2015-07-11
Red Chilies, 1, 50,2015-07-11
Onion, 1, 40,2015-07-11
Pallari, 1, 30,2015-07-11
Ginger, 1, –,2015-07-11
Potato, 1, 20,2015-07-11
Radish, 1, 18,2015-07-11
Mango, 1, –,2015-07-11
Cabbage, 1, 20,2015-07-11
Carrot, 1, 40,2015-07-11
Beetroot, 1, 44,2015-07-11
Soybeans, 1, 90,2015-07-11
Drumstick beans, 1, 50,2015-07-11
butter beans, 1, –,2015-07-11
Banana nut, 1 piece, 5,2015-07-11
Banana stem, 1, 12,2015-07-11
Banana Flower, 1, 14,2015-07-11
Curry leaves, 1, 20,2015-07-11
Coriander leaves, 1, 30,2015-07-11
Mint, 1, 20,2015-07-11
Greens Leaves, 1, 12,2015-07-11
Garlic, 1, 100-120,2015-07-11
Button Mushrooms, 1, 196,2015-07-11
Papaya, 1, 16,2015-07-11
SavSav, 1, 20,2015-07-11
Sapotta, 1, 16,2015-07-11
