Commodity, Weight in Kg, Price in Rs,Date
Brinjal, 1, 20,2015-02-13
Tomotto ottu, 1, 14,2015-02-13
Ladys Finger, 1, 16,2015-02-13
Snake Guard, 1, 10,2015-02-13
Bitter Gourd, 1, 14,2015-02-13
Bottle gourd, 1, 8,2015-02-13
Pumpkin, 1, 14,2015-02-13
Bean, 1, 20,2015-02-13
Cluster Beans, 1, 16,2015-02-13
Red Chilies, 1, 20,2015-02-13
Onion, 1, 30,2015-02-13
Pallari, 1, 28,2015-02-13
Ginger, 1, –,2015-02-13
Potato, 1, 24,2015-02-13
Radish, 1, 8,2015-02-13
Mango, 1, –,2015-02-13
Cabbage, 1, 20,2015-02-13
Carrot, 1, 34,2015-02-13
Beetroot, 1, 20,2015-02-13
Soybeans, 1, 70,2015-02-13
Drumstick beans, 1, 26,2015-02-13
butter beans, 1, –,2015-02-13
Banana nut, 1 piece, 4,2015-02-13
Banana stem, 1, 8,2015-02-13
Banana Flower, 1, 6,2015-02-13
Curry leaves, 1, 25,2015-02-13
Coriander leaves, 1, 20,2015-02-13
Mint, 1, 20,2015-02-13
Greens Leaves, 1, 10,2015-02-13
Garlic, 1, 100-160,2015-02-13
Button Mushrooms, 1, 180,2015-02-13
Papaya, 1, 20,2015-02-13
SavSav, 1, 24,2015-02-13
Sapotta, 1, 20,2015-02-13
