Commodity, Weight in Kg, Price in Rs,Date
Brinjal / Kathari, 1, 40,2015-11-14
Tomotto ottu / Thakkali Ottu, 1, 44,2015-11-14
Lady’s Finger / Venda Kai, 1, 34,2015-11-14
Snake Guard / Pudalai, 1, 16,2015-11-14
Bitter Gourd / Pakar kai, 1, 30,2015-11-14
Bottle gourd / Sura kai, 1, 8,2015-11-14
Pumpkin / Pusani kai, 1, 15,2015-11-14
Beans / Avarai Kai, 1, 30,2015-11-14
Cluster Beans / Kothavarai, 1, 20,2015-11-14
Red Chilies / Kundu Milagai, 1, 40,2015-11-14
Small Onion / Chinna Vengayam, 1, 56,2015-11-14
Big Onion / Pallari, 1, 35,2015-11-14
Ginger /  Inji, 1, –,2015-11-14
Potato / Urulai Kelangu, 1, 34,2015-11-14
Radish / Mulangi, 1, 20,2015-11-14
Mango / Maa, 1, –,2015-11-14
Cabbage / Mutta Kose, 1, 20,2015-11-14
Carrot, 1, 32,2015-11-14
Beetroot, 1, 16,2015-11-14
Soya Beans, 1, 70,2015-11-14
Drumstick Beans / Murungai Beans, 1, 40,2015-11-14
Butter beans, 1, –,2015-11-14
Banana nut / Vala kai, 1 piece, 4,2015-11-14
Banana stem / Vala Thandu, 1, 12,2015-11-14
Banana Flower / Vala Poo, 1, 10,2015-11-14
Curry leaves / Karu Vepilai, 1, 20,2015-11-14
Coriander leaves / Malli Ilai, 1, 40,2015-11-14
Mint / Puthina, 1, 30,2015-11-14
Greens Leaves / Keerai Kattu, 1, 12,2015-11-14
Garlic / Poondu, 1, 100,2015-11-14
Button Mushrooms / Button Kaalan, 1, 200,2015-11-14
Papaya / Papali, 1, 20,2015-11-14
Sav Sav, 1, 16,2015-11-14
Sapotta, 1, 20,2015-11-14
