Commodity, Weight in Kg, Price in Rs,Date
Brinjal, 1, 16,2015-04-13
Tomotto ottu, 1, 15,2015-04-13
Ladys Finger, 1, 30,2015-04-13
Snake Guard, 1, 16,2015-04-13
Bitter Gourd, 1, 20,2015-04-13
Bottle gourd, 1, 8,2015-04-13
Pumpkin, 1, 16,2015-04-13
Bean, 1, 38,2015-04-13
Cluster Beans, 1, 20,2015-04-13
Red Chilies, 1, 24,2015-04-13
Onion, 1, 20,2015-04-13
Pallari, 1, 22,2015-04-13
Ginger, 1, –,2015-04-13
Potato, 1, 20,2015-04-13
Radish, 1, 16,2015-04-13
Mango, 1, –,2015-04-13
Cabbage, 1, 16,2015-04-13
Carrot, 1, 30,2015-04-13
Beetroot, 1, 14,2015-04-13
Soybeans, 1, 80,2015-04-13
Drumstick beans, 1, 46,2015-04-13
butter beans, 1, –,2015-04-13
Banana nut, 1 piece, 5,2015-04-13
Banana stem, 1, 10,2015-04-13
Banana Flower, 1, 12,2015-04-13
Curry leaves, 1, 30,2015-04-13
Coriander leaves, 1, 25,2015-04-13
Mint, 1, 15,2015-04-13
Greens Leaves, 1, 12,2015-04-13
Garlic, 1, 100,2015-04-13
Button Mushrooms, 1, 196,2015-04-13
Papaya, 1, 20,2015-04-13
SavSav, 1, 24,2015-04-13
Sapotta, 1, 20,2015-04-13
