Commodity, Weight in Kg, Price in Rs,Date
Brinjal / Kathari, 1, 80,2015-12-10
Tomotto ottu / Thakkali Ottu, 1, 26,2015-12-10
Lady’s Finger / Venda Kai, 1, 30,2015-12-10
Snake Guard / Pudalai, 1, 32,2015-12-10
Bitter Gourd / Pakar kai, 1, 42,2015-12-10
Bottle gourd / Sura kai, 1, 10,2015-12-10
Pumpkin / Pusani kai, 1, 15,2015-12-10
Beans / Avarai Kai, 1, 65,2015-12-10
Cluster Beans / Kothavarai, 1, 30,2015-12-10
Red Chilies / Kundu Milagai, 1, 60,2015-12-10
Small Onion / Chinna Vengayam, 1, 58,2015-12-10
Big Onion / Pallari, 1, 34,2015-12-10
Ginger /  Inji, 1, –,2015-12-10
Potato / Urulai Kelangu, 1, 32,2015-12-10
Radish / Mulangi, 1, 30,2015-12-10
Mango / Maa, 1, –,2015-12-10
Cabbage / Mutta Kose, 1, 26,2015-12-10
Carrot, 1, 44,2015-12-10
Beetroot, 1, 24,2015-12-10
Soya Beans, 1, 80,2015-12-10
Drumstick Beans / Murungai Beans, 1, 60,2015-12-10
Butter beans, 1, –,2015-12-10
Banana nut / Vala kai, 1 piece, 5,2015-12-10
Banana stem / Vala Thandu, 1, 12,2015-12-10
Banana Flower / Vala Poo, 1, 10,2015-12-10
Curry leaves / Karu Vepilai, 1, 20,2015-12-10
Coriander leaves / Malli Ilai, 1, 20,2015-12-10
Mint / Puthina, 1, 30,2015-12-10
Greens Leaves / Keerai Kattu, 1, 10,2015-12-10
Garlic / Poondu, 1, –,2015-12-10
Button Mushrooms / Button Kaalan, 1, 200,2015-12-10
Papaya / Papali, 1, 20,2015-12-10
Sav Sav, 1, 26,2015-12-10
Sapotta, 1, 20,2015-12-10
