Commodity, Weight in Kg, Price in Rs,Date
Brinjal, 1, 14,2015-04-11
Tomotto ottu, 1, 15,2015-04-11
Ladys Finger, 1, 28,2015-04-11
Snake Guard, 1, 14,2015-04-11
Bitter Gourd, 1, 20,2015-04-11
Bottle gourd, 1, 6,2015-04-11
Pumpkin, 1, 14,2015-04-11
Bean, 1, 38,2015-04-11
Cluster Beans, 1, 20,2015-04-11
Red Chilies, 1, 24,2015-04-11
Onion, 1, 20,2015-04-11
Pallari, 1, 20,2015-04-11
Ginger, 1, –,2015-04-11
Potato, 1, 20,2015-04-11
Radish, 1, 16,2015-04-11
Mango, 1, –,2015-04-11
Cabbage, 1, 15,2015-04-11
Carrot, 1, 30,2015-04-11
Beetroot, 1, 14,2015-04-11
Soybeans, 1, 80,2015-04-11
Drumstick beans, 1, 44,2015-04-11
butter beans, 1, –,2015-04-11
Banana nut, 1 piece, 5,2015-04-11
Banana stem, 1, 10,2015-04-11
Banana Flower, 1, 12,2015-04-11
Curry leaves, 1, 30,2015-04-11
Coriander leaves, 1, 25,2015-04-11
Mint, 1, 15,2015-04-11
Greens Leaves, 1, 12,2015-04-11
Garlic, 1, 100,2015-04-11
Button Mushrooms, 1, 180,2015-04-11
Papaya, 1, 20,2015-04-11
SavSav, 1, 26,2015-04-11
Sapotta, 1, 20,2015-04-11
