Commodity, Weight in Kg, Price in Rs,Date
Brinjal, 1, 36,2015-06-14
Tomotto ottu, 1, 26,2015-06-14
Ladys Finger, 1, 24,2015-06-14
Snake Guard, 1, 26,2015-06-14
Bitter Gourd, 1, 26,2015-06-14
Bottle gourd, 1, 10,2015-06-14
Pumpkin, 1, 16,2015-06-14
Bean, 1, 60,2015-06-14
Cluster Beans, 1, 24,2015-06-14
Red Chilies, 1, 30,2015-06-14
Onion, 1, 46,2015-06-14
Pallari, 1, 30,2015-06-14
Ginger, 1, –,2015-06-14
Potato, 1, 24,2015-06-14
Radish, 1, 24,2015-06-14
Mango, 1, –,2015-06-14
Cabbage, 1, 26,2015-06-14
Carrot, 1, 40,2015-06-14
Beetroot, 1, 40,2015-06-14
Soybeans, 1, 100,2015-06-14
Drumstick beans, 1, 60,2015-06-14
butter beans, 1, –,2015-06-14
Banana nut, 1 piece, 4,2015-06-14
Banana stem, 1, 12,2015-06-14
Banana Flower, 1, 10,2015-06-14
Curry leaves, 1, 20,2015-06-14
Coriander leaves, 1, 40,2015-06-14
Mint, 1, 30,2015-06-14
Greens Leaves, 1, 12,2015-06-14
Garlic, 1, 100,2015-06-14
Button Mushrooms, 1, 196,2015-06-14
Papaya, 1, 16,2015-06-14
SavSav, 1, 24,2015-06-14
Sapotta, 1, 20,2015-06-14
