Commodity, Weight in Kg, Price in Rs,Date
Brinjal, 1, 16,2015-04-01
Tomotto ottu, 1, 8,2015-04-01
Ladys Finger, 1, 24,2015-04-01
Snake Guard, 1, 16,2015-04-01
Bitter Gourd, 1, 18,2015-04-01
Bottle gourd, 1, 8,2015-04-01
Pumpkin, 1, 14,2015-04-01
Bean, 1, 40,2015-04-01
Cluster Beans, 1, 18,2015-04-01
Red Chilies, 1, 24,2015-04-01
Onion, 1, 20,2015-04-01
Pallari, 1, 22,2015-04-01
Ginger, 1, –,2015-04-01
Potato, 1, 20,2015-04-01
Radish, 1, 14,2015-04-01
Mango, 1, –,2015-04-01
Cabbage, 1, 16,2015-04-01
Carrot, 1, 28,2015-04-01
Beetroot, 1, 14,2015-04-01
Soybeans, 1, 80,2015-04-01
Drumstick beans, 1, 34,2015-04-01
butter beans, 1, –,2015-04-01
Banana nut, 1 piece, 4,2015-04-01
Banana stem, 1, 10,2015-04-01
Banana Flower, 1, 10,2015-04-01
Curry leaves, 1, 25,2015-04-01
Coriander leaves, 1, 20,2015-04-01
Mint, 1, 20,2015-04-01
Greens Leaves, 1, 12,2015-04-01
Garlic, 1, 100,2015-04-01
Button Mushrooms, 1, 196,2015-04-01
Papaya, 1, 20,2015-04-01
SavSav, 1, 20,2015-04-01
Sapotta, 1, 20,2015-04-01
