Commodity, Weight in Kg, Price in Rs,Date
Brinjal / Kathari, 1, 30,2015-10-01
Tomotto ottu / Thakkali Ottu, 1, 16,2015-10-01
Lady’s Finger / Venda Kai, 1, 20,2015-10-01
Snake Guard / Pudalai, 1, 14,2015-10-01
Bitter Gourd / Pakar kai, 1, 30,2015-10-01
Bottle gourd / Sura kai, 1, 8,2015-10-01
Pumpkin / Pusani kai, 1, 26,2015-10-01
Beans / Avarai Kai, 1, 30,2015-10-01
Cluster Beans / Kothavarai, 1, 12,2015-10-01
Red Chilies / Kundu Milagai, 1, 30,2015-10-01
Small Onion / Chinna Vengayam, 1, 40,2015-10-01
Big Onion / Pallari, 1, 50,2015-10-01
Ginger /  Inji, 1, –,2015-10-01
Potato / Urulai Kelangu, 1, 24,2015-10-01
Radish / Mulangi, 1, 14,2015-10-01
Mango / Maa, 1, –,2015-10-01
Cabbage / Mutta Kose, 1, 20,2015-10-01
Carrot, 1, 30,2015-10-01
Beetroot, 1, 16,2015-10-01
Soya Beans, 1, 70,2015-10-01
Drumstick Beans / Murungai Beans, 1, 40,2015-10-01
Butter beans, 1, –,2015-10-01
Banana nut / Vala kai, 1 piece, 4,2015-10-01
Banana stem / Vala Thandu, 1, 10,2015-10-01
Banana Flower / Vala Poo, 1, 12,2015-10-01
Curry leaves / Karu Vepilai, 1, 20,2015-10-01
Coriander leaves / Malli Ilai, 1, 30,2015-10-01
Mint / Puthina, 1, 25,2015-10-01
Greens Leaves / Keerai Kattu, 1, 12,2015-10-01
Garlic / Poondu, 1, 100,2015-10-01
Button Mushrooms / Button Kaalan, 1, 180,2015-10-01
Papaya / Papali, 1, 20,2015-10-01
Sav Sav, 1, 20,2015-10-01
Sapotta, 1, 24,2015-10-01
