Commodity, Weight in Kg, Price in Rs,Date
Brinjal, 1, 38,2015-06-10
Tomotto ottu, 1, 22,2015-06-10
Ladys Finger, 1, 24,2015-06-10
Snake Guard, 1, 20,2015-06-10
Bitter Gourd, 1, 34,2015-06-10
Bottle gourd, 1, 10,2015-06-10
Pumpkin, 1, 18,2015-06-10
Bean, 1, 70,2015-06-10
Cluster Beans, 1, 20,2015-06-10
Red Chilies, 1, 24,2015-06-10
Onion, 1, 44,2015-06-10
Pallari, 1, 30,2015-06-10
Ginger, 1, –,2015-06-10
Potato, 1, 20,2015-06-10
Radish, 1, 18,2015-06-10
Mango, 1, –,2015-06-10
Cabbage, 1, 24,2015-06-10
Carrot, 1, 40,2015-06-10
Beetroot, 1, 26,2015-06-10
Soybeans, 1, 100,2015-06-10
Drumstick beans, 1, 50,2015-06-10
butter beans, 1, –,2015-06-10
Banana nut, 1 piece, 5,2015-06-10
Banana stem, 1, 10,2015-06-10
Banana Flower, 1, 12,2015-06-10
Curry leaves, 1, 20,2015-06-10
Coriander leaves, 1, 40,2015-06-10
Mint, 1, 30,2015-06-10
Greens Leaves, 1, 12,2015-06-10
Garlic, 1, 120,2015-06-10
Button Mushrooms, 1, 196,2015-06-10
Papaya, 1, 20,2015-06-10
SavSav, 1, 26,2015-06-10
Sapotta, 1, 18,2015-06-10
