Commodity, Weight in Kg, Price in Rs,Date
Brinjal / Kathari, 1, 18,2015-11-10
Tomotto ottu / Thakkali Ottu, 1, 50,2015-11-10
Lady’s Finger / Venda Kai, 1, 26,2015-11-10
Snake Guard / Pudalai, 1, 18,2015-11-10
Bitter Gourd / Pakar kai, 1, 28,2015-11-10
Bottle gourd / Sura kai, 1, 8,2015-11-10
Pumpkin / Pusani kai, 1, 20,2015-11-10
Beans / Avarai Kai, 1, 36,2015-11-10
Cluster Beans / Kothavarai, 1, 20,2015-11-10
Red Chilies / Kundu Milagai, 1, 30,2015-11-10
Small Onion / Chinna Vengayam, 1, 48,2015-11-10
Big Onion / Pallari, 1, 40,2015-11-10
Ginger /  Inji, 1, –,2015-11-10
Potato / Urulai Kelangu, 1, 26,2015-11-10
Radish / Mulangi, 1, 20,2015-11-10
Mango / Maa, 1, –,2015-11-10
Cabbage / Mutta Kose, 1, 18,2015-11-10
Carrot, 1, 30,2015-11-10
Beetroot, 1, 16,2015-11-10
Soya Beans, 1, 60,2015-11-10
Drumstick Beans / Murungai Beans, 1, 30,2015-11-10
Butter beans, 1, –,2015-11-10
Banana nut / Vala kai, 1 piece, 4,2015-11-10
Banana stem / Vala Thandu, 1, 12,2015-11-10
Banana Flower / Vala Poo, 1, 10,2015-11-10
Curry leaves / Karu Vepilai, 1, 20,2015-11-10
Coriander leaves / Malli Ilai, 1, 25,2015-11-10
Mint / Puthina, 1, 25,2015-11-10
Greens Leaves / Keerai Kattu, 1, 12,2015-11-10
Garlic / Poondu, 1, 100,2015-11-10
Button Mushrooms / Button Kaalan, 1, 200,2015-11-10
Papaya / Papali, 1, 20,2015-11-10
Sav Sav, 1, 20,2015-11-10
Sapotta, 1, 20,2015-11-10
