Commodity, Weight in Kg, Price in Rs,Date
Brinjal, 1, 32,2015-06-13
Tomotto ottu, 1, 26,2015-06-13
Ladys Finger, 1, 24,2015-06-13
Snake Guard, 1, 26,2015-06-13
Bitter Gourd, 1, 30,2015-06-13
Bottle gourd, 1, 10,2015-06-13
Pumpkin, 1, 16,2015-06-13
Bean, 1, 60,2015-06-13
Cluster Beans, 1, 22,2015-06-13
Red Chilies, 1, 30,2015-06-13
Onion, 1, 46,2015-06-13
Pallari, 1, 30,2015-06-13
Ginger, 1, –,2015-06-13
Potato, 1, 20,2015-06-13
Radish, 1, 24,2015-06-13
Mango, 1, –,2015-06-13
Cabbage, 1, 26,2015-06-13
Carrot, 1, 40,2015-06-13
Beetroot, 1, 40,2015-06-13
Soybeans, 1, 100,2015-06-13
Drumstick beans, 1, 60,2015-06-13
butter beans, 1, –,2015-06-13
Banana nut, 1 piece, 4,2015-06-13
Banana stem, 1, 12,2015-06-13
Banana Flower, 1, 10,2015-06-13
Curry leaves, 1, 20,2015-06-13
Coriander leaves, 1, 40,2015-06-13
Mint, 1, 30,2015-06-13
Greens Leaves, 1, 12,2015-06-13
Garlic, 1, 100,2015-06-13
Button Mushrooms, 1, 200,2015-06-13
Papaya, 1, 16,2015-06-13
SavSav, 1, 20,2015-06-13
Sapotta, 1, 20,2015-06-13
