Commodity, Weight in Kg, Price in Rs,Date
Brinjal, 1, 20,2015-03-14
Tomotto ottu, 1, 6,2015-03-14
Ladys Finger, 1, 20,2015-03-14
Snake Guard, 1, 12,2015-03-14
Bitter Gourd, 1, 12,2015-03-14
Bottle gourd, 1, 8,2015-03-14
Pumpkin, 1, 14,2015-03-14
Bean, 1, 24,2015-03-14
Cluster Beans, 1, 16,2015-03-14
Red Chilies, 1, 18,2015-03-14
Onion, 1, 24,2015-03-14
Pallari, 1, 24,2015-03-14
Ginger, 1, –,2015-03-14
Potato, 1, 26,2015-03-14
Radish, 1, 10,2015-03-14
Mango, 1, –,2015-03-14
Cabbage, 1, 18,2015-03-14
Carrot, 1, 30,2015-03-14
Beetroot, 1, 20,2015-03-14
Soybeans, 1, 80,2015-03-14
Drumstick beans, 1, 36,2015-03-14
butter beans, 1, –,2015-03-14
Banana nut, 1 piece, 4,2015-03-14
Banana stem, 1, 10,2015-03-14
Banana Flower, 1, 12,2015-03-14
Curry leaves, 1, 30,2015-03-14
Coriander leaves, 1, 20,2015-03-14
Mint, 1, 20,2015-03-14
Greens Leaves, 1, 12,2015-03-14
Garlic, 1, 140-180,2015-03-14
Button Mushrooms, 1, 196,2015-03-14
Papaya, 1, 20,2015-03-14
SavSav, 1, 16,2015-03-14
Sapotta, 1, 20,2015-03-14
