Commodity, Weight in Kg, Price in Rs,Date
Brinjal / Kathari, 1, 70,2015-12-11
Tomotto ottu / Thakkali Ottu, 1, 26,2015-12-11
Lady’s Finger / Venda Kai, 1, 36,2015-12-11
Snake Guard / Pudalai, 1, 36,2015-12-11
Bitter Gourd / Pakar kai, 1, 48,2015-12-11
Bottle gourd / Sura kai, 1, 12,2015-12-11
Pumpkin / Pusani kai, 1, 14,2015-12-11
Beans / Avarai Kai, 1, 60,2015-12-11
Cluster Beans / Kothavarai, 1, 30,2015-12-11
Red Chilies / Kundu Milagai, 1, 50,2015-12-11
Small Onion / Chinna Vengayam, 1, 50,2015-12-11
Big Onion / Pallari, 1, 36,2015-12-11
Ginger /  Inji, 1, –,2015-12-11
Potato / Urulai Kelangu, 1, 30,2015-12-11
Radish / Mulangi, 1, 30,2015-12-11
Mango / Maa, 1, –,2015-12-11
Cabbage / Mutta Kose, 1, 24,2015-12-11
Carrot, 1, 36,2015-12-11
Beetroot, 1, 30,2015-12-11
Soya Beans, 1, 70,2015-12-11
Drumstick Beans / Murungai Beans, 1, 70,2015-12-11
Butter beans, 1, –,2015-12-11
Banana nut / Vala kai, 1 piece, 5,2015-12-11
Banana stem / Vala Thandu, 1, 10,2015-12-11
Banana Flower / Vala Poo, 1, 10,2015-12-11
Curry leaves / Karu Vepilai, 1, 20,2015-12-11
Coriander leaves / Malli Ilai, 1, 40,2015-12-11
Mint / Puthina, 1, 50,2015-12-11
Greens Leaves / Keerai Kattu, 1, 12,2015-12-11
Garlic / Poondu, 1, –,2015-12-11
Button Mushrooms / Button Kaalan, 1, 200,2015-12-11
Papaya / Papali, 1, 20,2015-12-11
Sav Sav, 1, 26,2015-12-11
Sapotta, 1, 20,2015-12-11
