Commodity, Weight in Kg, Price in Rs,Date
Brinjal, 1, 36,2015-08-13
Tomotto ottu, 1, 8,2015-08-13
Ladys Finger, 1, 12,2015-08-13
Snake Guard, 1, 14,2015-08-13
Bitter Gourd, 1, 28,2015-08-13
Bottle gourd, 1, 8,2015-08-13
Pumpkin, 1, 16,2015-08-13
Bean, 1, 24,2015-08-13
Cluster Beans, 1, 12,2015-08-13
Red Chilies, 1, 30,2015-08-13
Onion, 1, 28,2015-08-13
Pallari, 1, 40,2015-08-13
Ginger, 1, –,2015-08-13
Potato, 1, 24,2015-08-13
Radish, 1, 12,2015-08-13
Mango, 1, –,2015-08-13
Cabbage, 1, 20,2015-08-13
Carrot, 1, 24,2015-08-13
Beetroot, 1, 20,2015-08-13
Soybeans, 1, 70,2015-08-13
Drumstick beans, 1, 40,2015-08-13
butter beans, 1, –,2015-08-13
Banana nut, 1 piece, 4,2015-08-13
Banana stem, 1, 10,2015-08-13
Banana Flower, 1, 14,2015-08-13
Curry leaves, 1, 20,2015-08-13
Coriander leaves, 1, 20,2015-08-13
Mint, 1, 20,2015-08-13
Greens Leaves, 1, 10,2015-08-13
Garlic, 1, 140,2015-08-13
Button Mushrooms, 1, 200,2015-08-13
Papaya, 1, 20,2015-08-13
SavSav, 1, 20,2015-08-13
Sapotta, 1, 18,2015-08-13
