Commodity, Weight in Kg, Price in Rs,Date
Brinjal, 1, 24,2015-05-10
Tomotto ottu, 1, 24,2015-05-10
Ladys Finger, 1, 20,2015-05-10
Snake Guard, 1, 16,2015-05-10
Bitter Gourd, 1, 24,2015-05-10
Bottle gourd, 1, 8,2015-05-10
Pumpkin, 1, 14,2015-05-10
Bean, 1, 46,2015-05-10
Cluster Beans, 1, 16,2015-05-10
Red Chilies, 1, 24,2015-05-10
Onion, 1, 30,2015-05-10
Pallari, 1, 24,2015-05-10
Ginger, 1, –,2015-05-10
Potato, 1, 24,2015-05-10
Radish, 1, 20,2015-05-10
Mango, 1, –,2015-05-10
Cabbage, 1, 20,2015-05-10
Carrot, 1, 28,2015-05-10
Beetroot, 1, 20,2015-05-10
Soybeans, 1, 90,2015-05-10
Drumstick beans, 1, 60,2015-05-10
butter beans, 1, –,2015-05-10
Banana nut, 1 piece, 4,2015-05-10
Banana stem, 1, 12,2015-05-10
Banana Flower, 1, 10,2015-05-10
Curry leaves, 1, 30,2015-05-10
Coriander leaves, 1, 30,2015-05-10
Mint, 1, 20,2015-05-10
Greens Leaves, 1, 12,2015-05-10
Garlic, 1, 100,2015-05-10
Button Mushrooms, 1, 180,2015-05-10
Papaya, 1, 20,2015-05-10
SavSav, 1, 20,2015-05-10
Sapotta, 1, 20,2015-05-10
