Commodity, Weight in Kg, Price in Rs,Date
Brinjal, 1, 46,2015-01-14
Tomotto ottu, 1, 14,2015-01-14
Ladys Finger, 1, 24,2015-01-14
Snake Guard, 1, 18,2015-01-14
Bitter Gourd, 1, 24,2015-01-14
Bottle gourd, 1, 8,2015-01-14
Pumpkin, 1, 16,2015-01-14
Bean, 1, 40,2015-01-14
Cluster Beans, 1, 20,2015-01-14
Red Chilies, 1, 36,2015-01-14
Onion, 1, 24,2015-01-14
Pallari, 1, 28,2015-01-14
Ginger, 1, –,2015-01-14
Potato, 1, 28,2015-01-14
Radish, 1, 12,2015-01-14
Mango, 1, –,2015-01-14
Cabbage, 1, 26,2015-01-14
Carrot, 1, 38,2015-01-14
Beetroot, 1, 30,2015-01-14
Soybeans, 1, 80,2015-01-14
Drumstick beans, 1, 40,2015-01-14
butter beans, 1, –,2015-01-14
Banana nut, 1 piece, 4,2015-01-14
Banana stem, 1, 10,2015-01-14
Banana Flower, 1, 14,2015-01-14
Curry leaves, 1, 20,2015-01-14
Coriander leaves, 1, 25,2015-01-14
Mint, 1, 20,2015-01-14
Greens Leaves, 1, 10,2015-01-14
Garlic, 1, 120-160,2015-01-14
Button Mushrooms, 1, 196,2015-01-14
Papaya, 1, 20,2015-01-14
SavSav, 1, 20,2015-01-14
Sapotta, 1, 22,2015-01-14
