Commodity, Weight in Kg, Price in Rs,Date
Brinjal, 1, 20,2015-03-10
Tomotto ottu, 1, 6,2015-03-10
Ladys Finger, 1, 16,2015-03-10
Snake Guard, 1, 12,2015-03-10
Bitter Gourd, 1, 14,2015-03-10
Bottle gourd, 1, 8,2015-03-10
Pumpkin, 1, 14,2015-03-10
Bean, 1, 20,2015-03-10
Cluster Beans, 1, 16,2015-03-10
Red Chilies, 1, 18,2015-03-10
Onion, 1, 24,2015-03-10
Pallari, 1, 24,2015-03-10
Ginger, 1, –,2015-03-10
Potato, 1, 26,2015-03-10
Radish, 1, 10,2015-03-10
Mango, 1, –,2015-03-10
Cabbage, 1, 18,2015-03-10
Carrot, 1, 30,2015-03-10
Beetroot, 1, 20,2015-03-10
Soybeans, 1, 80,2015-03-10
Drumstick beans, 1, 30,2015-03-10
butter beans, 1, –,2015-03-10
Banana nut, 1 piece, 4,2015-03-10
Banana stem, 1, 10,2015-03-10
Banana Flower, 1, 12,2015-03-10
Curry leaves, 1, 25,2015-03-10
Coriander leaves, 1, 25,2015-03-10
Mint, 1, 20,2015-03-10
Greens Leaves, 1, 12,2015-03-10
Garlic, 1, 120-180,2015-03-10
Button Mushrooms, 1, 194,2015-03-10
Papaya, 1, 20,2015-03-10
SavSav, 1, 16,2015-03-10
Sapotta, 1, 20,2015-03-10
