Commodity, Weight in Kg, Price in Rs,Date
Brinjal, 1, 36,2015-01-10
Tomotto ottu, 1, 14,2015-01-10
Ladys Finger, 1, 26,2015-01-10
Snake Guard, 1, 18,2015-01-10
Bitter Gourd, 1, 24,2015-01-10
Bottle gourd, 1, 10,2015-01-10
Pumpkin, 1, 18,2015-01-10
Bean, 1, 26,2015-01-10
Cluster Beans, 1, 16,2015-01-10
Red Chilies, 1, 36,2015-01-10
Onion, 1, 24,2015-01-10
Pallari, 1, 28,2015-01-10
Ginger, 1, –,2015-01-10
Potato, 1, 26,2015-01-10
Radish, 1, 12,2015-01-10
Mango, 1, –,2015-01-10
Cabbage, 1, 24,2015-01-10
Carrot, 1, 24,2015-01-10
Beetroot, 1, 26,2015-01-10
Soybeans, 1, 84,2015-01-10
Drumstick beans, 1, 40,2015-01-10
butter beans, 1, –,2015-01-10
Banana nut, 1 piece, 4,2015-01-10
Banana stem, 1, 10,2015-01-10
Banana Flower, 1, 8,2015-01-10
Curry leaves, 1, 10,2015-01-10
Coriander leaves, 1, 20,2015-01-10
Mint, 1, 15,2015-01-10
Greens Leaves, 1, 10,2015-01-10
Garlic, 1, 120-140,2015-01-10
Button Mushrooms, 1, 194,2015-01-10
Papaya, 1, 20,2015-01-10
SavSav, 1, 20,2015-01-10
Sapotta, 1, 24,2015-01-10
