Commodity, Weight in Kg, Price in Rs,Date
Brinjal, 1, 24,2015-02-12
Tomotto ottu, 1, 14,2015-02-12
Ladys Finger, 1, 16,2015-02-12
Snake Guard, 1, 10,2015-02-12
Bitter Gourd, 1, 14,2015-02-12
Bottle gourd, 1, 8,2015-02-12
Pumpkin, 1, 12,2015-02-12
Bean, 1, 20,2015-02-12
Cluster Beans, 1, 16,2015-02-12
Red Chilies, 1, 20,2015-02-12
Onion, 1, 30,2015-02-12
Pallari, 1, 28,2015-02-12
Ginger, 1, –,2015-02-12
Potato, 1, 24,2015-02-12
Radish, 1, 8,2015-02-12
Mango, 1, –,2015-02-12
Cabbage, 1, 26,2015-02-12
Carrot, 1, 34,2015-02-12
Beetroot, 1, 20,2015-02-12
Soybeans, 1, 70,2015-02-12
Drumstick beans, 1, 26,2015-02-12
butter beans, 1, –,2015-02-12
Banana nut, 1 piece, 4,2015-02-12
Banana stem, 1, 8,2015-02-12
Banana Flower, 1, 5,2015-02-12
Curry leaves, 1, 25,2015-02-12
Coriander leaves, 1, 20,2015-02-12
Mint, 1, 20,2015-02-12
Greens Leaves, 1, 10,2015-02-12
Garlic, 1, 100-160,2015-02-12
Button Mushrooms, 1, 180,2015-02-12
Papaya, 1, 20,2015-02-12
SavSav, 1, 20,2015-02-12
Sapotta, 1, 24,2015-02-12
