Commodity, Weight in Kg, Price in Rs,Date
Brinjal / Kathari, 1, 24,2015-10-11
Tomotto ottu / Thakkali Ottu, 1, 20,2015-10-11
Lady’s Finger / Venda Kai, 1, 30,2015-10-11
Snake Guard / Pudalai, 1, 14,2015-10-11
Bitter Gourd / Pakar kai, 1, 26,2015-10-11
Bottle gourd / Sura kai, 1, 8,2015-10-11
Pumpkin / Pusani kai, 1, 14,2015-10-11
Beans / Avarai Kai, 1, 34,2015-10-11
Cluster Beans / Kothavarai, 1, 16,2015-10-11
Red Chilies / Kundu Milagai, 1, 30,2015-10-11
Small Onion / Chinna Vengayam, 1, 40,2015-10-11
Big Onion / Pallari, 1, 44,2015-10-11
Ginger /  Inji, 1, –,2015-10-11
Potato / Urulai Kelangu, 1, 24,2015-10-11
Radish / Mulangi, 1, 16,2015-10-11
Mango / Maa, 1, –,2015-10-11
Cabbage / Mutta Kose, 1, 20,2015-10-11
Carrot, 1, 36,2015-10-11
Beetroot, 1, 14,2015-10-11
Soya Beans, 1, 80,2015-10-11
Drumstick Beans / Murungai Beans, 1, 36,2015-10-11
Butter beans, 1, –,2015-10-11
Banana nut / Vala kai, 1 piece, 4,2015-10-11
Banana stem / Vala Thandu, 1, 12,2015-10-11
Banana Flower / Vala Poo, 1, 10,2015-10-11
Curry leaves / Karu Vepilai, 1, 20,2015-10-11
Coriander leaves / Malli Ilai, 1, 35,2015-10-11
Mint / Puthina, 1, 30,2015-10-11
Greens Leaves / Keerai Kattu, 1, 12,2015-10-11
Garlic / Poondu, 1, 100,2015-10-11
Button Mushrooms / Button Kaalan, 1, 200,2015-10-11
Papaya / Papali, 1, 20,2015-10-11
Sav Sav, 1, 14,2015-10-11
Sapotta, 1, 24,2015-10-11
