Commodity, Weight in Kg, Price in Rs,Date
Brinjal, 1, 20,2015-03-11
Tomotto ottu, 1, 6,2015-03-11
Ladys Finger, 1, 16,2015-03-11
Snake Guard, 1, 12,2015-03-11
Bitter Gourd, 1, 14,2015-03-11
Bottle gourd, 1, 8,2015-03-11
Pumpkin, 1, 14,2015-03-11
Bean, 1, 20,2015-03-11
Cluster Beans, 1, 16,2015-03-11
Red Chilies, 1, 18,2015-03-11
Onion, 1, 24,2015-03-11
Pallari, 1, 24,2015-03-11
Ginger, 1, –,2015-03-11
Potato, 1, 26,2015-03-11
Radish, 1, 10,2015-03-11
Mango, 1, –,2015-03-11
Cabbage, 1, 18,2015-03-11
Carrot, 1, 30,2015-03-11
Beetroot, 1, 20,2015-03-11
Soybeans, 1, 80,2015-03-11
Drumstick beans, 1, 30,2015-03-11
butter beans, 1, –,2015-03-11
Banana nut, 1 piece, 4,2015-03-11
Banana stem, 1, 10,2015-03-11
Banana Flower, 1, 12,2015-03-11
Curry leaves, 1, 25,2015-03-11
Coriander leaves, 1, 25,2015-03-11
Mint, 1, 20,2015-03-11
Greens Leaves, 1, 12,2015-03-11
Garlic, 1, 120-180,2015-03-11
Button Mushrooms, 1, 194,2015-03-11
Papaya, 1, 20,2015-03-11
SavSav, 1, 16,2015-03-11
Sapotta, 1, 20,2015-03-11
