Commodity, Weight in Kg, Price in Rs,Date
Brinjal / Kathari, 1, 30,2015-11-13
Tomotto ottu / Thakkali Ottu, 1, 46,2015-11-13
Lady’s Finger / Venda Kai, 1, 26,2015-11-13
Snake Guard / Pudalai, 1, 16,2015-11-13
Bitter Gourd / Pakar kai, 1, 28,2015-11-13
Bottle gourd / Sura kai, 1, 8,2015-11-13
Pumpkin / Pusani kai, 1, 20,2015-11-13
Beans / Avarai Kai, 1, 40,2015-11-13
Cluster Beans / Kothavarai, 1, 20,2015-11-13
Red Chilies / Kundu Milagai, 1, 50,2015-11-13
Small Onion / Chinna Vengayam, 1, 54,2015-11-13
Big Onion / Pallari, 1, 40,2015-11-13
Ginger /  Inji, 1, –,2015-11-13
Potato / Urulai Kelangu, 1, 26,2015-11-13
Radish / Mulangi, 1, 20,2015-11-13
Mango / Maa, 1, –,2015-11-13
Cabbage / Mutta Kose, 1, 16,2015-11-13
Carrot, 1, 36,2015-11-13
Beetroot, 1, 16,2015-11-13
Soya Beans, 1, 60,2015-11-13
Drumstick Beans / Murungai Beans, 1, 46,2015-11-13
Butter beans, 1, –,2015-11-13
Banana nut / Vala kai, 1 piece, 4,2015-11-13
Banana stem / Vala Thandu, 1, 12,2015-11-13
Banana Flower / Vala Poo, 1, 10,2015-11-13
Curry leaves / Karu Vepilai, 1, 20,2015-11-13
Coriander leaves / Malli Ilai, 1, 30,2015-11-13
Mint / Puthina, 1, 25,2015-11-13
Greens Leaves / Keerai Kattu, 1, 12,2015-11-13
Garlic / Poondu, 1, 100,2015-11-13
Button Mushrooms / Button Kaalan, 1, 200,2015-11-13
Papaya / Papali, 1, 20,2015-11-13
Sav Sav, 1, 16,2015-11-13
Sapotta, 1, 20,2015-11-13
