Commodity, Weight in Kg, Price in Rs,Date
Brinjal, 1, 25,2015-09-11
Tomotto ottu, 1, 8,2015-09-11
Ladys Finger, 1, 16,2015-09-11
Snake Guard, 1, 14,2015-09-11
Bitter Gourd, 1, 24,2015-09-11
Bottle gourd, 1, 8,2015-09-11
Pumpkin, 1, 16,2015-09-11
Bean, 1, 26,2015-09-11
Cluster Beans, 1, 10,2015-09-11
Red Chilies, 1, 24,2015-09-11
Onion, 1, 28,2015-09-11
Pallari, 1, 50,2015-09-11
Ginger, 1, –,2015-09-11
Potato, 1, 24,2015-09-11
Radish, 1, 8,2015-09-11
Mango, 1, –,2015-09-11
Cabbage, 1, 20,2015-09-11
Carrot, 1, 30,2015-09-11
Beetroot, 1, 24,2015-09-11
Soybeans, 1, 80,2015-09-11
Drumstick beans, 1, 36,2015-09-11
butter beans, 1, –,2015-09-11
Banana nut, 1 piece, 4,2015-09-11
Banana stem, 1, 10,2015-09-11
Banana Flower, 1, 10,2015-09-11
Curry leaves, 1, 20,2015-09-11
Coriander leaves, 1, 25,2015-09-11
Mint, 1, 30,2015-09-11
Greens Leaves, 1, 12,2015-09-11
Garlic, 1, 100,2015-09-11
Button Mushrooms, 1, 180,2015-09-11
Papaya, 1, 20,2015-09-11
SavSav, 1, 16,2015-09-11
Sapotta, 1, 20,2015-09-11
