Commodity, Weight in Kg, Price in Rs,Date
Brinjal, 1, 15,2015-05-13
Tomotto ottu, 1, 24,2015-05-13
Ladys Finger, 1, 18,2015-05-13
Snake Guard, 1, 18,2015-05-13
Bitter Gourd, 1, 30,2015-05-13
Bottle gourd, 1, 6,2015-05-13
Pumpkin, 1, 16,2015-05-13
Bean, 1, 50,2015-05-13
Cluster Beans, 1, 18,2015-05-13
Red Chilies, 1, 16,2015-05-13
Onion, 1, 28,2015-05-13
Pallari, 1, 24,2015-05-13
Ginger, 1, –,2015-05-13
Potato, 1, 22,2015-05-13
Radish, 1, 18,2015-05-13
Mango, 1, –,2015-05-13
Cabbage, 1, 20,2015-05-13
Carrot, 1, 30,2015-05-13
Beetroot, 1, 20,2015-05-13
Soybeans, 1, 90,2015-05-13
Drumstick beans, 1, 60,2015-05-13
butter beans, 1, –,2015-05-13
Banana nut, 1 piece, 5,2015-05-13
Banana stem, 1, 8,2015-05-13
Banana Flower, 1, 12,2015-05-13
Curry leaves, 1, 30,2015-05-13
Coriander leaves, 1, 40,2015-05-13
Mint, 1, 20,2015-05-13
Greens Leaves, 1, 12,2015-05-13
Garlic, 1, 80,2015-05-13
Button Mushrooms, 1, 180,2015-05-13
Papaya, 1, 20,2015-05-13
SavSav, 1, 26,2015-05-13
Sapotta, 1, 20,2015-05-13
