Commodity, Weight in Kg, Price in Rs,Date
Brinjal / Kathari, 1, 30,2015-10-14
Tomotto ottu / Thakkali Ottu, 1, 26,2015-10-14
Lady’s Finger / Venda Kai, 1, 30,2015-10-14
Snake Guard / Pudalai, 1, 14,2015-10-14
Bitter Gourd / Pakar kai, 1, 26,2015-10-14
Bottle gourd / Sura kai, 1, 10,2015-10-14
Pumpkin / Pusani kai, 1, 14,2015-10-14
Beans / Avarai Kai, 1, 36,2015-10-14
Cluster Beans / Kothavarai, 1, 16,2015-10-14
Red Chilies / Kundu Milagai, 1, 30,2015-10-14
Small Onion / Chinna Vengayam, 1, 44,2015-10-14
Big Onion / Pallari, 1, 46,2015-10-14
Ginger /  Inji, 1, –,2015-10-14
Potato / Urulai Kelangu, 1, 24,2015-10-14
Radish / Mulangi, 1, 16,2015-10-14
Mango / Maa, 1, –,2015-10-14
Cabbage / Mutta Kose, 1, 18,2015-10-14
Carrot, 1, 36,2015-10-14
Beetroot, 1, 14,2015-10-14
Soya Beans, 1, 70,2015-10-14
Drumstick Beans / Murungai Beans, 1, 44,2015-10-14
Butter beans, 1, –,2015-10-14
Banana nut / Vala kai, 1 piece, 4,2015-10-14
Banana stem / Vala Thandu, 1, 10,2015-10-14
Banana Flower / Vala Poo, 1, 12,2015-10-14
Curry leaves / Karu Vepilai, 1, 20,2015-10-14
Coriander leaves / Malli Ilai, 1, 40,2015-10-14
Mint / Puthina, 1, 30,2015-10-14
Greens Leaves / Keerai Kattu, 1, 12,2015-10-14
Garlic / Poondu, 1, 100,2015-10-14
Button Mushrooms / Button Kaalan, 1, 200,2015-10-14
Papaya / Papali, 1, 20,2015-10-14
Sav Sav, 1, 14,2015-10-14
Sapotta, 1, 24,2015-10-14
