Commodity, Weight in Kg, Price in Rs,Date
Brinjal, 1, 14,2015-04-14
Tomotto ottu, 1, 12,2015-04-14
Ladys Finger, 1, 30,2015-04-14
Snake Guard, 1, 16,2015-04-14
Bitter Gourd, 1, 20,2015-04-14
Bottle gourd, 1, 8,2015-04-14
Pumpkin, 1, 14,2015-04-14
Bean, 1, 40,2015-04-14
Cluster Beans, 1, 20,2015-04-14
Red Chilies, 1, 18,2015-04-14
Onion, 1, 16,2015-04-14
Pallari, 1, 20,2015-04-14
Ginger, 1, –,2015-04-14
Potato, 1, 20,2015-04-14
Radish, 1, 16,2015-04-14
Mango, 1, –,2015-04-14
Cabbage, 1, 14,2015-04-14
Carrot, 1, 30,2015-04-14
Beetroot, 1, 14,2015-04-14
Soybeans, 1, 90,2015-04-14
Drumstick beans, 1, 54,2015-04-14
butter beans, 1, –,2015-04-14
Banana nut, 1 piece, 5,2015-04-14
Banana stem, 1, 10,2015-04-14
Banana Flower, 1, 12,2015-04-14
Curry leaves, 1, 25,2015-04-14
Coriander leaves, 1, 20,2015-04-14
Mint, 1, 15,2015-04-14
Greens Leaves, 1, 12,2015-04-14
Garlic, 1, 100,2015-04-14
Button Mushrooms, 1, 194,2015-04-14
Papaya, 1, 20,2015-04-14
SavSav, 1, 20,2015-04-14
Sapotta, 1, 20,2015-04-14
