Commodity, Weight in Kg, Price in Rs,Date
Brinjal, 1, 36,2015-06-12
Tomotto ottu, 1, 26,2015-06-12
Ladys Finger, 1, 22,2015-06-12
Snake Guard, 1, 20,2015-06-12
Bitter Gourd, 1, 32,2015-06-12
Bottle gourd, 1, 10,2015-06-12
Pumpkin, 1, 16,2015-06-12
Bean, 1, 60,2015-06-12
Cluster Beans, 1, 20,2015-06-12
Red Chilies, 1, 30,2015-06-12
Onion, 1, 46,2015-06-12
Pallari, 1, 32,2015-06-12
Ginger, 1, –,2015-06-12
Potato, 1, 20,2015-06-12
Radish, 1, 20,2015-06-12
Mango, 1, –,2015-06-12
Cabbage, 1, 26,2015-06-12
Carrot, 1, 40,2015-06-12
Beetroot, 1, 44,2015-06-12
Soybeans, 1, 100,2015-06-12
Drumstick beans, 1, 60,2015-06-12
butter beans, 1, –,2015-06-12
Banana nut, 1 piece, 5,2015-06-12
Banana stem, 1, 10,2015-06-12
Banana Flower, 1, 12,2015-06-12
Curry leaves, 1, 20,2015-06-12
Coriander leaves, 1, 40,2015-06-12
Mint, 1, 30,2015-06-12
Greens Leaves, 1, 12,2015-06-12
Garlic, 1, 100,2015-06-12
Button Mushrooms, 1, 200,2015-06-12
Papaya, 1, 20,2015-06-12
SavSav, 1, 30,2015-06-12
Sapotta, 1, 20,2015-06-12
