Commodity, Weight in Kg, Price in Rs,Date
Brinjal, 1, 24,2015-02-01
Tomotto ottu, 1, 12,2015-02-01
Ladys Finger, 1, 12,2015-02-01
Snake Guard, 1, 10,2015-02-01
Bitter Gourd, 1, 16,2015-02-01
Bottle gourd, 1, 8,2015-02-01
Pumpkin, 1, 14,2015-02-01
Bean, 1, 18,2015-02-01
Cluster Beans, 1, 20,2015-02-01
Red Chilies, 1, 24,2015-02-01
Onion, 1, 32,2015-02-01
Pallari, 1, 26,2015-02-01
Ginger, 1, –,2015-02-01
Potato, 1, 24,2015-02-01
Radish, 1, 8,2015-02-01
Mango, 1, –,2015-02-01
Cabbage, 1, 24,2015-02-01
Carrot, 1, 34,2015-02-01
Beetroot, 1, 20,2015-02-01
Soybeans, 1, 80,2015-02-01
Drumstick beans, 1, 20,2015-02-01
butter beans, 1, –,2015-02-01
Banana nut, 1 piece, 4,2015-02-01
Banana stem, 1, 8,2015-02-01
Banana Flower, 1, 6,2015-02-01
Curry leaves, 1, 25,2015-02-01
Coriander leaves, 1, 15,2015-02-01
Mint, 1, 20,2015-02-01
Greens Leaves, 1, 10,2015-02-01
Garlic, 1, 80-200,2015-02-01
Button Mushrooms, 1, 180,2015-02-01
Papaya, 1, 20,2015-02-01
SavSav, 1, 20,2015-02-01
Sapotta, 1, 24,2015-02-01
