Commodity, Weight in Kg, Price in Rs,Date
Brinjal, 1, 46,2014-09-07
Tomotto ottu, 1, 20,2014-09-07
Ladys Finger, 1, 26,2014-09-07
Snake Guard, 1, 16,2014-09-07
Bitter Gourd, 1, 30,2014-09-07
Bottle gourd, 1, 12,2014-09-07
Pumpkin, 1, 16,2014-09-07
Bean, 1, 38,2014-09-07
Cluster Beans, 1, 18,2014-09-07
Red Chilies, 1, 28,2014-09-07
Onion, 1, 30,2014-09-07
Pallari, 1, 30,2014-09-07
Ginger, 1, 80,2014-09-07
Potato, 1, 44,2014-09-07
Radish, 1, 14,2014-09-07
Mango, 1, –,2014-09-07
Cabbage, 1, 20,2014-09-07
Carrot, 1, 40,2014-09-07
Beetroot, 1, 26,2014-09-07
Soybeans, 1, 90,2014-09-07
Drumstick beans, 1, 56,2014-09-07
butter beans, 1, –,2014-09-07
Banana nut, 1 piece, 4,2014-09-07
Banana stem, 1, 10,2014-09-07
Banana Flower, 1, 6,2014-09-07
Curry leaves, 1, 15,2014-09-07
Coriander leaves, 1, 25,2014-09-07
Mint, 1, 30,2014-09-07
Greens Leaves, 1, 8,2014-09-07
Garlic, 1, 100-160,2014-09-07
Button Mushrooms, 1, 180,2014-09-07
Papaya, 1, 20,2014-09-07
SavSav, 1, 26,2014-09-07
