Commodity, Weight in Kg, Price in Rs,Date
Brinjal, 1, 34,2014-07-29
Tomotto ottu, 1, 46,2014-07-29
Ladys Finger, 1, 30,2014-07-29
Snake Guard, 1, 28,2014-07-29
Bitter Gourd, 1, 44,2014-07-29
Bottle gourd, 1, 16,2014-07-29
Pumpkin, 1, 20,2014-07-29
Bean, 1, 60,2014-07-29
Cluster Beans, 1, 28,2014-07-29
Red Chilies, 1, 46,2014-07-29
Onion, 1, 36,2014-07-29
Pallari, 1, 36,2014-07-29
Ginger, 1, 100,2014-07-29
Potato, 1, 34,2014-07-29
Radish, 1, 24,2014-07-29
Mango, 1, 20,2014-07-29
Cabbage, 1, 26,2014-07-29
Carrot, 1, 50,2014-07-29
Beetroot, 1, 50,2014-07-29
Soybeans, 1, 70,2014-07-29
Drumstick beans, 1, 58,2014-07-29
butter beans, 1, –,2014-07-29
Banana nut, 1 piece, 4,2014-07-29
Banana stem, 1, 10,2014-07-29
Banana Flower, 1, 10,2014-07-29
Curry leaves, 1, 20,2014-07-29
Coriander leaves, 1, 30,2014-07-29
Mint, 1, 25,2014-07-29
Greens Leaves, 1, 10,2014-07-29
Garlic, 1, 70-130,2014-07-29
Button Mushrooms, 1, 196,2014-07-29
Papaya, 1, 20,2014-07-29
SavSav, 1, 30,2014-07-29
