Commodity, Weight in Kg, Price in Rs,Date
Brinjal, 1, 60,2014-07-30
Tomotto ottu, 1, 18,2014-07-30
LadyFinger, 1, 34,2014-07-30
SnakeGuard, 1, 24,2014-07-30
BitterGourd, 1, 40,2014-07-30
Bottlegourd, 1, 14,2014-07-30
Pumpkin, 1, 16,2014-07-30
Bean, 1, 50,2014-07-30
ClusterBeans, 1, 24,2014-07-30
Red Chillies, 1, 50,2014-07-30
Onion, 1, 24,2014-07-30
Pallari, 1, 30,2014-07-30
Ginger, 1, 120,2014-07-30
Potato, 1, 36,2014-07-30
Radish, 1, 24,2014-07-30
Mango, 1, 16,2014-07-30
Cabbage, 1, 28,2014-07-30
Carrot, 1, 46,2014-07-30
Beetroot, 1, 36,2014-07-30
Soybeans, 1, 100,2014-07-30
Drumstickbeans, 1, 74,2014-07-30
butterbeans, 1, –,2014-07-30
Banana nut, 1 piece, 4,2014-07-30
Banana stem, 1, 8,2014-07-30
BananaFlower, 1, 6,2014-07-30
Curry leaves, 1, 20,2014-07-30
Coriander leaves, 1, 80,2014-07-30
Mint, 1, 25,2014-07-30
GreensLeaves, 1, 10,2014-07-30
Garlic, 1, 70-140,2014-07-30
ButtonMushrooms, 1, 180,2014-07-30
Papaya, 1, 20,2014-07-30
SavSav, 1, 40,2014-07-30
