Commodity, Weight in Kg, Price in Rs,Date
Brinjal, 1, 54,2014-07-07
Tomotto ottu, 1, 30,2014-07-07
LadyFinger, 1, 38,2014-07-07
SnakeGuard, 1, 26,2014-07-07
BitterGourd, 1, 44,2014-07-07
Bottlegourd, 1, 14,2014-07-07
Pumpkin, 1, 18,2014-07-07
Bean, 1, 60,2014-07-07
ClusterBeans, 1, 26,2014-07-07
Red Chillies, 1, 50,2014-07-07
Onion, 1, 24,2014-07-07
Pallari, 1, 32,2014-07-07
Ginger, 1, 130,2014-07-07
Potato, 1, 36,2014-07-07
Radish, 1, 30,2014-07-07
Mango, 1, 16,2014-07-07
Cabbage, 1, 28,2014-07-07
Carrot, 1, 50,2014-07-07
Beetroot, 1, 48,2014-07-07
Soybeans, 1, 100,2014-07-07
Drumstickbeans, 1, 58,2014-07-07
butterbeans, 1, –,2014-07-07
Banana nut, 1 piece, 4,2014-07-07
Banana stem, 1, 8,2014-07-07
BananaFlower, 1, 8,2014-07-07
Curry leaves, 1, 20,2014-07-07
Coriander leaves, 1, 60,2014-07-07
Mint, 1, 30,2014-07-07
GreensLeaves, 1, 12,2014-07-07
Garlic, 1, 120-140,2014-07-07
ButtonMushrooms, 1, 196,2014-07-07
Papaya, 1, 24,2014-07-07
SavSav, 1, 40,2014-07-07
