Commodity, Weight in Kg, Price in Rs,Date
Brinjal, 1, 38,2014-10-08
Tomotto ottu, 1, 10,2014-10-08
Ladys Finger, 1, 18,2014-10-08
Snake Guard, 1, 16,2014-10-08
Bitter Gourd, 1, 22,2014-10-08
Bottle gourd, 1, 8,2014-10-08
Pumpkin, 1, 16,2014-10-08
Bean, 1, 46,2014-10-08
Cluster Beans, 1, 16,2014-10-08
Red Chilies, 1, 34,2014-10-08
Onion, 1, 28,2014-10-08
Pallari, 1, 24,2014-10-08
Ginger, 1, –,2014-10-08
Potato, 1, 40,2014-10-08
Radish, 1, 16,2014-10-08
Mango, 1, –,2014-10-08
Cabbage, 1, 18,2014-10-08
Carrot, 1, 36,2014-10-08
Beetroot, 1, 24,2014-10-08
Soybeans, 1, 74,2014-10-08
Drumstick beans, 1, 34,2014-10-08
butter beans, 1, –,2014-10-08
Banana nut, 1 piece, 4,2014-10-08
Banana stem, 1, 8,2014-10-08
Banana Flower, 1, 10,2014-10-08
Curry leaves, 1, 15,2014-10-08
Coriander leaves, 1, 30,2014-10-08
Mint, 1, 30,2014-10-08
Greens Leaves, 1, 10,2014-10-08
Garlic, 1, 120-140,2014-10-08
Button Mushrooms, 1, 196,2014-10-08
Papaya, 1, 20,2014-10-08
SavSav, 1, 16,2014-10-08
