Commodity, Weight in Kg, Price in Rs,Date
Brinjal, 1, 36,2014-08-28
Tomotto ottu, 1, 24,2014-08-28
Ladys Finger, 1, 18,2014-08-28
Snake Guard, 1, 16,2014-08-28
Bitter Gourd, 1, 40,2014-08-28
Bottle gourd, 1, 12,2014-08-28
Pumpkin, 1, 16,2014-08-28
Bean, 1, 26,2014-08-28
Cluster Beans, 1, 22,2014-08-28
Red Chilies, 1, 20,2014-08-28
Onion, 1, 30,2014-08-28
Pallari, 1, 28,2014-08-28
Ginger, 1, 100,2014-08-28
Potato, 1, 40,2014-08-28
Radish, 1, 12,2014-08-28
Mango, 1, –,2014-08-28
Cabbage, 1, 20,2014-08-28
Carrot, 1, 34,2014-08-28
Beetroot, 1, 36,2014-08-28
Soybeans, 1, 70,2014-08-28
Drumstick beans, 1, 54,2014-08-28
butter beans, 1, –,2014-08-28
Banana nut, 1 piece, 4,2014-08-28
Banana stem, 1, 8,2014-08-28
Banana Flower, 1, 8,2014-08-28
Curry leaves, 1, 20,2014-08-28
Coriander leaves, 1, 30,2014-08-28
Mint, 1, 30,2014-08-28
Greens Leaves, 1, 8,2014-08-28
Garlic, 1, 120-140,2014-08-28
Button Mushrooms, 1, 196,2014-08-28
Papaya, 1, 20,2014-08-28
SavSav, 1, 26,2014-08-28
