Commodity, Weight in Kg, Price in Rs,Date
Brinjal/கத்தரிக்காய், 1, 24,2014-02-21
Tomotto ottu/தக்காளி ஒட்டு, 1, 06,2014-02-21
LadyFinger/வெண்டைக்காய், 1, 26,2014-02-21
SnakeGuard/புடலங்காய், 1, 16,2014-02-21
BitterGourd/பாகற்காய், 1, 28,2014-02-21
Bottlegourd/சுரைக்காய், 1, 12,2014-02-21
Pumpkin/பூசணிக்காய், 1, 14,2014-02-21
Bean/அவரை, 1, 24,2014-02-21
ClusterBeans/கொத்தவரை, 1, 20,2014-02-21
Red Chillies/குண்டு மிளகாய், 1, 26,2014-02-21
Onion/வெங்காயம், 1, 20,2014-02-21
Pallari/பல்லாரி, 1, 14,2014-02-21
Ginger/இஞ்சி, 1, 90,2014-02-21
Potato/உருளைக்கிழங்கு, 1, 24,2014-02-21
Radish/முள்ளங்கி, 1, 16,2014-02-21
Mango/மாங்காய், 1, 60,2014-02-21
Cabbage/முட்டைக்கோஸ், 1, 12,2014-02-21
Carrot/கேரட், 1, 14,2014-02-21
Beetroot/பீட்ரூட், 1, 18,2014-02-21
Soybeans/சோயாபீன்ஸ், 1, 60,2014-02-21
Drumstickbeans/முருங்கைபீன்ஸ், 1, 36,2014-02-21
butterbeans/பட்டர்பீன்ஸ், 1, 70,2014-02-21
Banana nut/வாழைக்காய், 1 piece, 04,2014-02-21
Banana stem/வாழைத்தண்டு, 1, 08,2014-02-21
BananaFlower/வாழைப்பூ, 1, 06,2014-02-21
Curry leaves/கருவேப்பிலை, 1, 30,2014-02-21
Coriander leaves/மல்லி இலை, 1, 20,2014-02-21
Mint/புதினா, 1, 25,2014-02-21
GreensLeaves/கீரைக்கட்டு, 1, 08,2014-02-21
Garlic/பூண்டு, 1, 80-140,2014-02-21
ButtonMushrooms/ பட்டன்காளான், 1, 180,2014-02-21
Papaya/ பப்பாளிப்பழம், 1, 20,2014-02-21
SavSav/ சவ்சவ், 1, 14,2014-02-21
