Commodity, Weight in Kg, Price in Rs,Date
Brinjal, 1, 34,2014-12-31
Tomotto ottu, 1, 16,2014-12-31
Ladys Finger, 1, 26,2014-12-31
Snake Guard, 1, 18,2014-12-31
Bitter Gourd, 1, 30,2014-12-31
Bottle gourd, 1, 8,2014-12-31
Pumpkin, 1, 16,2014-12-31
Bean, 1, 30,2014-12-31
Cluster Beans, 1, 24,2014-12-31
Red Chilies, 1, 30,2014-12-31
Onion, 1, 26,2014-12-31
Pallari, 1, 32,2014-12-31
Ginger, 1, –,2014-12-31
Potato, 1, 30,2014-12-31
Radish, 1, 18,2014-12-31
Mango, 1, –,2014-12-31
Cabbage, 1, 24,2014-12-31
Carrot, 1, 26,2014-12-31
Beetroot, 1, 34,2014-12-31
Soybeans, 1, 80,2014-12-31
Drumstick beans, 1, 44,2014-12-31
butter beans, 1, –,2014-12-31
Banana nut, 1 piece, 4,2014-12-31
Banana stem, 1, 6,2014-12-31
Banana Flower, 1, 12,2014-12-31
Curry leaves, 1, 15,2014-12-31
Coriander leaves, 1, 25,2014-12-31
Mint, 1, 20,2014-12-31
Greens Leaves, 1, 10,2014-12-31
Garlic, 1, 120-150,2014-12-31
Button Mushrooms, 1, 196,2014-12-31
Papaya, 1, 20,2014-12-31
SavSav, 1, 24,2014-12-31
Sapotta, 1, 20,2014-12-31
