Commodity, Weight in Kg, Price in Rs,Date
Brinjal, 1, 30,2014-05-07
Tomotto ottu, 1, 12,2014-05-07
LadyFinger, 1, 24,2014-05-07
SnakeGuard, 1, 30,2014-05-07
BitterGourd, 1, 34,2014-05-07
Bottlegourd, 1, 12,2014-05-07
Pumpkin, 1, 16,2014-05-07
Bean, 1, 50,2014-05-07
ClusterBeans, 1, 18,2014-05-07
Red Chillies, 1, 60,2014-05-07
Onion, 1, 24,2014-05-07
Pallari, 1, 20,2014-05-07
Ginger, 1, 130,2014-05-07
Potato, 1, 28,2014-05-07
Radish, 1, 16,2014-05-07
Mango, 1, 16,2014-05-07
Cabbage, 1, 16,2014-05-07
Carrot, 1, 30,2014-05-07
Beetroot, 1, 26,2014-05-07
Soybeans, 1, 110,2014-05-07
Drumstickbeans, 1, 36,2014-05-07
butterbeans, 1, –,2014-05-07
Banana nut, 1 piece, 03,2014-05-07
Banana stem, 1, 08,2014-05-07
BananaFlower, 1, 08,2014-05-07
Curry leaves, 1, 30,2014-05-07
Coriander leaves, 1, 40,2014-05-07
Mint, 1, 30,2014-05-07
GreensLeaves, 1, 10,2014-05-07
Garlic, 1, 100-120,2014-05-07
ButtonMushrooms, 1, 186,2014-05-07
Papaya, 1, 26,2014-05-07
SavSav, 1, 34,2014-05-07
