Commodity, Weight in Kg, Price in Rs,Date
Brinjal, 1, 30,2014-05-08
Tomotto ottu, 1, 12,2014-05-08
LadyFinger, 1, 24,2014-05-08
SnakeGuard, 1, 30,2014-05-08
BitterGourd, 1, 34,2014-05-08
Bottlegourd, 1, 12,2014-05-08
Pumpkin, 1, 16,2014-05-08
Bean, 1, 50,2014-05-08
ClusterBeans, 1, 18,2014-05-08
Red Chillies, 1, 60,2014-05-08
Onion, 1, 24,2014-05-08
Pallari, 1, 20,2014-05-08
Ginger, 1, 130,2014-05-08
Potato, 1, 28,2014-05-08
Radish, 1, 16,2014-05-08
Mango, 1, 16,2014-05-08
Cabbage, 1, 16,2014-05-08
Carrot, 1, 30,2014-05-08
Beetroot, 1, 26,2014-05-08
Soybeans, 1, 110,2014-05-08
Drumstickbeans, 1, 36,2014-05-08
butterbeans, 1, –,2014-05-08
Banana nut, 1 piece, 03,2014-05-08
Banana stem, 1, 08,2014-05-08
BananaFlower, 1, 08,2014-05-08
Curry leaves, 1, 30,2014-05-08
Coriander leaves, 1, 40,2014-05-08
Mint, 1, 30,2014-05-08
GreensLeaves, 1, 10,2014-05-08
Garlic, 1, 100-120,2014-05-08
ButtonMushrooms, 1, 186,2014-05-08
Papaya, 1, 26,2014-05-08
SavSav, 1, 34,2014-05-08
