Commodity, Weight in Kg, Price in Rs,Date
Brinjal, 1, 24,2014-04-29
Tomotto ottu, 1, 14,2014-04-29
LadyFinger, 1, 24,2014-04-29
SnakeGuard, 1, 32,2014-04-29
BitterGourd, 1, 36,2014-04-29
Bottlegourd, 1, 12,2014-04-29
Pumpkin, 1, 16,2014-04-29
Bean, 1, 44,2014-04-29
ClusterBeans, 1, 24,2014-04-29
Red Chillies, 1, 64,2014-04-29
Onion, 1, 22,2014-04-29
Pallari, 1, 18,2014-04-29
Ginger, 1, 130,2014-04-29
Potato, 1, 30,2014-04-29
Radish, 1, 14,2014-04-29
Mango, 1, 24,2014-04-29
Cabbage, 1, 12,2014-04-29
Carrot, 1, 28,2014-04-29
Beetroot, 1, 24,2014-04-29
Soybeans, 1, 96,2014-04-29
Drumstickbeans, 1, 54,2014-04-29
butterbeans, 1, –,2014-04-29
Banana nut, 1 piece, 03,2014-04-29
Banana stem, 1, 08,2014-04-29
BananaFlower, 1, 08,2014-04-29
Curry leaves, 1, 40,2014-04-29
Coriander leaves, 1, 35,2014-04-29
Mint, 1, 30,2014-04-29
GreensLeaves, 1, 8,2014-04-29
Garlic, 1, 100-120,2014-04-29
ButtonMushrooms, 1, 190,2014-04-29
Papaya, 1, 24,2014-04-29
SavSav, 1, 32,2014-04-29
