Commodity, Weight in Kg, Price in Rs,Date
Brinjal, 1, 34,2014-08-07
Tomotto ottu, 1, 40,2014-08-07
Ladys Finger, 1, 34,2014-08-07
Snake Guard, 1, 24,2014-08-07
Bitter Gourd, 1, 40,2014-08-07
Bottle gourd, 1, 16,2014-08-07
Pumpkin, 1, 20,2014-08-07
Bean, 1, 40,2014-08-07
Cluster Beans, 1, 20,2014-08-07
Red Chilies, 1, 50,2014-08-07
Onion, 1, 38,2014-08-07
Pallari, 1, 36,2014-08-07
Ginger, 1, 140,2014-08-07
Potato, 1, 34,2014-08-07
Radish, 1, 24,2014-08-07
Mango, 1, 30,2014-08-07
Cabbage, 1, 24,2014-08-07
Carrot, 1, 54,2014-08-07
Beetroot, 1, 50,2014-08-07
Soybeans, 1, 70,2014-08-07
Drumstick beans, 1, 60,2014-08-07
butter beans, 1, –,2014-08-07
Banana nut, 1 piece, 4,2014-08-07
Banana stem, 1, 8,2014-08-07
Banana Flower, 1, 6,2014-08-07
Curry leaves, 1, 20,2014-08-07
Coriander leaves, 1, 20,2014-08-07
Mint, 1, 30,2014-08-07
Greens Leaves, 1, 10,2014-08-07
Garlic, 1, 100-130,2014-08-07
Button Mushrooms, 1, 180,2014-08-07
Papaya, 1, 26,2014-08-07
SavSav, 1, 26,2014-08-07
