Commodity, Weight in Kg, Price in Rs,Date
Brinjal, 1, 18,2014-06-05
Tomotto ottu, 1, 14,2014-06-05
LadyFinger, 1, 24,2014-06-05
SnakeGuard, 1, 32,2014-06-05
BitterGourd, 1, 30,2014-06-05
Bottlegourd, 1, 10,2014-06-05
Pumpkin, 1, 14,2014-06-05
Bean, 1, 64,2014-06-05
ClusterBeans, 1, 20,2014-06-05
Red Chillies, 1, 30,2014-06-05
Onion, 1, 24,2014-06-05
Pallari, 1, 22,2014-06-05
Ginger, 1, 110,2014-06-05
Potato, 1, 28,2014-06-05
Radish, 1, 18,2014-06-05
Mango, 1, 16,2014-06-05
Cabbage, 1, 18,2014-06-05
Carrot, 1, 34,2014-06-05
Beetroot, 1, 26,2014-06-05
Soybeans, 1, 110,2014-06-05
Drumstickbeans, 1, 54,2014-06-05
butterbeans, 1, –,2014-06-05
Banana nut, 1 piece, 04,2014-06-05
Banana stem, 1, 8,2014-06-05
BananaFlower, 1, 10,2014-06-05
Curry leaves, 1, 30,2014-06-05
Coriander leaves, 1, 40,2014-06-05
Mint, 1, 30,2014-06-05
GreensLeaves, 1, 10,2014-06-05
Garlic, 1, 80-120,2014-06-05
ButtonMushrooms, 1, 188,2014-06-05
Papaya, 1, 20,2014-06-05
SavSav, 1, 38,2014-06-05
