Commodity, Weight in Kg, Price in Rs,Date
Brinjal, 1, 40,2014-12-12
Tomotto ottu, 1, 20,2014-12-12
Ladys Finger, 1, 26,2014-12-12
Snake Guard, 1, 28,2014-12-12
Bitter Gourd, 1, 38,2014-12-12
Bottle gourd, 1, 10,2014-12-12
Pumpkin, 1, 20,2014-12-12
Bean, 1, 40,2014-12-12
Cluster Beans, 1, 20,2014-12-12
Red Chilies, 1, 40,2014-12-12
Onion, 1, 40,2014-12-12
Pallari, 1, 28,2014-12-12
Ginger, 1, –,2014-12-12
Potato, 1, 38,2014-12-12
Radish, 1, 30,2014-12-12
Mango, 1, –,2014-12-12
Cabbage, 1, 26,2014-12-12
Carrot, 1, 40,2014-12-12
Beetroot, 1, 40,2014-12-12
Soybeans, 1, 90,2014-12-12
Drumstick beans, 1, 40,2014-12-12
butter beans, 1, –,2014-12-12
Banana nut, 1 piece, 5,2014-12-12
Banana stem, 1, 12,2014-12-12
Banana Flower, 1, 12,2014-12-12
Curry leaves, 1, 20,2014-12-12
Coriander leaves, 1, 30,2014-12-12
Mint, 1, 30,2014-12-12
Greens Leaves, 1, 10,2014-12-12
Garlic, 1, 80-190,2014-12-12
Button Mushrooms, 1, 196,2014-12-12
Papaya, 1, 20,2014-12-12
SavSav, 1, 28,2014-12-12
