Commodity, Weight in Kg, Price in Rs,Date
Brinjal/கத்தரிக்காய், 1, 34,2014-01-31
Tomotto ottu/தக்காளி ஒட்டு, 1, 06,2014-01-31
LadyFinger/வெண்டைக்காய், 1, 36,2014-01-31
SnakeGuard/புடலங்காய், 1, 16,2014-01-31
BitterGourd/பாகற்காய், 1, 24,2014-01-31
Bottlegourd/சுரைக்காய், 1, 14,2014-01-31
Pumpkin/பூசணிக்காய், 1, 16,2014-01-31
Bean/அவரை, 1, 26,2014-01-31
ClusterBeans/கொத்தவரை, 1, 20,2014-01-31
Red Chillies/குண்டு மிளகாய், 1, 20,2014-01-31
Onion/வெங்காயம், 1, 20,2014-01-31
Pallari/பல்லாரி, 1, 20,2014-01-31
Ginger/இஞ்சி, 1, 100,2014-01-31
Potato/உருளைக்கிழங்கு, 1, 28,2014-01-31
Radish/முள்ளங்கி, 1, 16,2014-01-31
Mango/மாங்காய், 1, 40,2014-01-31
Cabbage/முட்டைக்கோஸ், 1, 14,2014-01-31
Carrot/கேரட், 1, 20,2014-01-31
Beetroot/பீட்ரூட், 1, 20,2014-01-31
Soybeans/சோயாபீன்ஸ், 1, 70,2014-01-31
Drumstickbeans/முருங்கைபீன்ஸ், 1, 36,2014-01-31
butterbeans/பட்டர்பீன்ஸ், 1, 65,2014-01-31
Banana nut/வாழைக்காய், 1 piece, 03,2014-01-31
Banana stem/வாழைத்தண்டு, 1, 10,2014-01-31
BananaFlower/வாழைப்பூ, 1, 10,2014-01-31
Curry leaves/கருவேப்பிலை, 1, 35,2014-01-31
Coriander leaves/மல்லி இலை, 1, 30,2014-01-31
Mint/புதினா, 1, 30,2014-01-31
GreensLeaves/கீரைக்கட்டு, 1, 10,2014-01-31
Garlic/பூண்டு, 1, 80-160,2014-01-31
ButtonMushrooms/ பட்டன்காளான், 1, 250,2014-01-31
Papaya/ பப்பாளிப்பழம், 1, 24,2014-01-31
SavSav/ சவ்சவ், 1, 14,2014-01-31
