Commodity, Weight in Kg, Price in Rs,Date
Brinjal, 1, 44,2014-10-17
Tomotto ottu, 1, 10,2014-10-17
Ladys Finger, 1, 16,2014-10-17
Snake Guard, 1, 14,2014-10-17
Bitter Gourd, 1, 26,2014-10-17
Bottle gourd, 1, 8,2014-10-17
Pumpkin, 1, 16,2014-10-17
Bean, 1, 50,2014-10-17
Cluster Beans, 1, 16,2014-10-17
Red Chilies, 1, 40,2014-10-17
Onion, 1, 24,2014-10-17
Pallari, 1, 22,2014-10-17
Ginger, 1, –,2014-10-17
Potato, 1, 40,2014-10-17
Radish, 1, 20,2014-10-17
Mango, 1, –,2014-10-17
Cabbage, 1, 14,2014-10-17
Carrot, 1, 34,2014-10-17
Beetroot, 1, 24,2014-10-17
Soybeans, 1, 60,2014-10-17
Drumstick beans, 1, 40,2014-10-17
butter beans, 1, –,2014-10-17
Banana nut, 1 piece, 4,2014-10-17
Banana stem, 1, 8,2014-10-17
Banana Flower, 1, 6,2014-10-17
Curry leaves, 1, 20,2014-10-17
Coriander leaves, 1, 40,2014-10-17
Mint, 1, 30,2014-10-17
Greens Leaves, 1, 10,2014-10-17
Garlic, 1, 100-160,2014-10-17
Button Mushrooms, 1, 180,2014-10-17
Papaya, 1, 20,2014-10-17
SavSav, 1, 24,2014-10-17
