Commodity, Weight in Kg, Price in Rs,Date
Brinjal, 1, 66,2014-11-09
Tomotto ottu, 1, 20,2014-11-09
Ladys Finger, 1, 34,2014-11-09
Snake Guard, 1, 24,2014-11-09
Bitter Gourd, 1, 36,2014-11-09
Bottle gourd, 1, 14,2014-11-09
Pumpkin, 1, 24,2014-11-09
Bean, 1, 66,2014-11-09
Cluster Beans, 1, 20,2014-11-09
Red Chilies, 1, 34,2014-11-09
Onion, 1, 30,2014-11-09
Pallari, 1, 24,2014-11-09
Ginger, 1, –,2014-11-09
Potato, 1, 40,2014-11-09
Radish, 1, 24,2014-11-09
Mango, 1, –,2014-11-09
Cabbage, 1, 24,2014-11-09
Carrot, 1, 50,2014-11-09
Beetroot, 1, 28,2014-11-09
Soybeans, 1, 80,2014-11-09
Drumstick beans, 1, 55,2014-11-09
butter beans, 1, –,2014-11-09
Banana nut, 1 piece, 5,2014-11-09
Banana stem, 1, 10,2014-11-09
Banana Flower, 1, 10,2014-11-09
Curry leaves, 1, 20,2014-11-09
Coriander leaves, 1, 140,2014-11-09
Mint, 1, 80,2014-11-09
Greens Leaves, 1, 12,2014-11-09
Garlic, 1, 120-170,2014-11-09
Button Mushrooms, 1, 180,2014-11-09
Papaya, 1, 24,2014-11-09
SavSav, 1, 36,2014-11-09
