Commodity, Weight in Kg, Price in Rs,Date
Brinjal/கத்தரிக்காய், 1, 32,2014-04-16
Tomotto ottu/தக்காளி ஒட்டு, 1, 16,2014-04-16
LadyFinger/வெண்டைக்காய், 1, 32,2014-04-16
SnakeGuard/புடலங்காய், 1, 24,2014-04-16
BitterGourd/பாகற்காய், 1, 34,2014-04-16
Bottlegourd/சுரைக்காய், 1, 14,2014-04-16
Pumpkin/பூசணிக்காய், 1, 16,2014-04-16
Bean/அவரை, 1, 54,2014-04-16
ClusterBeans/கொத்தவரை, 1, 28,2014-04-16
Red Chillies/குண்டு மிளகாய், 1, 52,2014-04-16
Onion/வெங்காயம், 1, 22,2014-04-16
Pallari/பல்லாரி, 1, 16,2014-04-16
Ginger/இஞ்சி, 1, 130,2014-04-16
Potato/உருளைக்கிழங்கு, 1, 30,2014-04-16
Radish/முள்ளங்கி, 1, 16,2014-04-16
Mango/மாங்காய், 1, 24,2014-04-16
Cabbage/முட்டைக்கோஸ், 1, 14,2014-04-16
Carrot/கேரட், 1, 32,2014-04-16
Beetroot/பீட்ரூட், 1, 20,2014-04-16
Soybeans/சோயாபீன்ஸ், 1, 90,2014-04-16
Drumstickbeans/முருங்கைபீன்ஸ், 1, 60,2014-04-16
butterbeans/பட்டர்பீன்ஸ், 1, –,2014-04-16
Banana nut/வாழைக்காய், 1 piece, 03,2014-04-16
Banana stem/வாழைத்தண்டு, 1, 08,2014-04-16
BananaFlower/வாழைப்பூ, 1, 08,2014-04-16
Curry leaves/கருவேப்பிலை, 1, 30,2014-04-16
Coriander leaves/மல்லி இலை, 1, 35,2014-04-16
Mint/புதினா, 1, 30,2014-04-16
GreensLeaves/கீரைக்கட்டு, 1, 10,2014-04-16
Garlic/பூண்டு, 1, 100-120,2014-04-16
ButtonMushrooms/ பட்டன்காளான், 1, 188,2014-04-16
Papaya/ பப்பாளிப்பழம், 1, 24,2014-04-16
SavSav/ சவ்சவ், 1, 30,2014-04-16
