Commodity, Weight in Kg, Price in Rs,Date
Brinjal, 1, 44,2014-07-21
Tomotto ottu, 1, 48,2014-07-21
Ladys Finger, 1, 30,2014-07-21
Snake Guard, 1, 26,2014-07-21
Bitter Gourd, 1, 40,2014-07-21
Bottle gourd, 1, 14,2014-07-21
Pumpkin, 1, 18,2014-07-21
Bean, 1, 70,2014-07-21
Cluster Beans, 1, 24,2014-07-21
Red Chilies, 1, 64,2014-07-21
Onion, 1, 34,2014-07-21
Pallari, 1, 36,2014-07-21
Ginger, 1, 140,2014-07-21
Potato, 1, 34,2014-07-21
Radish, 1, 24,2014-07-21
Mango, 1, 18,2014-07-21
Cabbage, 1, 24,2014-07-21
Carrot, 1, 56,2014-07-21
Beetroot, 1, 54,2014-07-21
Soybeans, 1, 90,2014-07-21
Drumstick beans, 1, 60,2014-07-21
butter beans, 1, –,2014-07-21
Banana nut, 1 piece, 4,2014-07-21
Banana stem, 1, 8,2014-07-21
Banana Flower, 1, 6,2014-07-21
Curry leaves, 1, 20,2014-07-21
Coriander leaves, 1, 20,2014-07-21
Mint, 1, 20,2014-07-21
Greens Leaves, 1, 10,2014-07-21
Garlic, 1, 70-120,2014-07-21
Button Mushrooms, 1, 180,2014-07-21
Papaya, 1, 20,2014-07-21
SavSav, 1, 34,2014-07-21
