Commodity, Weight in Kg, Price in Rs,Date
Brinjal, 1, 30,2014-12-27
Tomotto ottu, 1, 14,2014-12-27
Ladys Finger, 1, 26,2014-12-27
Snake Guard, 1, 16,2014-12-27
Bitter Gourd, 1, 26,2014-12-27
Bottle gourd, 1, 10,2014-12-27
Pumpkin, 1, 16,2014-12-27
Bean, 1, 20,2014-12-27
Cluster Beans, 1, 16,2014-12-27
Red Chilies, 1, 40,2014-12-27
Onion, 1, 30,2014-12-27
Pallari, 1, 30,2014-12-27
Ginger, 1, –,2014-12-27
Potato, 1, 30,2014-12-27
Radish, 1, 16,2014-12-27
Mango, 1, –,2014-12-27
Cabbage, 1, 24,2014-12-27
Carrot, 1, 26,2014-12-27
Beetroot, 1, 30,2014-12-27
Soybeans, 1, 80,2014-12-27
Drumstick beans, 1, 36,2014-12-27
butter beans, 1, –,2014-12-27
Banana nut, 1 piece, 4,2014-12-27
Banana stem, 1, 10,2014-12-27
Banana Flower, 1, 6,2014-12-27
Curry leaves, 1, 25,2014-12-27
Coriander leaves, 1, 20,2014-12-27
Mint, 1, 25,2014-12-27
Greens Leaves, 1, 10,2014-12-27
Garlic, 1, 80-160,2014-12-27
Button Mushrooms, 1, 180,2014-12-27
Papaya, 1, 20,2014-12-27
SavSav, 1, 26,2014-12-27
Sapotta, 1, 20,2014-12-27
