Commodity, Weight in Kg, Price in Rs,Date
Brinjal, 1, 34,2014-08-30
Tomotto ottu, 1, 38,2014-08-30
Ladys Finger, 1, 24,2014-08-30
Snake Guard, 1, 20,2014-08-30
Bitter Gourd, 1, 40,2014-08-30
Bottle gourd, 1, 20,2014-08-30
Pumpkin, 1, 20,2014-08-30
Bean, 1, 34,2014-08-30
Cluster Beans, 1, 20,2014-08-30
Red Chilies, 1, 50,2014-08-30
Onion, 1, 36,2014-08-30
Pallari, 1, 36,2014-08-30
Ginger, 1, 100,2014-08-30
Potato, 1, 38,2014-08-30
Radish, 1, 24,2014-08-30
Mango, 1, 30,2014-08-30
Cabbage, 1, 24,2014-08-30
Carrot, 1, 55,2014-08-30
Beetroot, 1, 55,2014-08-30
Soybeans, 1, 70,2014-08-30
Drumstick beans, 1, 60,2014-08-30
butter beans, 1, –,2014-08-30
Banana nut, 1 piece, 4,2014-08-30
Banana stem, 1, 8,2014-08-30
Banana Flower, 1, 6,2014-08-30
Curry leaves, 1, 20,2014-08-30
Coriander leaves, 1, 25,2014-08-30
Mint, 1, 25,2014-08-30
Greens Leaves, 1, 12,2014-08-30
Garlic, 1, 120-140,2014-08-30
Button Mushrooms, 1, 180,2014-08-30
Papaya, 1, 20,2014-08-30
SavSav, 1, 30,2014-08-30
