Commodity, Weight in Kg, Price in Rs,Date
Brinjal/கத்தரிக்காய், 1, 44,2014-02-09
Tomotto ottu/தக்காளி ஒட்டு, 1, 06,2014-02-09
LadyFinger/வெண்டைக்காய், 1, 40,2014-02-09
SnakeGuard/புடலங்காய், 1, 20,2014-02-09
BitterGourd/பாகற்காய், 1, 30,2014-02-09
Bottlegourd/சுரைக்காய், 1, 14,2014-02-09
Pumpkin/பூசணிக்காய், 1, 16,2014-02-09
Bean/அவரை, 1, 32,2014-02-09
ClusterBeans/கொத்தவரை, 1, 18,2014-02-09
Red Chillies/குண்டு மிளகாய், 1, 24,2014-02-09
Onion/வெங்காயம், 1, 22,2014-02-09
Pallari/பல்லாரி, 1, 18,2014-02-09
Ginger/இஞ்சி, 1, 100,2014-02-09
Potato/உருளைக்கிழங்கு, 1, 28,2014-02-09
Radish/முள்ளங்கி, 1, 18,2014-02-09
Mango/மாங்காய், 1, 40,2014-02-09
Cabbage/முட்டைக்கோஸ், 1, 16,2014-02-09
Carrot/கேரட், 1, 18,2014-02-09
Beetroot/பீட்ரூட், 1, 20,2014-02-09
Soybeans/சோயாபீன்ஸ், 1, 64,2014-02-09
Drumstickbeans/முருங்கைபீன்ஸ், 1, 40,2014-02-09
butterbeans/பட்டர்பீன்ஸ், 1, 70,2014-02-09
Banana nut/வாழைக்காய், 1 piece, 03,2014-02-09
Banana stem/வாழைத்தண்டு, 1, 08,2014-02-09
BananaFlower/வாழைப்பூ, 1, 08,2014-02-09
Curry leaves/கருவேப்பிலை, 1, 30,2014-02-09
Coriander leaves/மல்லி இலை, 1, 35,2014-02-09
Mint/புதினா, 1, 30,2014-02-09
GreensLeaves/கீரைக்கட்டு, 1, 10,2014-02-09
Garlic/பூண்டு, 1, 100-140,2014-02-09
ButtonMushrooms/ பட்டன்காளான், 1, 188,2014-02-09
Papaya/ பப்பாளிப்பழம், 1, 24,2014-02-09
SavSav/ சவ்சவ், 1, 16,2014-02-09
