Commodity, Weight in Kg, Price in Rs,Date
Brinjal, 1, 50,2014-12-10
Tomotto ottu, 1, 28,2014-12-10
Ladys Finger, 1, 30,2014-12-10
Snake Guard, 1, 36,2014-12-10
Bitter Gourd, 1, 30,2014-12-10
Bottle gourd, 1, 12,2014-12-10
Pumpkin, 1, 20,2014-12-10
Bean, 1, 46,2014-12-10
Cluster Beans, 1, 24,2014-12-10
Red Chilies, 1, 50,2014-12-10
Onion, 1, 40,2014-12-10
Pallari, 1, 28,2014-12-10
Ginger, 1, –,2014-12-10
Potato, 1, 38,2014-12-10
Radish, 1, 30,2014-12-10
Mango, 1, –,2014-12-10
Cabbage, 1, 26,2014-12-10
Carrot, 1, 36,2014-12-10
Beetroot, 1, 40,2014-12-10
Soybeans, 1, 90,2014-12-10
Drumstick beans, 1, 58,2014-12-10
butter beans, 1, –,2014-12-10
Banana nut, 1 piece, 5,2014-12-10
Banana stem, 1, 10,2014-12-10
Banana Flower, 1, 12,2014-12-10
Curry leaves, 1, 30,2014-12-10
Coriander leaves, 1, 30,2014-12-10
Mint, 1, 30,2014-12-10
Greens Leaves, 1, 10,2014-12-10
Garlic, 1, 80-190,2014-12-10
Button Mushrooms, 1, 196,2014-12-10
Papaya, 1, 20,2014-12-10
SavSav, 1, 28,2014-12-10
