Commodity, Weight in Kg, Price in Rs,Date
Brinjal, 1, 48,2014-06-19
Tomotto ottu, 1, 14,2014-06-19
LadyFinger, 1, 28,2014-06-19
SnakeGuard, 1, 26,2014-06-19
BitterGourd, 1, 36,2014-06-19
Bottlegourd, 1, 14,2014-06-19
Pumpkin, 1, 16,2014-06-19
Bean, 1, 70,2014-06-19
ClusterBeans, 1, 24,2014-06-19
Red Chillies, 1, 36,2014-06-19
Onion, 1, 20,2014-06-19
Pallari, 1, 24,2014-06-19
Ginger, 1, 130,2014-06-19
Potato, 1, 30,2014-06-19
Radish, 1, 24,2014-06-19
Mango, 1, 18,2014-06-19
Cabbage, 1, 24,2014-06-19
Carrot, 1, 36,2014-06-19
Beetroot, 1, 32,2014-06-19
Soybeans, 1, 110,2014-06-19
Drumstickbeans, 1, 64,2014-06-19
butterbeans, 1, –,2014-06-19
Banana nut, 1 piece, 3,2014-06-19
Banana stem, 1, 8,2014-06-19
BananaFlower, 1, 6,2014-06-19
Curry leaves, 1, 20,2014-06-19
Coriander leaves, 1, 60,2014-06-19
Mint, 1, 30,2014-06-19
GreensLeaves, 1, 10,2014-06-19
Garlic, 1, 70-140,2014-06-19
ButtonMushrooms, 1, 180,2014-06-19
Papaya, 1, 20,2014-06-19
SavSav, 1, 36,2014-06-19
