Commodity, Weight in Kg, Price in Rs,Date
Brinjal, 1, 48,2014-10-27
Tomotto ottu, 1, 14,2014-10-27
Ladys Finger, 1, 16,2014-10-27
Snake Guard, 1, 14,2014-10-27
Bitter Gourd, 1, 26,2014-10-27
Bottle gourd, 1, 10,2014-10-27
Pumpkin, 1, 16,2014-10-27
Bean, 1, 44,2014-10-27
Cluster Beans, 1, 14,2014-10-27
Red Chilies, 1, 40,2014-10-27
Onion, 1, 34,2014-10-27
Pallari, 1, 24,2014-10-27
Ginger, 1, –,2014-10-27
Potato, 1, 44,2014-10-27
Radish, 1, 24,2014-10-27
Mango, 1, –,2014-10-27
Cabbage, 1, 16,2014-10-27
Carrot, 1, 40,2014-10-27
Beetroot, 1, 26,2014-10-27
Soybeans, 1, 64,2014-10-27
Drumstick beans, 1, 40,2014-10-27
butter beans, 1, –,2014-10-27
Banana nut, 1 piece, 4,2014-10-27
Banana stem, 1, 8,2014-10-27
Banana Flower, 1, 5,2014-10-27
Curry leaves, 1, 20,2014-10-27
Coriander leaves, 1, 50,2014-10-27
Mint, 1, 30,2014-10-27
Greens Leaves, 1, 10,2014-10-27
Garlic, 1, 100-160,2014-10-27
Button Mushrooms, 1, 180,2014-10-27
Papaya, 1, 16,2014-10-27
SavSav, 1, 20,2014-10-27
