Commodity, Weight in Kg, Price in Rs,Date
Brinjal, 1, 42,2014-12-05
Tomotto ottu, 1, 24,2014-12-05
Ladys Finger, 1, 36,2014-12-05
Snake Guard, 1, 26,2014-12-05
Bitter Gourd, 1, 32,2014-12-05
Bottle gourd, 1, 12,2014-12-05
Pumpkin, 1, 20,2014-12-05
Bean, 1, 48,2014-12-05
Cluster Beans, 1, 24,2014-12-05
Red Chilies, 1, 40,2014-12-05
Onion, 1, 32,2014-12-05
Pallari, 1, 28,2014-12-05
Ginger, 1, –,2014-12-05
Potato, 1, 40,2014-12-05
Radish, 1, 36,2014-12-05
Mango, 1, –,2014-12-05
Cabbage, 1, 24,2014-12-05
Carrot, 1, 36,2014-12-05
Beetroot, 1, 34,2014-12-05
Soybeans, 1, 70,2014-12-05
Drumstick beans, 1, 48,2014-12-05
butter beans, 1, –,2014-12-05
Banana nut, 1 piece, 5,2014-12-05
Banana stem, 1, 10,2014-12-05
Banana Flower, 1, 12,2014-12-05
Curry leaves, 1, 30,2014-12-05
Coriander leaves, 1, 30,2014-12-05
Mint, 1, 30,2014-12-05
Greens Leaves, 1, 10,2014-12-05
Garlic, 1, 80-180,2014-12-05
Button Mushrooms, 1, 180,2014-12-05
Papaya, 1, 20,2014-12-05
SavSav, 1, 26,2014-12-05
