Commodity, Weight in Kg, Price in Rs,Date
Brinjal/கத்தரிக்காய், 1, 30,2014-02-26
Tomotto ottu/தக்காளி ஒட்டு, 1, 05,2014-02-26
LadyFinger/வெண்டைக்காய், 1, 26,2014-02-26
SnakeGuard/புடலங்காய், 1, 18,2014-02-26
BitterGourd/பாகற்காய், 1, 28,2014-02-26
Bottlegourd/சுரைக்காய், 1, 10,2014-02-26
Pumpkin/பூசணிக்காய், 1, 12,2014-02-26
Bean/அவரை, 1, 24,2014-02-26
ClusterBeans/கொத்தவரை, 1, 16,2014-02-26
Red Chillies/குண்டு மிளகாய், 1, 24,2014-02-26
Onion/வெங்காயம், 1, 20,2014-02-26
Pallari/பல்லாரி, 1, 14,2014-02-26
Ginger/இஞ்சி, 1, 90,2014-02-26
Potato/உருளைக்கிழங்கு, 1, 24,2014-02-26
Radish/முள்ளங்கி, 1, 16,2014-02-26
Mango/மாங்காய், 1, 48,2014-02-26
Cabbage/முட்டைக்கோஸ், 1, 16,2014-02-26
Carrot/கேரட், 1, 18,2014-02-26
Beetroot/பீட்ரூட், 1, 20,2014-02-26
Soybeans/சோயாபீன்ஸ், 1, 70,2014-02-26
Drumstickbeans/முருங்கைபீன்ஸ், 1, 40,2014-02-26
butterbeans/பட்டர்பீன்ஸ், 1, 70,2014-02-26
Banana nut/வாழைக்காய், 1 piece, 03,2014-02-26
Banana stem/வாழைத்தண்டு, 1, 08,2014-02-26
BananaFlower/வாழைப்பூ, 1, 08,2014-02-26
Curry leaves/கருவேப்பிலை, 1, 25,2014-02-26
Coriander leaves/மல்லி இலை, 1, 20,2014-02-26
Mint/புதினா, 1, 20,2014-02-26
GreensLeaves/கீரைக்கட்டு, 1, 08,2014-02-26
Garlic/பூண்டு, 1, 120-140,2014-02-26
ButtonMushrooms/ பட்டன்காளான், 1, 188,2014-02-26
Papaya/ பப்பாளிப்பழம், 1, 20,2014-02-26
SavSav/ சவ்சவ், 1, 16,2014-02-26
