Commodity, Weight in Kg, Price in Rs,Date
Brinjal, 1, 30,2014-12-20
Tomotto ottu, 1, 8,2014-12-20
Ladys Finger, 1, 20,2014-12-20
Snake Guard, 1, 18,2014-12-20
Bitter Gourd, 1, 24,2014-12-20
Bottle gourd, 1, 10,2014-12-20
Pumpkin, 1, 18,2014-12-20
Bean, 1, 30,2014-12-20
Cluster Beans, 1, 14,2014-12-20
Red Chilies, 1, 36,2014-12-20
Onion, 1, 34,2014-12-20
Pallari, 1, 28,2014-12-20
Ginger, 1, –,2014-12-20
Potato, 1, 36,2014-12-20
Radish, 1, 20,2014-12-20
Mango, 1, –,2014-12-20
Cabbage, 1, 24,2014-12-20
Carrot, 1, 30,2014-12-20
Beetroot, 1, 26,2014-12-20
Soybeans, 1, 80,2014-12-20
Drumstick beans, 1, 36,2014-12-20
butter beans, 1, –,2014-12-20
Banana nut, 1 piece, 4,2014-12-20
Banana stem, 1, 8,2014-12-20
Banana Flower, 1, 6,2014-12-20
Curry leaves, 1, 30,2014-12-20
Coriander leaves, 1, 25,2014-12-20
Mint, 1, 25,2014-12-20
Greens Leaves, 1, 10,2014-12-20
Garlic, 1, 80-180,2014-12-20
Button Mushrooms, 1, 180,2014-12-20
Papaya, 1, 20,2014-12-20
SavSav, 1, 26,2014-12-20
