Commodity, Weight in Kg, Price in Rs,Date
Brinjal, 1, 34,2014-09-30
Tomotto ottu, 1, 16,2014-09-30
Ladys Finger, 1, 16,2014-09-30
Snake Guard, 1, 18,2014-09-30
Bitter Gourd, 1, 28,2014-09-30
Bottle gourd, 1, 8,2014-09-30
Pumpkin, 1, 18,2014-09-30
Bean, 1, 28,2014-09-30
Cluster Beans, 1, 18,2014-09-30
Red Chilies, 1, 28,2014-09-30
Onion, 1, 26,2014-09-30
Pallari, 1, 20,2014-09-30
Ginger, 1, –,2014-09-30
Potato, 1, 40,2014-09-30
Radish, 1, 14,2014-09-30
Mango, 1, –,2014-09-30
Cabbage, 1, 18,2014-09-30
Carrot, 1, 46,2014-09-30
Beetroot, 1, 20,2014-09-30
Soybeans, 1, 70,2014-09-30
Drumstick beans, 1, 34,2014-09-30
butter beans, 1, –,2014-09-30
Banana nut, 1 piece, 3,2014-09-30
Banana stem, 1, 7,2014-09-30
Banana Flower, 1, 8,2014-09-30
Curry leaves, 1, 15,2014-09-30
Coriander leaves, 1, 25,2014-09-30
Mint, 1, 30,2014-09-30
Greens Leaves, 1, 8,2014-09-30
Garlic, 1, 100-160,2014-09-30
Button Mushrooms, 1, 196,2014-09-30
Papaya, 1, 24,2014-09-30
SavSav, 1, 26,2014-09-30
