Commodity, Weight in Kg, Price in Rs,Date
Brinjal, 1, 38,2014-07-31
Tomotto ottu, 1, 42,2014-07-31
Ladys Finger, 1, 24,2014-07-31
Snake Guard, 1, 20,2014-07-31
Bitter Gourd, 1, 40,2014-07-31
Bottle gourd, 1, 14,2014-07-31
Pumpkin, 1, 20,2014-07-31
Bean, 1, 36,2014-07-31
Cluster Beans, 1, 20,2014-07-31
Red Chilies, 1, 36,2014-07-31
Onion, 1, 34,2014-07-31
Pallari, 1, 36,2014-07-31
Ginger, 1, 140,2014-07-31
Potato, 1, 34,2014-07-31
Radish, 1, 20,2014-07-31
Mango, 1, 18,2014-07-31
Cabbage, 1, 24,2014-07-31
Carrot, 1, 48,2014-07-31
Beetroot, 1, 40,2014-07-31
Soybeans, 1, 90,2014-07-31
Drumstick beans, 1, 60,2014-07-31
butter beans, 1, –,2014-07-31
Banana nut, 1 piece, 4,2014-07-31
Banana stem, 1, 8,2014-07-31
Banana Flower, 1, 6,2014-07-31
Curry leaves, 1, 20,2014-07-31
Coriander leaves, 1, 25,2014-07-31
Mint, 1, 25,2014-07-31
Greens Leaves, 1, 10,2014-07-31
Garlic, 1, 70-130,2014-07-31
Button Mushrooms, 1, 180,2014-07-31
Papaya, 1, 20,2014-07-31
SavSav, 1, 36,2014-07-31
