Commodity, Weight in Kg, Price in Rs,Date
Brinjal, 1, 30,2014-10-03
Tomotto ottu, 1, 15,2014-10-03
Ladys Finger, 1, 14,2014-10-03
Snake Guard, 1, 12,2014-10-03
Bitter Gourd, 1, 24,2014-10-03
Bottle gourd, 1, 10,2014-10-03
Pumpkin, 1, 16,2014-10-03
Bean, 1, 30,2014-10-03
Cluster Beans, 1, 12,2014-10-03
Red Chilies, 1, 30,2014-10-03
Onion, 1, 26,2014-10-03
Pallari, 1, 20,2014-10-03
Ginger, 1, –,2014-10-03
Potato, 1, 44,2014-10-03
Radish, 1, 12,2014-10-03
Mango, 1, –,2014-10-03
Cabbage, 1, 20,2014-10-03
Carrot, 1, 46,2014-10-03
Beetroot, 1, 30,2014-10-03
Soybeans, 1, 76,2014-10-03
Drumstick beans, 1, 34,2014-10-03
butter beans, 1, –,2014-10-03
Banana nut, 1 piece, 4,2014-10-03
Banana stem, 1, 8,2014-10-03
Banana Flower, 1, 6,2014-10-03
Curry leaves, 1, 15,2014-10-03
Coriander leaves, 1, 25,2014-10-03
Mint, 1, 35,2014-10-03
Greens Leaves, 1, 10,2014-10-03
Garlic, 1, 100-160,2014-10-03
Button Mushrooms, 1, 196,2014-10-03
Papaya, 1, 24,2014-10-03
SavSav, 1, 26,2014-10-03
