Commodity, Weight in Kg, Price in Rs,Date
Brinjal, 1, 16,2014-06-06
Tomotto ottu, 1, 14,2014-06-06
LadyFinger, 1, 24,2014-06-06
SnakeGuard, 1, 20,2014-06-06
BitterGourd, 1, 34,2014-06-06
Bottlegourd, 1, 12,2014-06-06
Pumpkin, 1, 18,2014-06-06
Bean, 1, 70,2014-06-06
ClusterBeans, 1, 14,2014-06-06
Red Chillies, 1, 30,2014-06-06
Onion, 1, 24,2014-06-06
Pallari, 1, 22,2014-06-06
Ginger, 1, 140,2014-06-06
Potato, 1, 30,2014-06-06
Radish, 1, 16,2014-06-06
Mango, 1, 14,2014-06-06
Cabbage, 1, 24,2014-06-06
Carrot, 1, 40,2014-06-06
Beetroot, 1, 30,2014-06-06
Soybeans, 1, 120,2014-06-06
Drumstickbeans, 1, 54,2014-06-06
butterbeans, 1, –,2014-06-06
Banana nut, 1 piece, 04,2014-06-06
Banana stem, 1, 8,2014-06-06
BananaFlower, 1, 6,2014-06-06
Curry leaves, 1, 40,2014-06-06
Coriander leaves, 1, 40,2014-06-06
Mint, 1, 25,2014-06-06
GreensLeaves, 1, 10,2014-06-06
Garlic, 1, 60-140,2014-06-06
ButtonMushrooms, 1, 180,2014-06-06
Papaya, 1, 22,2014-06-06
SavSav, 1, 36,2014-06-06
