Commodity, Weight in Kg, Price in Rs,Date
Brinjal/கத்தரிக்காய், 1, 36,2014-02-17
Tomotto ottu/தக்காளி ஒட்டு, 1, 06,2014-02-17
LadyFinger/வெண்டைக்காய், 1, 28,2014-02-17
SnakeGuard/புடலங்காய், 1, 20,2014-02-17
BitterGourd/பாகற்காய், 1, 28,2014-02-17
Bottlegourd/சுரைக்காய், 1, 14,2014-02-17
Pumpkin/பூசணிக்காய், 1, 14,2014-02-17
Bean/அவரை, 1, 28,2014-02-17
ClusterBeans/கொத்தவரை, 1, 18,2014-02-17
Red Chillies/குண்டு மிளகாய், 1, 26,2014-02-17
Onion/வெங்காயம், 1, 20,2014-02-17
Pallari/பல்லாரி, 1, 16,2014-02-17
Ginger/இஞ்சி, 1, 100,2014-02-17
Potato/உருளைக்கிழங்கு, 1, 24,2014-02-17
Radish/முள்ளங்கி, 1, 16,2014-02-17
Mango/மாங்காய், 1, 40,2014-02-17
Cabbage/முட்டைக்கோஸ், 1, 16,2014-02-17
Carrot/கேரட், 1, 18,2014-02-17
Beetroot/பீட்ரூட், 1, 18,2014-02-17
Soybeans/சோயாபீன்ஸ், 1, 70,2014-02-17
Drumstickbeans/முருங்கைபீன்ஸ், 1, 40,2014-02-17
butterbeans/பட்டர்பீன்ஸ், 1, 70,2014-02-17
Banana nut/வாழைக்காய், 1 piece, 03,2014-02-17
Banana stem/வாழைத்தண்டு, 1, 08,2014-02-17
BananaFlower/வாழைப்பூ, 1, 08,2014-02-17
Curry leaves/கருவேப்பிலை, 1, 30,2014-02-17
Coriander leaves/மல்லி இலை, 1, 40,2014-02-17
Mint/புதினா, 1, 30,2014-02-17
GreensLeaves/கீரைக்கட்டு, 1, 08,2014-02-17
Garlic/பூண்டு, 1, 130-150,2014-02-17
ButtonMushrooms/ பட்டன்காளான், 1, 188,2014-02-17
Papaya/ பப்பாளிப்பழம், 1, 24,2014-02-17
SavSav/ சவ்சவ், 1, 18,2014-02-17
