Commodity, Weight in Kg, Price in Rs,Date
Brinjal, 1, 26,2014-05-05
Tomotto ottu, 1, 22,2014-05-05
LadyFinger, 1, 20,2014-05-05
SnakeGuard, 1, 26,2014-05-05
BitterGourd, 1, 34,2014-05-05
Bottlegourd, 1, 14,2014-05-05
Pumpkin, 1, 16,2014-05-05
Bean, 1, 48,2014-05-05
ClusterBeans, 1, 20,2014-05-05
Red Chillies, 1, 60,2014-05-05
Onion, 1, 26,2014-05-05
Pallari, 1, 22,2014-05-05
Ginger, 1, 130,2014-05-05
Potato, 1, 28,2014-05-05
Radish, 1, 16,2014-05-05
Mango, 1, 20,2014-05-05
Cabbage, 1, 16,2014-05-05
Carrot, 1, 28,2014-05-05
Beetroot, 1, 24,2014-05-05
Soybeans, 1, 100,2014-05-05
Drumstickbeans, 1, 48,2014-05-05
butterbeans, 1, –,2014-05-05
Banana nut, 1 piece, 03,2014-05-05
Banana stem, 1, 7,2014-05-05
BananaFlower, 1, 7,2014-05-05
Curry leaves, 1, 30,2014-05-05
Coriander leaves, 1, 35,2014-05-05
Mint, 1, 30,2014-05-05
GreensLeaves, 1, 10,2014-05-05
Garlic, 1, 100-120,2014-05-05
ButtonMushrooms, 1, 190,2014-05-05
Papaya, 1, 24,2014-05-05
SavSav, 1, 30,2014-05-05
