Commodity, Weight in Kg, Price in Rs,Date
Brinjal, 1, 40,2014-11-23
Tomotto ottu, 1, 13,2014-11-23
Ladys Finger, 1, 24,2014-11-23
Snake Guard, 1, 18,2014-11-23
Bitter Gourd, 1, 24,2014-11-23
Bottle gourd, 1, 12,2014-11-23
Pumpkin, 1, 20,2014-11-23
Bean, 1, 54,2014-11-23
Cluster Beans, 1, 24,2014-11-23
Red Chilies, 1, 34,2014-11-23
Onion, 1, 34,2014-11-23
Pallari, 1, 28,2014-11-23
Ginger, 1, –,2014-11-23
Potato, 1, 44,2014-11-23
Radish, 1, 36,2014-11-23
Mango, 1, –,2014-11-23
Cabbage, 1, 24,2014-11-23
Carrot, 1, 40,2014-11-23
Beetroot, 1, 44,2014-11-23
Soybeans, 1, 70,2014-11-23
Drumstick beans, 1, 40,2014-11-23
butter beans, 1, –,2014-11-23
Banana nut, 1 piece, 4,2014-11-23
Banana stem, 1, 8,2014-11-23
Banana Flower, 1, 10,2014-11-23
Curry leaves, 1, 20,2014-11-23
Coriander leaves, 1, 30,2014-11-23
Mint, 1, 30,2014-11-23
Greens Leaves, 1, 12,2014-11-23
Garlic, 1, 80-160,2014-11-23
Button Mushrooms, 1, 190,2014-11-23
Papaya, 1, 20,2014-11-23
SavSav, 1, 30,2014-11-23
