Commodity, Weight in Kg, Price in Rs,Date
Brinjal, 1, 60,2014-11-04
Tomotto ottu, 1, 18,2014-11-04
Ladys Finger, 1, 32,2014-11-04
Snake Guard, 1, 20,2014-11-04
Bitter Gourd, 1, 36,2014-11-04
Bottle gourd, 1, 12,2014-11-04
Pumpkin, 1, 20,2014-11-04
Bean, 1, 60,2014-11-04
Cluster Beans, 1, 18,2014-11-04
Red Chilies, 1, 36,2014-11-04
Onion, 1, 36,2014-11-04
Pallari, 1, 25,2014-11-04
Ginger, 1, –,2014-11-04
Potato, 1, 42,2014-11-04
Radish, 1, 20,2014-11-04
Mango, 1, –,2014-11-04
Cabbage, 1, 20,2014-11-04
Carrot, 1, 44,2014-11-04
Beetroot, 1, 28,2014-11-04
Soybeans, 1, 80,2014-11-04
Drumstick beans, 1, 48,2014-11-04
butter beans, 1, –,2014-11-04
Banana nut, 1 piece, 5,2014-11-04
Banana stem, 1, 10,2014-11-04
Banana Flower, 1, 10,2014-11-04
Curry leaves, 1, 20,2014-11-04
Coriander leaves, 1, 55,2014-11-04
Mint, 1, 30,2014-11-04
Greens Leaves, 1, 10,2014-11-04
Garlic, 1, 100-170,2014-11-04
Button Mushrooms, 1, 180,2014-11-04
Papaya, 1, 16,2014-11-04
SavSav, 1, 26,2014-11-04
