Commodity, Weight in Kg, Price in Rs,Date
Brinjal/கத்தரிக்காய், 1, 32,2014-04-04
Tomotto ottu/தக்காளி ஒட்டு, 1, 14,2014-04-04
LadyFinger/வெண்டைக்காய், 1, 38,2014-04-04
SnakeGuard/புடலங்காய், 1, 20,2014-04-04
BitterGourd/பாகற்காய், 1, 26,2014-04-04
Bottlegourd/சுரைக்காய், 1, 12,2014-04-04
Pumpkin/பூசணிக்காய், 1, 16,2014-04-04
Bean/அவரை, 1, 38,2014-04-04
ClusterBeans/கொத்தவரை, 1, 26,2014-04-04
Red Chillies/குண்டு மிளகாய், 1, 32,2014-04-04
Onion/வெங்காயம், 1, 16,2014-04-04
Pallari/பல்லாரி, 1, 16,2014-04-04
Ginger/இஞ்சி, 1, 130,2014-04-04
Potato/உருளைக்கிழங்கு, 1, 26,2014-04-04
Radish/முள்ளங்கி, 1, 16,2014-04-04
Mango/மாங்காய், 1, 30,2014-04-04
Cabbage/முட்டைக்கோஸ், 1, 12,2014-04-04
Carrot/கேரட், 1, 20,2014-04-04
Beetroot/பீட்ரூட், 1, 14,2014-04-04
Soybeans/சோயாபீன்ஸ், 1, 66,2014-04-04
Drumstickbeans/முருங்கைபீன்ஸ், 1, 56,2014-04-04
butterbeans/பட்டர்பீன்ஸ், 1, 76,2014-04-04
Banana nut/வாழைக்காய், 1 piece, 03,2014-04-04
Banana stem/வாழைத்தண்டு, 1, 08,2014-04-04
BananaFlower/வாழைப்பூ, 1, 06,2014-04-04
Curry leaves/கருவேப்பிலை, 1, 30,2014-04-04
Coriander leaves/மல்லி இலை, 1, 30,2014-04-04
Mint/புதினா, 1, 20,2014-04-04
GreensLeaves/கீரைக்கட்டு, 1, 08,2014-04-04
Garlic/பூண்டு, 1, 100-120,2014-04-04
ButtonMushrooms/ பட்டன்காளான், 1, 190,2014-04-04
Papaya/ பப்பாளிப்பழம், 1, 22,2014-04-04
SavSav/ சவ்சவ், 1, 20,2014-04-04
