Commodity, Weight in Kg, Price in Rs,Date
Brinjal, 1, 40,2014-05-21
Tomotto ottu, 1, 18,2014-05-21
LadyFinger, 1, 26,2014-05-21
SnakeGuard, 1, 24,2014-05-21
BitterGourd, 1, 34,2014-05-21
Bottlegourd, 1, 12,2014-05-21
Pumpkin, 1, 16,2014-05-21
Bean, 1, 60,2014-05-21
ClusterBeans, 1, 20,2014-05-21
Red Chillies, 1, 60,2014-05-21
Onion, 1, 24,2014-05-21
Pallari, 1, 18,2014-05-21
Ginger, 1, 120,2014-05-21
Potato, 1, 30,2014-05-21
Radish, 1, 18,2014-05-21
Mango, 1, 16,2014-05-21
Cabbage, 1, 18,2014-05-21
Carrot, 1, 30,2014-05-21
Beetroot, 1, 26,2014-05-21
Soybeans, 1, 110,2014-05-21
Drumstickbeans, 1, 54,2014-05-21
butterbeans, 1, –,2014-05-21
Banana nut, 1 piece, 03,2014-05-21
Banana stem, 1, 08,2014-05-21
BananaFlower, 1, 08,2014-05-21
Curry leaves, 1, 40,2014-05-21
Coriander leaves, 1, 35,2014-05-21
Mint, 1, 30,2014-05-21
GreensLeaves, 1, 10,2014-05-21
Garlic, 1, 100-120,2014-05-21
ButtonMushrooms, 1, 188,2014-05-21
Papaya, 1, 26,2014-05-21
SavSav, 1, 32,2014-05-21
