Commodity, Weight in Kg, Price in Rs,Date
Brinjal, 1, 40,2014-11-24
Tomotto ottu, 1, 18,2014-11-24
Ladys Finger, 1, 24,2014-11-24
Snake Guard, 1, 24,2014-11-24
Bitter Gourd, 1, 26,2014-11-24
Bottle gourd, 1, 12,2014-11-24
Pumpkin, 1, 20,2014-11-24
Bean, 1, 60,2014-11-24
Cluster Beans, 1, 24,2014-11-24
Red Chilies, 1, 34,2014-11-24
Onion, 1, 32,2014-11-24
Pallari, 1, 28,2014-11-24
Ginger, 1, –,2014-11-24
Potato, 1, 40,2014-11-24
Radish, 1, 36,2014-11-24
Mango, 1, –,2014-11-24
Cabbage, 1, 24,2014-11-24
Carrot, 1, 38,2014-11-24
Beetroot, 1, 30,2014-11-24
Soybeans, 1, 70,2014-11-24
Drumstick beans, 1, 40,2014-11-24
butter beans, 1, –,2014-11-24
Banana nut, 1 piece, 4,2014-11-24
Banana stem, 1, 8,2014-11-24
Banana Flower, 1, 10,2014-11-24
Curry leaves, 1, 20,2014-11-24
Coriander leaves, 1, 30,2014-11-24
Mint, 1, 30,2014-11-24
Greens Leaves, 1, 12,2014-11-24
Garlic, 1, 80-170,2014-11-24
Button Mushrooms, 1, 190,2014-11-24
Papaya, 1, 20,2014-11-24
SavSav, 1, 30,2014-11-24
