Commodity, Weight in Kg, Price in Rs,Date
Brinjal, 1, 34,2014-08-27
Tomotto ottu, 1, 20,2014-08-27
Ladys Finger, 1, 16,2014-08-27
Snake Guard, 1, 18,2014-08-27
Bitter Gourd, 1, 40,2014-08-27
Bottle gourd, 1, 12,2014-08-27
Pumpkin, 1, 18,2014-08-27
Bean, 1, 30,2014-08-27
Cluster Beans, 1, 18,2014-08-27
Red Chilies, 1, 30,2014-08-27
Onion, 1, 30,2014-08-27
Pallari, 1, 28,2014-08-27
Ginger, 1, 130,2014-08-27
Potato, 1, 38,2014-08-27
Radish, 1, 14,2014-08-27
Mango, 1, –,2014-08-27
Cabbage, 1, 20,2014-08-27
Carrot, 1, 30,2014-08-27
Beetroot, 1, 34,2014-08-27
Soybeans, 1, 60,2014-08-27
Drumstick beans, 1, 46,2014-08-27
butter beans, 1, –,2014-08-27
Banana nut, 1 piece, 3,2014-08-27
Banana stem, 1, 8,2014-08-27
Banana Flower, 1, 8,2014-08-27
Curry leaves, 1, 30,2014-08-27
Coriander leaves, 1, 30,2014-08-27
Mint, 1, 30,2014-08-27
Greens Leaves, 1, 10,2014-08-27
Garlic, 1, 120-140,2014-08-27
Button Mushrooms, 1, 196,2014-08-27
Papaya, 1, 20,2014-08-27
SavSav, 1, 26,2014-08-27
