Commodity, Weight in Kg, Price in Rs,Date
Brinjal, 1, 48,2014-06-16
Tomotto ottu, 1, 18,2014-06-16
LadyFinger, 1, 26,2014-06-16
SnakeGuard, 1, 28,2014-06-16
BitterGourd, 1, 44,2014-06-16
Bottlegourd, 1, 14,2014-06-16
Pumpkin, 1, 16,2014-06-16
Bean, 1, 74,2014-06-16
ClusterBeans, 1, 20,2014-06-16
Red Chillies, 1, 26,2014-06-16
Onion, 1, 20,2014-06-16
Pallari, 1, 24,2014-06-16
Ginger, 1, 130,2014-06-16
Potato, 1, 30,2014-06-16
Radish, 1, 24,2014-06-16
Mango, 1, 14,2014-06-16
Cabbage, 1, 20,2014-06-16
Carrot, 1, 40,2014-06-16
Beetroot, 1, 36,2014-06-16
Soybeans, 1, 160,2014-06-16
Drumstickbeans, 1, 58,2014-06-16
butterbeans, 1, –,2014-06-16
Banana nut, 1 piece, 03,2014-06-16
Banana stem, 1, 8,2014-06-16
BananaFlower, 1, 6,2014-06-16
Curry leaves, 1, 20,2014-06-16
Coriander leaves, 1, 60,2014-06-16
Mint, 1, 30,2014-06-16
GreensLeaves, 1, 10,2014-06-16
Garlic, 1, 100-120,2014-06-16
ButtonMushrooms, 1, 200,2014-06-16
Papaya, 1, 26,2014-06-16
SavSav, 1, 35,2014-06-16
