Commodity, Weight in Kg, Price in Rs,Date
Brinjal/கத்தரிக்காய், 1, 30,2014-04-10
Tomotto ottu/தக்காளி ஒட்டு, 1, 12,2014-04-10
LadyFinger/வெண்டைக்காய், 1, 28,2014-04-10
SnakeGuard/புடலங்காய், 1, 16,2014-04-10
BitterGourd/பாகற்காய், 1, 26,2014-04-10
Bottlegourd/சுரைக்காய், 1, 12,2014-04-10
Pumpkin/பூசணிக்காய், 1, 14,2014-04-10
Bean/அவரை, 1, 46,2014-04-10
ClusterBeans/கொத்தவரை, 1, 26,2014-04-10
Red Chillies/குண்டு மிளகாய், 1, 28,2014-04-10
Onion/வெங்காயம், 1, 20,2014-04-10
Pallari/பல்லாரி, 1, 17,2014-04-10
Ginger/இஞ்சி, 1, 130,2014-04-10
Potato/உருளைக்கிழங்கு, 1, 30,2014-04-10
Radish/முள்ளங்கி, 1, 14,2014-04-10
Mango/மாங்காய், 1, 24,2014-04-10
Cabbage/முட்டைக்கோஸ், 1, 14,2014-04-10
Carrot/கேரட், 1, 22,2014-04-10
Beetroot/பீட்ரூட், 1, 14,2014-04-10
Soybeans/சோயாபீன்ஸ், 1, 68,2014-04-10
Drumstickbeans/முருங்கைபீன்ஸ், 1, 56,2014-04-10
butterbeans/பட்டர்பீன்ஸ், 1, 90,2014-04-10
Banana nut/வாழைக்காய், 1 piece, 04,2014-04-10
Banana stem/வாழைத்தண்டு, 1, 08,2014-04-10
BananaFlower/வாழைப்பூ, 1, 06,2014-04-10
Curry leaves/கருவேப்பிலை, 1, 35,2014-04-10
Coriander leaves/மல்லி இலை, 1, 30,2014-04-10
Mint/புதினா, 1, 20,2014-04-10
GreensLeaves/கீரைக்கட்டு, 1, 10,2014-04-10
Garlic/பூண்டு, 1, 60-120,2014-04-10
ButtonMushrooms/ பட்டன்காளான், 1, 190,2014-04-10
Papaya/ பப்பாளிப்பழம், 1, 20,2014-04-10
SavSav/ சவ்சவ், 1, 32,2014-04-10
