Commodity, Weight in Kg, Price in Rs,Date
Brinjal, 1, 44,2014-07-19
Tomotto ottu, 1, 50,2014-07-19
Ladys Finger, 1, 36,2014-07-19
Snake Guard, 1, 28,2014-07-19
Bitter Gourd, 1, 44,2014-07-19
Bottle gourd, 1, 16,2014-07-19
Pumpkin, 1, 20,2014-07-19
Bean, 1, 70,2014-07-19
Cluster Beans, 1, 22,2014-07-19
Red Chilies, 1, 48,2014-07-19
Onion, 1, 26,2014-07-19
Pallari, 1, 36,2014-07-19
Ginger, 1, 140,2014-07-19
Potato, 1, 30,2014-07-19
Radish, 1, 26,2014-07-19
Mango, 1, 20,2014-07-19
Cabbage, 1, 24,2014-07-19
Carrot, 1, 50,2014-07-19
Beetroot, 1, 44,2014-07-19
Soybeans, 1, 100,2014-07-19
Drumstick beans, 1, 64,2014-07-19
butter beans, 1, –,2014-07-19
Banana nut, 1 piece, 4,2014-07-19
Banana stem, 1, 8,2014-07-19
Banana Flower, 1, 6,2014-07-19
Curry leaves, 1, 20,2014-07-19
Coriander leaves, 1, 50,2014-07-19
Mint, 1, 25,2014-07-19
Greens Leaves, 1, 10,2014-07-19
Garlic, 1, 70-140,2014-07-19
Button Mushrooms, 1, 180,2014-07-19
Papaya, 1, 20,2014-07-19
SavSav, 1, 34,2014-07-19
