Commodity, Weight in Kg, Price in Rs,Date
Brinjal, 1, 40,2014-09-10
Tomotto ottu, 1, 15,2014-09-10
Ladys Finger, 1, 15,2014-09-10
Snake Guard, 1, 20,2014-09-10
Bitter Gourd, 1, 40,2014-09-10
Bottle gourd, 1, 12,2014-09-10
Pumpkin, 1, 16,2014-09-10
Bean, 1, 36,2014-09-10
Cluster Beans, 1, 20,2014-09-10
Red Chilies, 1, 30,2014-09-10
Onion, 1, 30,2014-09-10
Pallari, 1, 28,2014-09-10
Ginger, 1, 100,2014-09-10
Potato, 1, 40,2014-09-10
Radish, 1, 12,2014-09-10
Mango, 1, –,2014-09-10
Cabbage, 1, 20,2014-09-10
Carrot, 1, 36,2014-09-10
Beetroot, 1, 26,2014-09-10
Soybeans, 1, 80,2014-09-10
Drumstick beans, 1, 66,2014-09-10
butter beans, 1, –,2014-09-10
Banana nut, 1 piece, 4,2014-09-10
Banana stem, 1, 8,2014-09-10
Banana Flower, 1, 6,2014-09-10
Curry leaves, 1, 15,2014-09-10
Coriander leaves, 1, 30,2014-09-10
Mint, 1, 30,2014-09-10
Greens Leaves, 1, 10,2014-09-10
Garlic, 1, 70-160,2014-09-10
Button Mushrooms, 1, 180,2014-09-10
Papaya, 1, 20,2014-09-10
SavSav, 1, 26,2014-09-10
