Commodity, Weight in Kg, Price in Rs,Date
Brinjal, 1, 32,2014-07-26
Tomotto ottu, 1, 42,2014-07-26
Ladys Finger, 1, 28,2014-07-26
Snake Guard, 1, 20,2014-07-26
Bitter Gourd, 1, 46,2014-07-26
Bottle gourd, 1, 16,2014-07-26
Pumpkin, 1, 24,2014-07-26
Bean, 1, 60,2014-07-26
Cluster Beans, 1, 20,2014-07-26
Red Chilies, 1, 65,2014-07-26
Onion, 1, 30,2014-07-26
Pallari, 1, 36,2014-07-26
Ginger, 1, 140,2014-07-26
Potato, 1, 32,2014-07-26
Radish, 1, 24,2014-07-26
Mango, 1, 20,2014-07-26
Cabbage, 1, 24,2014-07-26
Carrot, 1, 56,2014-07-26
Beetroot, 1, 50,2014-07-26
Soybeans, 1, 94,2014-07-26
Drumstick beans, 1, 60,2014-07-26
butter beans, 1, –,2014-07-26
Banana nut, 1 piece, 4,2014-07-26
Banana stem, 1, 8,2014-07-26
Banana Flower, 1, 6,2014-07-26
Curry leaves, 1, 20,2014-07-26
Coriander leaves, 1, 25,2014-07-26
Mint, 1, 20,2014-07-26
Greens Leaves, 1, 10,2014-07-26
Garlic, 1, 70-180,2014-07-26
Button Mushrooms, 1, 180,2014-07-26
Papaya, 1, 20,2014-07-26
SavSav, 1, 34,2014-07-26
