Commodity, Weight in Kg, Price in Rs,Date
Brinjal, 1, 70,2014-11-07
Tomotto ottu, 1, 14,2014-11-07
Ladys Finger, 1, 36,2014-11-07
Snake Guard, 1, 20,2014-11-07
Bitter Gourd, 1, 36,2014-11-07
Bottle gourd, 1, 10,2014-11-07
Pumpkin, 1, 20,2014-11-07
Bean, 1, 66,2014-11-07
Cluster Beans, 1, 20,2014-11-07
Red Chilies, 1, 36,2014-11-07
Onion, 1, 34,2014-11-07
Pallari, 1, 25,2014-11-07
Ginger, 1, –,2014-11-07
Potato, 1, 40,2014-11-07
Radish, 1, 20,2014-11-07
Mango, 1, –,2014-11-07
Cabbage, 1, 20,2014-11-07
Carrot, 1, 36,2014-11-07
Beetroot, 1, 26,2014-11-07
Soybeans, 1, 80,2014-11-07
Drumstick beans, 1, 50,2014-11-07
butter beans, 1, –,2014-11-07
Banana nut, 1 piece, 5,2014-11-07
Banana stem, 1, 10,2014-11-07
Banana Flower, 1, 10,2014-11-07
Curry leaves, 1, 20,2014-11-07
Coriander leaves, 1, 55,2014-11-07
Mint, 1, 30,2014-11-07
Greens Leaves, 1, 12,2014-11-07
Garlic, 1, 120-170,2014-11-07
Button Mushrooms, 1, 180,2014-11-07
Papaya, 1, 20,2014-11-07
SavSav, 1, 20,2014-11-07
