Commodity, Weight in Kg, Price in Rs,Date
Brinjal, 1, 30,2014-12-28
Tomotto ottu, 1, 14,2014-12-28
Ladys Finger, 1, 26,2014-12-28
Snake Guard, 1, 16,2014-12-28
Bitter Gourd, 1, 26,2014-12-28
Bottle gourd, 1, 10,2014-12-28
Pumpkin, 1, 16,2014-12-28
Bean, 1, 20,2014-12-28
Cluster Beans, 1, 16,2014-12-28
Red Chilies, 1, 40,2014-12-28
Onion, 1, 30,2014-12-28
Pallari, 1, 30,2014-12-28
Ginger, 1, –,2014-12-28
Potato, 1, 30,2014-12-28
Radish, 1, 16,2014-12-28
Mango, 1, –,2014-12-28
Cabbage, 1, 24,2014-12-28
Carrot, 1, 26,2014-12-28
Beetroot, 1, 30,2014-12-28
Soybeans, 1, 80,2014-12-28
Drumstick beans, 1, 36,2014-12-28
butter beans, 1, –,2014-12-28
Banana nut, 1 piece, 4,2014-12-28
Banana stem, 1, 10,2014-12-28
Banana Flower, 1, 6,2014-12-28
Curry leaves, 1, 25,2014-12-28
Coriander leaves, 1, 20,2014-12-28
Mint, 1, 25,2014-12-28
Greens Leaves, 1, 10,2014-12-28
Garlic, 1, 80-160,2014-12-28
Button Mushrooms, 1, 180,2014-12-28
Papaya, 1, 20,2014-12-28
SavSav, 1, 26,2014-12-28
Sapotta, 1, 20,2014-12-28
