Commodity, Weight in Kg, Price in Rs,Date
Brinjal, 1, 48,2014-06-20
Tomotto ottu, 1, 15,2014-06-20
LadyFinger, 1, 30,2014-06-20
SnakeGuard, 1, 24,2014-06-20
BitterGourd, 1, 40,2014-06-20
Bottlegourd, 1, 14,2014-06-20
Pumpkin, 1, 16,2014-06-20
Bean, 1, 70,2014-06-20
ClusterBeans, 1, 20,2014-06-20
Red Chillies, 1, 30,2014-06-20
Onion, 1, 22,2014-06-20
Pallari, 1, 24,2014-06-20
Ginger, 1, 130,2014-06-20
Potato, 1, 30,2014-06-20
Radish, 1, 24,2014-06-20
Mango, 1, 14,2014-06-20
Cabbage, 1, 24,2014-06-20
Carrot, 1, 40,2014-06-20
Beetroot, 1, 32,2014-06-20
Soybeans, 1, 110,2014-06-20
Drumstickbeans, 1, 64,2014-06-20
butterbeans, 1, –,2014-06-20
Banana nut, 1 piece, 4,2014-06-20
Banana stem, 1, 10,2014-06-20
BananaFlower, 1, 6,2014-06-20
Curry leaves, 1, 20,2014-06-20
Coriander leaves, 1, 50,2014-06-20
Mint, 1, 30,2014-06-20
GreensLeaves, 1, 10,2014-06-20
Garlic, 1, 70-140,2014-06-20
ButtonMushrooms, 1, 180,2014-06-20
Papaya, 1, 20,2014-06-20
SavSav, 1, 30,2014-06-20
