Commodity, Weight in Kg, Price in Rs,Date
Brinjal/கத்தரிக்காய், 1, 28,2014-03-19
Tomotto ottu/தக்காளி ஒட்டு, 1, 06,2014-03-19
LadyFinger/வெண்டைக்காய், 1, 34,2014-03-19
SnakeGuard/புடலங்காய், 1, 18,2014-03-19
BitterGourd/பாகற்காய், 1, 24,2014-03-19
Bottlegourd/சுரைக்காய், 1, 10,2014-03-19
Pumpkin/பூசணிக்காய், 1, 14,2014-03-19
Bean/அவரை, 1, 34,2014-03-19
ClusterBeans/கொத்தவரை, 1, 20,2014-03-19
Red Chillies/குண்டு மிளகாய், 1, 30,2014-03-19
Onion/வெங்காயம், 1, 18,2014-03-19
Pallari/பல்லாரி, 1, 16,2014-03-19
Ginger/இஞ்சி, 1, 94,2014-03-19
Potato/உருளைக்கிழங்கு, 1, 24,2014-03-19
Radish/முள்ளங்கி, 1, 12,2014-03-19
Mango/மாங்காய், 1, 50,2014-03-19
Cabbage/முட்டைக்கோஸ், 1, 10,2014-03-19
Carrot/கேரட், 1, 16,2014-03-19
Beetroot/பீட்ரூட், 1, 14,2014-03-19
Soybeans/சோயாபீன்ஸ், 1, 66,2014-03-19
Drumstickbeans/முருங்கைபீன்ஸ், 1, 48,2014-03-19
butterbeans/பட்டர்பீன்ஸ், 1, 70,2014-03-19
Banana nut/வாழைக்காய், 1 piece, 03,2014-03-19
Banana stem/வாழைத்தண்டு, 1, 08,2014-03-19
BananaFlower/வாழைப்பூ, 1, 08,2014-03-19
Curry leaves/கருவேப்பிலை, 1, 30,2014-03-19
Coriander leaves/மல்லி இலை, 1, 25,2014-03-19
Mint/புதினா, 1, 20,2014-03-19
GreensLeaves/கீரைக்கட்டு, 1, 08,2014-03-19
Garlic/பூண்டு, 1, 100-120,2014-03-19
ButtonMushrooms/ பட்டன்காளான், 1, 188,2014-03-19
Papaya/ பப்பாளிப்பழம், 1, 20,2014-03-19
SavSav/ சவ்சவ், 1, 16,2014-03-19
