Commodity, Weight in Kg, Price in Rs,Date
Brinjal, 1, 40,2014-11-22
Tomotto ottu, 1, 13,2014-11-22
Ladys Finger, 1, 22,2014-11-22
Snake Guard, 1, 22,2014-11-22
Bitter Gourd, 1, 30,2014-11-22
Bottle gourd, 1, 12,2014-11-22
Pumpkin, 1, 24,2014-11-22
Bean, 1, 54,2014-11-22
Cluster Beans, 1, 18,2014-11-22
Red Chilies, 1, 34,2014-11-22
Onion, 1, 34,2014-11-22
Pallari, 1, 30,2014-11-22
Ginger, 1, –,2014-11-22
Potato, 1, 44,2014-11-22
Radish, 1, 24,2014-11-22
Mango, 1, –,2014-11-22
Cabbage, 1, 24,2014-11-22
Carrot, 1, 40,2014-11-22
Beetroot, 1, 44,2014-11-22
Soybeans, 1, 70,2014-11-22
Drumstick beans, 1, 40,2014-11-22
butter beans, 1, –,2014-11-22
Banana nut, 1 piece, 4,2014-11-22
Banana stem, 1, 8,2014-11-22
Banana Flower, 1, 10,2014-11-22
Curry leaves, 1, 20,2014-11-22
Coriander leaves, 1, 50,2014-11-22
Mint, 1, 40,2014-11-22
Greens Leaves, 1, 12,2014-11-22
Garlic, 1, 80-160,2014-11-22
Button Mushrooms, 1, 190,2014-11-22
Papaya, 1, 20,2014-11-22
SavSav, 1, 36,2014-11-22
