Commodity, Weight in Kg, Price in Rs,Date
Brinjal, 1, 46,2014-10-23
Tomotto ottu, 1, 12,2014-10-23
Ladys Finger, 1, 14,2014-10-23
Snake Guard, 1, 18,2014-10-23
Bitter Gourd, 1, 20,2014-10-23
Bottle gourd, 1, 6,2014-10-23
Pumpkin, 1, 16,2014-10-23
Bean, 1, 40,2014-10-23
Cluster Beans, 1, 18,2014-10-23
Red Chilies, 1, 40,2014-10-23
Onion, 1, 28,2014-10-23
Pallari, 1, 26,2014-10-23
Ginger, 1, –,2014-10-23
Potato, 1, 44,2014-10-23
Radish, 1, 20,2014-10-23
Mango, 1, –,2014-10-23
Cabbage, 1, 18,2014-10-23
Carrot, 1, 38,2014-10-23
Beetroot, 1, 24,2014-10-23
Soybeans, 1, 64,2014-10-23
Drumstick beans, 1, 36,2014-10-23
butter beans, 1, –,2014-10-23
Banana nut, 1 piece, 4,2014-10-23
Banana stem, 1, 8,2014-10-23
Banana Flower, 1, 8,2014-10-23
Curry leaves, 1, 20,2014-10-23
Coriander leaves, 1, 50,2014-10-23
Mint, 1, 30,2014-10-23
Greens Leaves, 1, 10,2014-10-23
Garlic, 1, 120-140,2014-10-23
Button Mushrooms, 1, 196,2014-10-23
Papaya, 1, 18,2014-10-23
SavSav, 1, 20,2014-10-23
