Commodity, Weight in Kg, Price in Rs,Date
Brinjal, 1, 32,2014-08-26
Tomotto ottu, 1, 20,2014-08-26
Ladys Finger, 1, 16,2014-08-26
Snake Guard, 1, 18,2014-08-26
Bitter Gourd, 1, 30,2014-08-26
Bottle gourd, 1, 12,2014-08-26
Pumpkin, 1, 18,2014-08-26
Bean, 1, 28,2014-08-26
Cluster Beans, 1, 16,2014-08-26
Red Chilies, 1, 30,2014-08-26
Onion, 1, 30,2014-08-26
Pallari, 1, 28,2014-08-26
Ginger, 1, 130,2014-08-26
Potato, 1, 34,2014-08-26
Radish, 1, 12,2014-08-26
Mango, 1, –,2014-08-26
Cabbage, 1, 18,2014-08-26
Carrot, 1, 30,2014-08-26
Beetroot, 1, 34,2014-08-26
Soybeans, 1, 60,2014-08-26
Drumstick beans, 1, 48,2014-08-26
butter beans, 1, –,2014-08-26
Banana nut, 1 piece, 3,2014-08-26
Banana stem, 1, 8,2014-08-26
Banana Flower, 1, 10,2014-08-26
Curry leaves, 1, 20,2014-08-26
Coriander leaves, 1, 10,2014-08-26
Mint, 1, 10,2014-08-26
Greens Leaves, 1, 10,2014-08-26
Garlic, 1, 120-140,2014-08-26
Button Mushrooms, 1, 198,2014-08-26
Papaya, 1, 20,2014-08-26
SavSav, 1, 26,2014-08-26
