Commodity, Weight in Kg, Price in Rs,Date
Brinjal, 1, 36,2014-06-13
Tomotto ottu, 1, 18,2014-06-13
LadyFinger, 1, 24,2014-06-13
SnakeGuard, 1, 20,2014-06-13
BitterGourd, 1, 36,2014-06-13
Bottlegourd, 1, 14,2014-06-13
Pumpkin, 1, 16,2014-06-13
Bean, 1, 80,2014-06-13
ClusterBeans, 1, 14,2014-06-13
Red Chillies, 1, 24,2014-06-13
Onion, 1, 22,2014-06-13
Pallari, 1, 24,2014-06-13
Ginger, 1, 140,2014-06-13
Potato, 1, 30,2014-06-13
Radish, 1, 18,2014-06-13
Mango, 1, 12,2014-06-13
Cabbage, 1, 22,2014-06-13
Carrot, 1, 38,2014-06-13
Beetroot, 1, 32,2014-06-13
Soybeans, 1, 120,2014-06-13
Drumstickbeans, 1, 64,2014-06-13
butterbeans, 1, –,2014-06-13
Banana nut, 1 piece, 03,2014-06-13
Banana stem, 1, 8,2014-06-13
BananaFlower, 1, 6,2014-06-13
Curry leaves, 1, 20,2014-06-13
Coriander leaves, 1, 60,2014-06-13
Mint, 1, 25,2014-06-13
GreensLeaves, 1, 10,2014-06-13
Garlic, 1, 70-140,2014-06-13
ButtonMushrooms, 1, 180,2014-06-13
Papaya, 1, 20,2014-06-13
SavSav, 1, 34,2014-06-13
