Commodity, Weight in Kg, Price in Rs,Date
Brinjal/கத்தரிக்காய், 1, 28,2014-03-26
Tomotto ottu/தக்காளி ஒட்டு, 1, 08,2014-03-26
LadyFinger/வெண்டைக்காய், 1, 34,2014-03-26
SnakeGuard/புடலங்காய், 1, 18,2014-03-26
BitterGourd/பாகற்காய், 1, 24,2014-03-26
Bottlegourd/சுரைக்காய், 1, 10,2014-03-26
Pumpkin/பூசணிக்காய், 1, 14,2014-03-26
Bean/அவரை, 1, 34,2014-03-26
ClusterBeans/கொத்தவரை, 1, 22,2014-03-26
Red Chillies/குண்டு மிளகாய், 1, 30,2014-03-26
Onion/வெங்காயம், 1, 16,2014-03-26
Pallari/பல்லாரி, 1, 15,2014-03-26
Ginger/இஞ்சி, 1, 130,2014-03-26
Potato/உருளைக்கிழங்கு, 1, 22,2014-03-26
Radish/முள்ளங்கி, 1, 12,2014-03-26
Mango/மாங்காய், 1, 40,2014-03-26
Cabbage/முட்டைக்கோஸ், 1, 10,2014-03-26
Carrot/கேரட், 1, 18,2014-03-26
Beetroot/பீட்ரூட், 1, 14,2014-03-26
Soybeans/சோயாபீன்ஸ், 1, 60,2014-03-26
Drumstickbeans/முருங்கைபீன்ஸ், 1, 42,2014-03-26
butterbeans/பட்டர்பீன்ஸ், 1, 65,2014-03-26
Banana nut/வாழைக்காய், 1 piece, 03,2014-03-26
Banana stem/வாழைத்தண்டு, 1, 07,2014-03-26
BananaFlower/வாழைப்பூ, 1, 07,2014-03-26
Curry leaves/கருவேப்பிலை, 1, 30,2014-03-26
Coriander leaves/மல்லி இலை, 1, 30,2014-03-26
Mint/புதினா, 1, 20,2014-03-26
GreensLeaves/கீரைக்கட்டு, 1, 08,2014-03-26
Garlic/பூண்டு, 1, 100-120,2014-03-26
ButtonMushrooms/ பட்டன்காளான், 1, 188,2014-03-26
Papaya/ பப்பாளிப்பழம், 1, 24,2014-03-26
SavSav/ சவ்சவ், 1, 22,2014-03-26
