Commodity, Weight in Kg, Price in Rs,Date
Brinjal/கத்தரிக்காய், 1, 32,2014-02-19
Tomotto ottu/தக்காளி ஒட்டு, 1, 06,2014-02-19
LadyFinger/வெண்டைக்காய், 1, 34,2014-02-19
SnakeGuard/புடலங்காய், 1, 18,2014-02-19
BitterGourd/பாகற்காய், 1, 30,2014-02-19
Bottlegourd/சுரைக்காய், 1, 12,2014-02-19
Pumpkin/பூசணிக்காய், 1, 14,2014-02-19
Bean/அவரை, 1, 26,2014-02-19
ClusterBeans/கொத்தவரை, 1, 16,2014-02-19
Red Chillies/குண்டு மிளகாய், 1, 30,2014-02-19
Onion/வெங்காயம், 1, 20,2014-02-19
Pallari/பல்லாரி, 1, 14,2014-02-19
Ginger/இஞ்சி, 1, 90,2014-02-19
Potato/உருளைக்கிழங்கு, 1, 24,2014-02-19
Radish/முள்ளங்கி, 1, 14,2014-02-19
Mango/மாங்காய், 1, 42,2014-02-19
Cabbage/முட்டைக்கோஸ், 1, 16,2014-02-19
Carrot/கேரட், 1, 14,2014-02-19
Beetroot/பீட்ரூட், 1, 18,2014-02-19
Soybeans/சோயாபீன்ஸ், 1, 70,2014-02-19
Drumstickbeans/முருங்கைபீன்ஸ், 1, 44,2014-02-19
butterbeans/பட்டர்பீன்ஸ், 1, 70,2014-02-19
Banana nut/வாழைக்காய், 1 piece, 03,2014-02-19
Banana stem/வாழைத்தண்டு, 1, 07,2014-02-19
BananaFlower/வாழைப்பூ, 1, 07,2014-02-19
Curry leaves/கருவேப்பிலை, 1, 30,2014-02-19
Coriander leaves/மல்லி இலை, 1, 40,2014-02-19
Mint/புதினா, 1, 30,2014-02-19
GreensLeaves/கீரைக்கட்டு, 1, 08,2014-02-19
Garlic/பூண்டு, 1, 100-130,2014-02-19
ButtonMushrooms/ பட்டன்காளான், 1, 190,2014-02-19
Papaya/ பப்பாளிப்பழம், 1, 26,2014-02-19
SavSav/ சவ்சவ், 1, 16,2014-02-19
