Commodity, Weight in Kg, Price in Rs,Date
Brinjal, 1, 28,2014-06-10
Tomotto ottu, 1, 18,2014-06-10
LadyFinger, 1, 26,2014-06-10
SnakeGuard, 1, 24,2014-06-10
BitterGourd, 1, 32,2014-06-10
Bottlegourd, 1, 12,2014-06-10
Pumpkin, 1, 16,2014-06-10
Bean, 1, 64,2014-06-10
ClusterBeans, 1, 16,2014-06-10
Red Chillies, 1, 26,2014-06-10
Onion, 1, 24,2014-06-10
Pallari, 1, 22,2014-06-10
Ginger, 1, 130,2014-06-10
Potato, 1, 30,2014-06-10
Radish, 1, 22,2014-06-10
Mango, 1, 18,2014-06-10
Cabbage, 1, 20,2014-06-10
Carrot, 1, 44,2014-06-10
Beetroot, 1, 28,2014-06-10
Soybeans, 1, 120,2014-06-10
Drumstickbeans, 1, 56,2014-06-10
butterbeans, 1, –,2014-06-10
Banana nut, 1 piece, 04,2014-06-10
Banana stem, 1, 8,2014-06-10
BananaFlower, 1, 8,2014-06-10
Curry leaves, 1, 30,2014-06-10
Coriander leaves, 1, 40,2014-06-10
Mint, 1, 30,2014-06-10
GreensLeaves, 1, 10,2014-06-10
Garlic, 1, 100-120,2014-06-10
ButtonMushrooms, 1, 190,2014-06-10
Papaya, 1, 20,2014-06-10
SavSav, 1, 38,2014-06-10
