Commodity, Weight in Kg, Price in Rs,Date
Brinjal, 1, 34,2014-10-21
Tomotto ottu, 1, 6,2014-10-21
Ladys Finger, 1, 14,2014-10-21
Snake Guard, 1, 16,2014-10-21
Bitter Gourd, 1, 20,2014-10-21
Bottle gourd, 1, 6,2014-10-21
Pumpkin, 1, 18,2014-10-21
Bean, 1, 34,2014-10-21
Cluster Beans, 1, 16,2014-10-21
Red Chilies, 1, 38,2014-10-21
Onion, 1, 28,2014-10-21
Pallari, 1, 24,2014-10-21
Ginger, 1, –,2014-10-21
Potato, 1, 40,2014-10-21
Radish, 1, 16,2014-10-21
Mango, 1, –,2014-10-21
Cabbage, 1, 18,2014-10-21
Carrot, 1, 30,2014-10-21
Beetroot, 1, 20,2014-10-21
Soybeans, 1, 64,2014-10-21
Drumstick beans, 1, 34,2014-10-21
butter beans, 1, –,2014-10-21
Banana nut, 1 piece, 4,2014-10-21
Banana stem, 1, 8,2014-10-21
Banana Flower, 1, 7,2014-10-21
Curry leaves, 1, 20,2014-10-21
Coriander leaves, 1, 50,2014-10-21
Mint, 1, 30,2014-10-21
Greens Leaves, 1, 10,2014-10-21
Garlic, 1, 120-140,2014-10-21
Button Mushrooms, 1, 196,2014-10-21
Papaya, 1, 20,2014-10-21
SavSav, 1, 20,2014-10-21
