Commodity, Weight in Kg, Price in Rs,Date
Brinjal, 1, 40,2014-05-19
Tomotto ottu, 1, 22,2014-05-19
LadyFinger, 1, 30,2014-05-19
SnakeGuard, 1, 32,2014-05-19
BitterGourd, 1, 34,2014-05-19
Bottlegourd, 1, 14,2014-05-19
Pumpkin, 1, 16,2014-05-19
Bean, 1, 60,2014-05-19
ClusterBeans, 1, 20,2014-05-19
Red Chillies, 1, 56,2014-05-19
Onion, 1, 26,2014-05-19
Pallari, 1, 20,2014-05-19
Ginger, 1, 130,2014-05-19
Potato, 1, 28,2014-05-19
Radish, 1, 14,2014-05-19
Mango, 1, 16,2014-05-19
Cabbage, 1, 18,2014-05-19
Carrot, 1, 28,2014-05-19
Beetroot, 1, 24,2014-05-19
Soybeans, 1, 110,2014-05-19
Drumstickbeans, 1, 50,2014-05-19
butterbeans, 1, –,2014-05-19
Banana nut, 1 piece, 03,2014-05-19
Banana stem, 1, 06,2014-05-19
BananaFlower, 1, 05,2014-05-19
Curry leaves, 1, 45,2014-05-19
Coriander leaves, 1, 35,2014-05-19
Mint, 1, 25,2014-05-19
GreensLeaves, 1, 10,2014-05-19
Garlic, 1, 60-120,2014-05-19
ButtonMushrooms, 1, 180,2014-05-19
Papaya, 1, 22,2014-05-19
SavSav, 1, 34,2014-05-19
