Commodity, Weight in Kg, Price in Rs,Date
Brinjal, 1, 20,2014-05-28
Tomotto ottu, 1, 14,2014-05-28
LadyFinger, 1, 20,2014-05-28
SnakeGuard, 1, 24,2014-05-28
BitterGourd, 1, 36,2014-05-28
Bottlegourd, 1, 12,2014-05-28
Pumpkin, 1, 16,2014-05-28
Bean, 1, 64,2014-05-28
ClusterBeans, 1, 20,2014-05-28
Red Chillies, 1, 54,2014-05-28
Onion, 1, 20,2014-05-28
Pallari, 1, 22,2014-05-28
Ginger, 1, 120,2014-05-28
Potato, 1, 30,2014-05-28
Radish, 1, 18,2014-05-28
Mango, 1, 16,2014-05-28
Cabbage, 1, 16,2014-05-28
Carrot, 1, 30,2014-05-28
Beetroot, 1, 24,2014-05-28
Soybeans, 1, 110,2014-05-28
Drumstickbeans, 1, 54,2014-05-28
butterbeans, 1, –,2014-05-28
Banana nut, 1 piece, 04,2014-05-28
Banana stem, 1, 8,2014-05-28
BananaFlower, 1, 8,2014-05-28
Curry leaves, 1, 35,2014-05-28
Coriander leaves, 1, 30,2014-05-28
Mint, 1, 30,2014-05-28
GreensLeaves, 1, 10,2014-05-28
Garlic, 1, 100-120,2014-05-28
ButtonMushrooms, 1, 188,2014-05-28
Papaya, 1, 24,2014-05-28
SavSav, 1, 28,2014-05-28
