Commodity, Weight in Kg, Price in Rs,Date
Brinjal, 1, 50,2014-12-09
Tomotto ottu, 1, 30,2014-12-09
Ladys Finger, 1, 38,2014-12-09
Snake Guard, 1, 34,2014-12-09
Bitter Gourd, 1, 38,2014-12-09
Bottle gourd, 1, 10,2014-12-09
Pumpkin, 1, 20,2014-12-09
Bean, 1, 56,2014-12-09
Cluster Beans, 1, 24,2014-12-09
Red Chilies, 1, 50,2014-12-09
Onion, 1, 40,2014-12-09
Pallari, 1, 28,2014-12-09
Ginger, 1, –,2014-12-09
Potato, 1, 38,2014-12-09
Radish, 1, 30,2014-12-09
Mango, 1, –,2014-12-09
Cabbage, 1, 24,2014-12-09
Carrot, 1, 40,2014-12-09
Beetroot, 1, 40,2014-12-09
Soybeans, 1, 90,2014-12-09
Drumstick beans, 1, 58,2014-12-09
butter beans, 1, –,2014-12-09
Banana nut, 1 piece, 5,2014-12-09
Banana stem, 1, 10,2014-12-09
Banana Flower, 1, 12,2014-12-09
Curry leaves, 1, 30,2014-12-09
Coriander leaves, 1, 30,2014-12-09
Mint, 1, 30,2014-12-09
Greens Leaves, 1, 10,2014-12-09
Garlic, 1, 80-180,2014-12-09
Button Mushrooms, 1, 196,2014-12-09
Papaya, 1, 20,2014-12-09
SavSav, 1, 30,2014-12-09
