Commodity, Weight in Kg, Price in Rs,Date
Brinjal, 1, 36,2014-08-11
Tomotto ottu, 1, 44,2014-08-11
Ladys Finger, 1, 26,2014-08-11
Snake Guard, 1, 24,2014-08-11
Bitter Gourd, 1, 40,2014-08-11
Bottle gourd, 1, 14,2014-08-11
Pumpkin, 1, 16,2014-08-11
Bean, 1, 36,2014-08-11
Cluster Beans, 1, 20,2014-08-11
Red Chilies, 1, 44,2014-08-11
Onion, 1, 34,2014-08-11
Pallari, 1, 30,2014-08-11
Ginger, 1, 140,2014-08-11
Potato, 1, 38,2014-08-11
Radish, 1, 20,2014-08-11
Mango, 1, 30,2014-08-11
Cabbage, 1, 20,2014-08-11
Carrot, 1, 40,2014-08-11
Beetroot, 1, 44,2014-08-11
Soybeans, 1, 70,2014-08-11
Drumstick beans, 1, 54,2014-08-11
butter beans, 1, –,2014-08-11
Banana nut, 1 piece, 4,2014-08-11
Banana stem, 1, 8,2014-08-11
Banana Flower, 1, 6,2014-08-11
Curry leaves, 1, 20,2014-08-11
Coriander leaves, 1, 25,2014-08-11
Mint, 1, 20,2014-08-11
Greens Leaves, 1, 10,2014-08-11
Garlic, 1, 60-160,2014-08-11
Button Mushrooms, 1, 180,2014-08-11
Papaya, 1, 20,2014-08-11
SavSav, 1, 30,2014-08-11
