Commodity, Weight in Kg, Price in Rs,Date
Brinjal, 1, 54,2014-07-11
Tomotto ottu, 1, 36,2014-07-11
LadyFinger, 1, 34,2014-07-11
SnakeGuard, 1, 26,2014-07-11
BitterGourd, 1, 40,2014-07-11
Bottlegourd, 1, 14,2014-07-11
Pumpkin, 1, 16,2014-07-11
Bean, 1, 50,2014-07-11
ClusterBeans, 1, 24,2014-07-11
Red Chillies, 1, 50,2014-07-11
Onion, 1, 24,2014-07-11
Pallari, 1, 30,2014-07-11
Ginger, 1, 130,2014-07-11
Potato, 1, 36,2014-07-11
Radish, 1, 24,2014-07-11
Mango, 1, 20,2014-07-11
Cabbage, 1, 28,2014-07-11
Carrot, 1, 44,2014-07-11
Beetroot, 1, 40,2014-07-11
Soybeans, 1, 100,2014-07-11
Drumstickbeans, 1, 70,2014-07-11
butterbeans, 1, –,2014-07-11
Banana nut, 1 piece, 4,2014-07-11
Banana stem, 1, 10,2014-07-11
BananaFlower, 1, 8,2014-07-11
Curry leaves, 1, 20,2014-07-11
Coriander leaves, 1, 60,2014-07-11
Mint, 1, 30,2014-07-11
GreensLeaves, 1, 10,2014-07-11
Garlic, 1, 70-140,2014-07-11
ButtonMushrooms, 1, 180,2014-07-11
Papaya, 1, 20,2014-07-11
SavSav, 1, 36,2014-07-11
