Commodity, Weight in Kg, Price in Rs,Date
Brinjal, 1, 50,2014-10-12
Tomotto ottu, 1, 10,2014-10-12
Ladys Finger, 1, 20,2014-10-12
Snake Guard, 1, 16,2014-10-12
Bitter Gourd, 1, 24,2014-10-12
Bottle gourd, 1, 8,2014-10-12
Pumpkin, 1, 14,2014-10-12
Bean, 1, 30,2014-10-12
Cluster Beans, 1, 16,2014-10-12
Red Chilies, 1, 40,2014-10-12
Onion, 1, 28,2014-10-12
Pallari, 1, 24,2014-10-12
Ginger, 1, –,2014-10-12
Potato, 1, 40,2014-10-12
Radish, 1, 20,2014-10-12
Mango, 1, –,2014-10-12
Cabbage, 1, 14,2014-10-12
Carrot, 1, 32,2014-10-12
Beetroot, 1, 24,2014-10-12
Soybeans, 1, 70,2014-10-12
Drumstick beans, 1, 36,2014-10-12
butter beans, 1, –,2014-10-12
Banana nut, 1 piece, 4,2014-10-12
Banana stem, 1, 8,2014-10-12
Banana Flower, 1, 6,2014-10-12
Curry leaves, 1, 20,2014-10-12
Coriander leaves, 1, 40,2014-10-12
Mint, 1, 35,2014-10-12
Greens Leaves, 1, 10,2014-10-12
Garlic, 1, 100-170,2014-10-12
Button Mushrooms, 1, 180,2014-10-12
Papaya, 1, 20,2014-10-12
SavSav, 1, 24,2014-10-12
