Commodity, Weight in Kg, Price in Rs,Date
Brinjal, 1, 36,2014-08-06
Tomotto ottu, 1, 44,2014-08-06
Ladys Finger, 1, 20,2014-08-06
Snake Guard, 1, 26,2014-08-06
Bitter Gourd, 1, 34,2014-08-06
Bottle gourd, 1, 18,2014-08-06
Pumpkin, 1, 20,2014-08-06
Bean, 1, 36,2014-08-06
Cluster Beans, 1, 24,2014-08-06
Red Chilies, 1, 46,2014-08-06
Onion, 1, 40,2014-08-06
Pallari, 1, 36,2014-08-06
Ginger, 1, 130,2014-08-06
Potato, 1, 34,2014-08-06
Radish, 1, 25,2014-08-06
Mango, 1, 30,2014-08-06
Cabbage, 1, 26,2014-08-06
Carrot, 1, 50,2014-08-06
Beetroot, 1, 46,2014-08-06
Soybeans, 1, 70,2014-08-06
Drumstick beans, 1, 54,2014-08-06
butter beans, 1, –,2014-08-06
Banana nut, 1 piece, 4,2014-08-06
Banana stem, 1, 10,2014-08-06
Banana Flower, 1, 10,2014-08-06
Curry leaves, 1, 20,2014-08-06
Coriander leaves, 1, 25,2014-08-06
Mint, 1, 30,2014-08-06
Greens Leaves, 1, 12,2014-08-06
Garlic, 1, 100-130,2014-08-06
Button Mushrooms, 1, 198,2014-08-06
Papaya, 1, 26,2014-08-06
SavSav, 1, 30,2014-08-06
