Commodity, Weight in Kg, Price in Rs,Date
Brinjal, 1, 54,2014-07-09
Tomotto ottu, 1, 30,2014-07-09
LadyFinger, 1, 36,2014-07-09
SnakeGuard, 1, 30,2014-07-09
BitterGourd, 1, 46,2014-07-09
Bottlegourd, 1, 12,2014-07-09
Pumpkin, 1, 16,2014-07-09
Bean, 1, 60,2014-07-09
ClusterBeans, 1, 28,2014-07-09
Red Chillies, 1, 46,2014-07-09
Onion, 1, 24,2014-07-09
Pallari, 1, 34,2014-07-09
Ginger, 1, 120,2014-07-09
Potato, 1, 40,2014-07-09
Radish, 1, 30,2014-07-09
Mango, 1, 18,2014-07-09
Cabbage, 1, 28,2014-07-09
Carrot, 1, 46,2014-07-09
Beetroot, 1, 48,2014-07-09
Soybeans, 1, 100,2014-07-09
Drumstickbeans, 1, 64,2014-07-09
butterbeans, 1, –,2014-07-09
Banana nut, 1 piece, 4,2014-07-09
Banana stem, 1, 10,2014-07-09
BananaFlower, 1, 10,2014-07-09
Curry leaves, 1, 20,2014-07-09
Coriander leaves, 1, 70,2014-07-09
Mint, 1, 30,2014-07-09
GreensLeaves, 1, 12,2014-07-09
Garlic, 1, 120-140,2014-07-09
ButtonMushrooms, 1, 196,2014-07-09
Papaya, 1, 26,2014-07-09
SavSav, 1, 38,2014-07-09
