Commodity, Weight in Kg, Price in Rs,Date
Brinjal/கத்தரிக்காய், 1, 28,2014-03-17
Tomotto ottu/தக்காளி ஒட்டு, 1, 07,2014-03-17
LadyFinger/வெண்டைக்காய், 1, 34,2014-03-17
SnakeGuard/புடலங்காய், 1, 18,2014-03-17
BitterGourd/பாகற்காய், 1, 22,2014-03-17
Bottlegourd/சுரைக்காய், 1, 10,2014-03-17
Pumpkin/பூசணிக்காய், 1, 14,2014-03-17
Bean/அவரை, 1, 34,2014-03-17
ClusterBeans/கொத்தவரை, 1, 20,2014-03-17
Red Chillies/குண்டு மிளகாய், 1, 26,2014-03-17
Onion/வெங்காயம், 1, 18,2014-03-17
Pallari/பல்லாரி, 1, 16,2014-03-17
Ginger/இஞ்சி, 1, 90,2014-03-17
Potato/உருளைக்கிழங்கு, 1, 22,2014-03-17
Radish/முள்ளங்கி, 1, 14,2014-03-17
Mango/மாங்காய், 1, 50,2014-03-17
Cabbage/முட்டைக்கோஸ், 1, 10,2014-03-17
Carrot/கேரட், 1, 16,2014-03-17
Beetroot/பீட்ரூட், 1, 16,2014-03-17
Soybeans/சோயாபீன்ஸ், 1, 74,2014-03-17
Drumstickbeans/முருங்கைபீன்ஸ், 1, 48,2014-03-17
butterbeans/பட்டர்பீன்ஸ், 1, 80,2014-03-17
Banana nut/வாழைக்காய், 1 piece, 03,2014-03-17
Banana stem/வாழைத்தண்டு, 1, 07,2014-03-17
BananaFlower/வாழைப்பூ, 1, 07,2014-03-17
Curry leaves/கருவேப்பிலை, 1, 34,2014-03-17
Coriander leaves/மல்லி இலை, 1, 25,2014-03-17
Mint/புதினா, 1, 20,2014-03-17
GreensLeaves/கீரைக்கட்டு, 1, 08,2014-03-17
Garlic/பூண்டு, 1, 100-120,2014-03-17
ButtonMushrooms/ பட்டன்காளான், 1, 188,2014-03-17
Papaya/ பப்பாளிப்பழம், 1, 20,2014-03-17
SavSav/ சவ்சவ், 1, 14,2014-03-17
