Commodity, Weight in Kg, Price in Rs,Date
Brinjal, 1, 50,2014-10-26
Tomotto ottu, 1, 13,2014-10-26
Ladys Finger, 1, 16,2014-10-26
Snake Guard, 1, 18,2014-10-26
Bitter Gourd, 1, 24,2014-10-26
Bottle gourd, 1, 10,2014-10-26
Pumpkin, 1, 16,2014-10-26
Bean, 1, 38,2014-10-26
Cluster Beans, 1, 18,2014-10-26
Red Chilies, 1, 40,2014-10-26
Onion, 1, 34,2014-10-26
Pallari, 1, 24,2014-10-26
Ginger, 1, –,2014-10-26
Potato, 1, 40,2014-10-26
Radish, 1, 18,2014-10-26
Mango, 1, –,2014-10-26
Cabbage, 1, 18,2014-10-26
Carrot, 1, 38,2014-10-26
Beetroot, 1, 24,2014-10-26
Soybeans, 1, 70,2014-10-26
Drumstick beans, 1, 36,2014-10-26
butter beans, 1, –,2014-10-26
Banana nut, 1 piece, 4,2014-10-26
Banana stem, 1, 7,2014-10-26
Banana Flower, 1, 8,2014-10-26
Curry leaves, 1, 15,2014-10-26
Coriander leaves, 1, 50,2014-10-26
Mint, 1, 30,2014-10-26
Greens Leaves, 1, 10,2014-10-26
Garlic, 1, 120-140,2014-10-26
Button Mushrooms, 1, 196,2014-10-26
Papaya, 1, 20,2014-10-26
SavSav, 1, 20,2014-10-26
