Commodity, Weight in Kg, Price in Rs,Date
Brinjal, 1, 28,2014-05-03
Tomotto ottu, 1, 14,2014-05-03
LadyFinger, 1, 20,2014-05-03
SnakeGuard, 1, 22,2014-05-03
BitterGourd, 1, 30,2014-05-03
Bottlegourd, 1, 14,2014-05-03
Pumpkin, 1, 16,2014-05-03
Bean, 1, 50,2014-05-03
ClusterBeans, 1, 26,2014-05-03
Red Chillies, 1, 70,2014-05-03
Onion, 1, 26,2014-05-03
Pallari, 1, 20,2014-05-03
Ginger, 1, 130,2014-05-03
Potato, 1, 30,2014-05-03
Radish, 1, 18,2014-05-03
Mango, 1, 22,2014-05-03
Cabbage, 1, 16,2014-05-03
Carrot, 1, 28,2014-05-03
Beetroot, 1, 24,2014-05-03
Soybeans, 1, 100,2014-05-03
Drumstickbeans, 1, 44,2014-05-03
butterbeans, 1, –,2014-05-03
Banana nut, 1 piece, 03,2014-05-03
Banana stem, 1, 08,2014-05-03
BananaFlower, 1, 08,2014-05-03
Curry leaves, 1, 30,2014-05-03
Coriander leaves, 1, 35,2014-05-03
Mint, 1, 30,2014-05-03
GreensLeaves, 1, 8,2014-05-03
Garlic, 1, 100-120,2014-05-03
ButtonMushrooms, 1, 180,2014-05-03
Papaya, 1, 26,2014-05-03
SavSav, 1, 30,2014-05-03
