Commodity, Weight in Kg, Price in Rs,Date
Brinjal, 1, 32,2014-05-23
Tomotto ottu, 1, 16,2014-05-23
LadyFinger, 1, 24,2014-05-23
SnakeGuard, 1, 22,2014-05-23
BitterGourd, 1, 34,2014-05-23
Bottlegourd, 1, 14,2014-05-23
Pumpkin, 1, 16,2014-05-23
Bean, 1, 60,2014-05-23
ClusterBeans, 1, 14,2014-05-23
Red Chillies, 1, 40,2014-05-23
Onion, 1, 24,2014-05-23
Pallari, 1, 20,2014-05-23
Ginger, 1, 130,2014-05-23
Potato, 1, 28,2014-05-23
Radish, 1, 14,2014-05-23
Mango, 1, 16,2014-05-23
Cabbage, 1, 18,2014-05-23
Carrot, 1, 32,2014-05-23
Beetroot, 1, 26,2014-05-23
Soybeans, 1, 110,2014-05-23
Drumstickbeans, 1, 50,2014-05-23
butterbeans, 1, –,2014-05-23
Banana nut, 1 piece, 04,2014-05-23
Banana stem, 1, 08,2014-05-23
BananaFlower, 1, 06,2014-05-23
Curry leaves, 1, 40,2014-05-23
Coriander leaves, 1, 30,2014-05-23
Mint, 1, 25,2014-05-23
GreensLeaves, 1, 10,2014-05-23
Garlic, 1, 60-140,2014-05-23
ButtonMushrooms, 1, 180,2014-05-23
Papaya, 1, 20,2014-05-23
SavSav, 1, 32,2014-05-23
