Commodity, Weight in Kg, Price in Rs,Date
Brinjal, 1, 60,2014-11-05
Tomotto ottu, 1, 18,2014-11-05
Ladys Finger, 1, 32,2014-11-05
Snake Guard, 1, 20,2014-11-05
Bitter Gourd, 1, 36,2014-11-05
Bottle gourd, 1, 12,2014-11-05
Pumpkin, 1, 20,2014-11-05
Bean, 1, 60,2014-11-05
Cluster Beans, 1, 18,2014-11-05
Red Chilies, 1, 36,2014-11-05
Onion, 1, 36,2014-11-05
Pallari, 1, 25,2014-11-05
Ginger, 1, –,2014-11-05
Potato, 1, 42,2014-11-05
Radish, 1, 20,2014-11-05
Mango, 1, –,2014-11-05
Cabbage, 1, 20,2014-11-05
Carrot, 1, 44,2014-11-05
Beetroot, 1, 28,2014-11-05
Soybeans, 1, 80,2014-11-05
Drumstick beans, 1, 48,2014-11-05
butter beans, 1, –,2014-11-05
Banana nut, 1 piece, 5,2014-11-05
Banana stem, 1, 10,2014-11-05
Banana Flower, 1, 10,2014-11-05
Curry leaves, 1, 20,2014-11-05
Coriander leaves, 1, 55,2014-11-05
Mint, 1, 30,2014-11-05
Greens Leaves, 1, 10,2014-11-05
Garlic, 1, 100-170,2014-11-05
Button Mushrooms, 1, 180,2014-11-05
Papaya, 1, 16,2014-11-05
SavSav, 1, 26,2014-11-05
