Commodity, Weight in Kg, Price in Rs,Date
Brinjal/கத்தரிக்காய், 1, 46,2014-02-12
Tomotto ottu/தக்காளி ஒட்டு, 1, 08,2014-02-12
LadyFinger/வெண்டைக்காய், 1, 38,2014-02-12
SnakeGuard/புடலங்காய், 1, 24,2014-02-12
BitterGourd/பாகற்காய், 1, 30,2014-02-12
Bottlegourd/சுரைக்காய், 1, 12,2014-02-12
Pumpkin/பூசணிக்காய், 1, 12,2014-02-12
Bean/அவரை, 1, 34,2014-02-12
ClusterBeans/கொத்தவரை, 1, 16,2014-02-12
Red Chillies/குண்டு மிளகாய், 1, 24,2014-02-12
Onion/வெங்காயம், 1, 20,2014-02-12
Pallari/பல்லாரி, 1, 18,2014-02-12
Ginger/இஞ்சி, 1, 90,2014-02-12
Potato/உருளைக்கிழங்கு, 1, 24,2014-02-12
Radish/முள்ளங்கி, 1, 14,2014-02-12
Mango/மாங்காய், 1, 38,2014-02-12
Cabbage/முட்டைக்கோஸ், 1, 14,2014-02-12
Carrot/கேரட், 1, 16,2014-02-12
Beetroot/பீட்ரூட், 1, 18,2014-02-12
Soybeans/சோயாபீன்ஸ், 1, 64,2014-02-12
Drumstickbeans/முருங்கைபீன்ஸ், 1, 40,2014-02-12
butterbeans/பட்டர்பீன்ஸ், 1, 70,2014-02-12
Banana nut/வாழைக்காய், 1 piece, 03,2014-02-12
Banana stem/வாழைத்தண்டு, 1, 07,2014-02-12
BananaFlower/வாழைப்பூ, 1, 07,2014-02-12
Curry leaves/கருவேப்பிலை, 1, 30,2014-02-12
Coriander leaves/மல்லி இலை, 1, 40,2014-02-12
Mint/புதினா, 1, 40,2014-02-12
GreensLeaves/கீரைக்கட்டு, 1, 08,2014-02-12
Garlic/பூண்டு, 1, 120-140,2014-02-12
ButtonMushrooms/ பட்டன்காளான், 1, 190,2014-02-12
Papaya/ பப்பாளிப்பழம், 1, 24,2014-02-12
SavSav/ சவ்சவ், 1, 18,2014-02-12
