Commodity, Weight in Kg, Price in Rs,Date
Brinjal, 1, 36,2014-07-23
Tomotto ottu, 1, 48,2014-07-23
Ladys Finger, 1, 26,2014-07-23
Snake Guard, 1, 28,2014-07-23
Bitter Gourd, 1, 44,2014-07-23
Bottle gourd, 1, 16,2014-07-23
Pumpkin, 1, 18,2014-07-23
Bean, 1, 60,2014-07-23
Cluster Beans, 1, 28,2014-07-23
Red Chilies, 1, 50,2014-07-23
Onion, 1, 30,2014-07-23
Pallari, 1, 36,2014-07-23
Ginger, 1, 140,2014-07-23
Potato, 1, 34,2014-07-23
Radish, 1, 30,2014-07-23
Mango, 1, 20,2014-07-23
Cabbage, 1, 26,2014-07-23
Carrot, 1, 50,2014-07-23
Beetroot, 1, 50,2014-07-23
Soybeans, 1, 90,2014-07-23
Drumstick beans, 1, 64,2014-07-23
butter beans, 1, –,2014-07-23
Banana nut, 1 piece, 4,2014-07-23
Banana stem, 1, 8,2014-07-23
Banana Flower, 1, 12,2014-07-23
Curry leaves, 1, 20,2014-07-23
Coriander leaves, 1, 25,2014-07-23
Mint, 1, 20,2014-07-23
Greens Leaves, 1, 12,2014-07-23
Garlic, 1, 100-130,2014-07-23
Button Mushrooms, 1, 200,2014-07-23
Papaya, 1, 24,2014-07-23
SavSav, 1, 30,2014-07-23
