Commodity, Weight in Kg, Price in Rs,Date
Brinjal/கத்தரிக்காய், 1, 28,2014-04-01
Tomotto ottu/தக்காளி ஒட்டு, 1, 14,2014-04-01
LadyFinger/வெண்டைக்காய், 1, 34,2014-04-01
SnakeGuard/புடலங்காய், 1, 18,2014-04-01
BitterGourd/பாகற்காய், 1, 26,2014-04-01
Bottlegourd/சுரைக்காய், 1, 12,2014-04-01
Pumpkin/பூசணிக்காய், 1, 16,2014-04-01
Bean/அவரை, 1, 40,2014-04-01
ClusterBeans/கொத்தவரை, 1, 26,2014-04-01
Red Chillies/குண்டு மிளகாய், 1, 34,2014-04-01
Onion/வெங்காயம், 1, 16,2014-04-01
Pallari/பல்லாரி, 1, 18,2014-04-01
Ginger/இஞ்சி, 1, 140,2014-04-01
Potato/உருளைக்கிழங்கு, 1, 24,2014-04-01
Radish/முள்ளங்கி, 1, 16,2014-04-01
Mango/மாங்காய், 1, 34,2014-04-01
Cabbage/முட்டைக்கோஸ், 1, 12,2014-04-01
Carrot/கேரட், 1, 20,2014-04-01
Beetroot/பீட்ரூட், 1, 14,2014-04-01
Soybeans/சோயாபீன்ஸ், 1, 64,2014-04-01
Drumstickbeans/முருங்கைபீன்ஸ், 1, 52,2014-04-01
butterbeans/பட்டர்பீன்ஸ், 1, 74,2014-04-01
Banana nut/வாழைக்காய், 1 piece, 03,2014-04-01
Banana stem/வாழைத்தண்டு, 1, 08,2014-04-01
BananaFlower/வாழைப்பூ, 1, 08,2014-04-01
Curry leaves/கருவேப்பிலை, 1, 30,2014-04-01
Coriander leaves/மல்லி இலை, 1, 30,2014-04-01
Mint/புதினா, 1, 20,2014-04-01
GreensLeaves/கீரைக்கட்டு, 1, 10,2014-04-01
Garlic/பூண்டு, 1, 100-120,2014-04-01
ButtonMushrooms/ பட்டன்காளான், 1, 190,2014-04-01
Papaya/ பப்பாளிப்பழம், 1, 24,2014-04-01
SavSav/ சவ்சவ், 1, 26,2014-04-01
