Commodity, Weight in Kg, Price in Rs,Date
Brinjal, 1, 40,2014-11-21
Tomotto ottu, 1, 16,2014-11-21
Ladys Finger, 1, 26,2014-11-21
Snake Guard, 1, 24,2014-11-21
Bitter Gourd, 1, 30,2014-11-21
Bottle gourd, 1, 12,2014-11-21
Pumpkin, 1, 20,2014-11-21
Bean, 1, 54,2014-11-21
Cluster Beans, 1, 20,2014-11-21
Red Chilies, 1, 34,2014-11-21
Onion, 1, 34,2014-11-21
Pallari, 1, 30,2014-11-21
Ginger, 1, –,2014-11-21
Potato, 1, 40,2014-11-21
Radish, 1, 24,2014-11-21
Mango, 1, –,2014-11-21
Cabbage, 1, 24,2014-11-21
Carrot, 1, 40,2014-11-21
Beetroot, 1, 38,2014-11-21
Soybeans, 1, 70,2014-11-21
Drumstick beans, 1, 40,2014-11-21
butter beans, 1, –,2014-11-21
Banana nut, 1 piece, 4,2014-11-21
Banana stem, 1, 8,2014-11-21
Banana Flower, 1, 10,2014-11-21
Curry leaves, 1, 20,2014-11-21
Coriander leaves, 1, 50,2014-11-21
Mint, 1, 40,2014-11-21
Greens Leaves, 1, 12,2014-11-21
Garlic, 1, 80-160,2014-11-21
Button Mushrooms, 1, 190,2014-11-21
Papaya, 1, 20,2014-11-21
SavSav, 1, 36,2014-11-21
