Commodity, Weight in Kg, Price in Rs,Date
Brinjal, 1, 44,2014-06-17
Tomotto ottu, 1, 18,2014-06-17
LadyFinger, 1, 26,2014-06-17
SnakeGuard, 1, 28,2014-06-17
BitterGourd, 1, 42,2014-06-17
Bottlegourd, 1, 14,2014-06-17
Pumpkin, 1, 16,2014-06-17
Bean, 1, 70,2014-06-17
ClusterBeans, 1, 20,2014-06-17
Red Chillies, 1, 24,2014-06-17
Onion, 1, 22,2014-06-17
Pallari, 1, 24,2014-06-17
Ginger, 1, 120,2014-06-17
Potato, 1, 28,2014-06-17
Radish, 1, 24,2014-06-17
Mango, 1, 14,2014-06-17
Cabbage, 1, 22,2014-06-17
Carrot, 1, 38,2014-06-17
Beetroot, 1, 34,2014-06-17
Soybeans, 1, 110,2014-06-17
Drumstickbeans, 1, 58,2014-06-17
butterbeans, 1, –,2014-06-17
Banana nut, 1 piece, 4,2014-06-17
Banana stem, 1, 8,2014-06-17
BananaFlower, 1, 8,2014-06-17
Curry leaves, 1, 25,2014-06-17
Coriander leaves, 1, 60,2014-06-17
Mint, 1, 30,2014-06-17
GreensLeaves, 1, 10,2014-06-17
Garlic, 1, 100-120,2014-06-17
ButtonMushrooms, 1, 194,2014-06-17
Papaya, 1, 24,2014-06-17
SavSav, 1, 32,2014-06-17
