Commodity, Weight in Kg, Price in Rs,Date
Brinjal, 1, 18,2014-05-31
Tomotto ottu, 1, 14,2014-05-31
LadyFinger, 1, 18,2014-05-31
SnakeGuard, 1, 20,2014-05-31
BitterGourd, 1, 34,2014-05-31
Bottlegourd, 1, 12,2014-05-31
Pumpkin, 1, 14,2014-05-31
Bean, 1, 60,2014-05-31
ClusterBeans, 1, 20,2014-05-31
Red Chillies, 1, 36,2014-05-31
Onion, 1, 24,2014-05-31
Pallari, 1, 18,2014-05-31
Ginger, 1, 120,2014-05-31
Potato, 1, 30,2014-05-31
Radish, 1, 16,2014-05-31
Mango, 1, 18,2014-05-31
Cabbage, 1, 20,2014-05-31
Carrot, 1, 30,2014-05-31
Beetroot, 1, 24,2014-05-31
Soybeans, 1, 120,2014-05-31
Drumstickbeans, 1, 54,2014-05-31
butterbeans, 1, –,2014-05-31
Banana nut, 1 piece, 03,2014-05-31
Banana stem, 1, 8,2014-05-31
BananaFlower, 1, 10,2014-05-31
Curry leaves, 1, 30,2014-05-31
Coriander leaves, 1, 35,2014-05-31
Mint, 1, 25,2014-05-31
GreensLeaves, 1, 10,2014-05-31
Garlic, 1, 80-120,2014-05-31
ButtonMushrooms, 1, 184,2014-05-31
Papaya, 1, 20,2014-05-31
SavSav, 1, 28,2014-05-31
