Commodity, Weight in Kg, Price in Rs,Date
Brinjal/கத்தரிக்காய், 1, 28,2014-03-27
Tomotto ottu/தக்காளி ஒட்டு, 1, 10,2014-03-27
LadyFinger/வெண்டைக்காய், 1, 36,2014-03-27
SnakeGuard/புடலங்காய், 1, 14,2014-03-27
BitterGourd/பாகற்காய், 1, 24,2014-03-27
Bottlegourd/சுரைக்காய், 1, 10,2014-03-27
Pumpkin/பூசணிக்காய், 1, 16,2014-03-27
Bean/அவரை, 1, 36,2014-03-27
ClusterBeans/கொத்தவரை, 1, 24,2014-03-27
Red Chillies/குண்டு மிளகாய், 1, 26,2014-03-27
Onion/வெங்காயம், 1, 16,2014-03-27
Pallari/பல்லாரி, 1, 14,2014-03-27
Ginger/இஞ்சி, 1, 130,2014-03-27
Potato/உருளைக்கிழங்கு, 1, 24,2014-03-27
Radish/முள்ளங்கி, 1, 14,2014-03-27
Mango/மாங்காய், 1, 34,2014-03-27
Cabbage/முட்டைக்கோஸ், 1, 10,2014-03-27
Carrot/கேரட், 1, 16,2014-03-27
Beetroot/பீட்ரூட், 1, 14,2014-03-27
Soybeans/சோயாபீன்ஸ், 1, 60,2014-03-27
Drumstickbeans/முருங்கைபீன்ஸ், 1, 44,2014-03-27
butterbeans/பட்டர்பீன்ஸ், 1, 64,2014-03-27
Banana nut/வாழைக்காய், 1 piece, 04,2014-03-27
Banana stem/வாழைத்தண்டு, 1, 06,2014-03-27
BananaFlower/வாழைப்பூ, 1, 05,2014-03-27
Curry leaves/கருவேப்பிலை, 1, 30,2014-03-27
Coriander leaves/மல்லி இலை, 1, 30,2014-03-27
Mint/புதினா, 1, 20,2014-03-27
GreensLeaves/கீரைக்கட்டு, 1, 08,2014-03-27
Garlic/பூண்டு, 1, 80-120,2014-03-27
ButtonMushrooms/ பட்டன்காளான், 1, 190,2014-03-27
Papaya/ பப்பாளிப்பழம், 1, 24,2014-03-27
SavSav/ சவ்சவ், 1, 22,2014-03-27
