Commodity, Weight in Kg, Price in Rs,Date
Brinjal, 1, 36,2014-10-10
Tomotto ottu, 1, 10,2014-10-10
Ladys Finger, 1, 20,2014-10-10
Snake Guard, 1, 16,2014-10-10
Bitter Gourd, 1, 30,2014-10-10
Bottle gourd, 1, 8,2014-10-10
Pumpkin, 1, 16,2014-10-10
Bean, 1, 40,2014-10-10
Cluster Beans, 1, 14,2014-10-10
Red Chilies, 1, 32,2014-10-10
Onion, 1, 24,2014-10-10
Pallari, 1, 20,2014-10-10
Ginger, 1, –,2014-10-10
Potato, 1, 44,2014-10-10
Radish, 1, 20,2014-10-10
Mango, 1, –,2014-10-10
Cabbage, 1, 18,2014-10-10
Carrot, 1, 42,2014-10-10
Beetroot, 1, 24,2014-10-10
Soybeans, 1, 76,2014-10-10
Drumstick beans, 1, 36,2014-10-10
butter beans, 1, –,2014-10-10
Banana nut, 1 piece, 4,2014-10-10
Banana stem, 1, 8,2014-10-10
Banana Flower, 1, 6,2014-10-10
Curry leaves, 1, 20,2014-10-10
Coriander leaves, 1, 30,2014-10-10
Mint, 1, 35,2014-10-10
Greens Leaves, 1, 10,2014-10-10
Garlic, 1, 100-180,2014-10-10
Button Mushrooms, 1, 180,2014-10-10
Papaya, 1, 20,2014-10-10
SavSav, 1, 20,2014-10-10
