Commodity, Weight in Kg, Price in Rs,Date
Brinjal, 1, 30,2014-12-21
Tomotto ottu, 1, 8,2014-12-21
Ladys Finger, 1, 14,2014-12-21
Snake Guard, 1, 16,2014-12-21
Bitter Gourd, 1, 26,2014-12-21
Bottle gourd, 1, 8,2014-12-21
Pumpkin, 1, 18,2014-12-21
Bean, 1, 30,2014-12-21
Cluster Beans, 1, 18,2014-12-21
Red Chilies, 1, 28,2014-12-21
Onion, 1, 30,2014-12-21
Pallari, 1, 26,2014-12-21
Ginger, 1, –,2014-12-21
Potato, 1, 30,2014-12-21
Radish, 1, 20,2014-12-21
Mango, 1, –,2014-12-21
Cabbage, 1, 24,2014-12-21
Carrot, 1, 24,2014-12-21
Beetroot, 1, 26,2014-12-21
Soybeans, 1, 70,2014-12-21
Drumstick beans, 1, 36,2014-12-21
butter beans, 1, –,2014-12-21
Banana nut, 1 piece, 4,2014-12-21
Banana stem, 1, 8,2014-12-21
Banana Flower, 1, 12,2014-12-21
Curry leaves, 1, 30,2014-12-21
Coriander leaves, 1, 25,2014-12-21
Mint, 1, 25,2014-12-21
Greens Leaves, 1, 10,2014-12-21
Garlic, 1, 120-140,2014-12-21
Button Mushrooms, 1, 196,2014-12-21
Papaya, 1, 20,2014-12-21
SavSav, 1, 26,2014-12-21
