Commodity, Weight in Kg, Price in Rs,Date
Brinjal, 1, 30,2014-12-13
Tomotto ottu, 1, 18,2014-12-13
Ladys Finger, 1, 16,2014-12-13
Snake Guard, 1, 28,2014-12-13
Bitter Gourd, 1, 28,2014-12-13
Bottle gourd, 1, 10,2014-12-13
Pumpkin, 1, 20,2014-12-13
Bean, 1, 40,2014-12-13
Cluster Beans, 1, 20,2014-12-13
Red Chilies, 1, 40,2014-12-13
Onion, 1, 40,2014-12-13
Pallari, 1, 28,2014-12-13
Ginger, 1, –,2014-12-13
Potato, 1, 38,2014-12-13
Radish, 1, 30,2014-12-13
Mango, 1, –,2014-12-13
Cabbage, 1, 26,2014-12-13
Carrot, 1, 36,2014-12-13
Beetroot, 1, 30,2014-12-13
Soybeans, 1, 90,2014-12-13
Drumstick beans, 1, 40,2014-12-13
butter beans, 1, –,2014-12-13
Banana nut, 1 piece, 5,2014-12-13
Banana stem, 1, 12,2014-12-13
Banana Flower, 1, 12,2014-12-13
Curry leaves, 1, 25,2014-12-13
Coriander leaves, 1, 25,2014-12-13
Mint, 1, 25,2014-12-13
Greens Leaves, 1, 10,2014-12-13
Garlic, 1, 80-190,2014-12-13
Button Mushrooms, 1, 196,2014-12-13
Papaya, 1, 20,2014-12-13
SavSav, 1, 28,2014-12-13
