Commodity, Weight in Kg, Price in Rs,Date
Brinjal/கத்தரிக்காய், 1, 40,2014-02-02
Tomotto ottu/தக்காளி ஒட்டு, 1, 06,2014-02-02
LadyFinger/வெண்டைக்காய், 1, 35,2014-02-02
SnakeGuard/புடலங்காய், 1, 18,2014-02-02
BitterGourd/பாகற்காய், 1, 24,2014-02-02
Bottlegourd/சுரைக்காய், 1, 12,2014-02-02
Pumpkin/பூசணிக்காய், 1, 14,2014-02-02
Bean/அவரை, 1, 26,2014-02-02
ClusterBeans/கொத்தவரை, 1, 20,2014-02-02
Red Chillies/குண்டு மிளகாய், 1, 20,2014-02-02
Onion/வெங்காயம், 1, 22,2014-02-02
Pallari/பல்லாரி, 1, 18,2014-02-02
Ginger/இஞ்சி, 1, 90,2014-02-02
Potato/உருளைக்கிழங்கு, 1, 26,2014-02-02
Radish/முள்ளங்கி, 1, 18,2014-02-02
Mango/மாங்காய், 1, 50,2014-02-02
Cabbage/முட்டைக்கோஸ், 1, 14,2014-02-02
Carrot/கேரட், 1, 20,2014-02-02
Beetroot/பீட்ரூட், 1, 24,2014-02-02
Soybeans/சோயாபீன்ஸ், 1, 65,2014-02-02
Drumstickbeans/முருங்கைபீன்ஸ், 1, 36,2014-02-02
butterbeans/பட்டர்பீன்ஸ், 1, 70,2014-02-02
Banana nut/வாழைக்காய், 1 piece, 03,2014-02-02
Banana stem/வாழைத்தண்டு, 1, 07,2014-02-02
BananaFlower/வாழைப்பூ, 1, 05,2014-02-02
Curry leaves/கருவேப்பிலை, 1, 35,2014-02-02
Coriander leaves/மல்லி இலை, 1, 30,2014-02-02
Mint/புதினா, 1, 25,2014-02-02
GreensLeaves/கீரைக்கட்டு, 1, 08,2014-02-02
Garlic/பூண்டு, 1, 80-140,2014-02-02
ButtonMushrooms/ பட்டன்காளான், 1, 180,2014-02-02
Papaya/ பப்பாளிப்பழம், 1, 20,2014-02-02
SavSav/ சவ்சவ், 1, 16,2014-02-02
