Commodity, Weight in Kg, Price in Rs,Date
Brinjal, 1, 36,2014-08-13
Tomotto ottu, 1, 40,2014-08-13
Ladys Finger, 1, 24,2014-08-13
Snake Guard, 1, 26,2014-08-13
Bitter Gourd, 1, 40,2014-08-13
Bottle gourd, 1, 16,2014-08-13
Pumpkin, 1, 16,2014-08-13
Bean, 1, 36,2014-08-13
Cluster Beans, 1, 26,2014-08-13
Red Chilies, 1, 40,2014-08-13
Onion, 1, 34,2014-08-13
Pallari, 1, 34,2014-08-13
Ginger, 1, 140,2014-08-13
Potato, 1, 40,2014-08-13
Radish, 1, 20,2014-08-13
Mango, 1, –,2014-08-13
Cabbage, 1, 24,2014-08-13
Carrot, 1, 40,2014-08-13
Beetroot, 1, 40,2014-08-13
Soybeans, 1, 70,2014-08-13
Drumstick beans, 1, 64,2014-08-13
butter beans, 1, –,2014-08-13
Banana nut, 1 piece, 4,2014-08-13
Banana stem, 1, 10,2014-08-13
Banana Flower, 1, 10,2014-08-13
Curry leaves, 1, 25,2014-08-13
Coriander leaves, 1, 35,2014-08-13
Mint, 1, 25,2014-08-13
Greens Leaves, 1, 15,2014-08-13
Garlic, 1, 160-170,2014-08-13
Button Mushrooms, 1, 185,2014-08-13
Papaya, 1, 24,2014-08-13
SavSav, 1, 36,2014-08-13
