Commodity, Weight in Kg, Price in Rs,Date
Brinjal, 1, 36,2014-12-30
Tomotto ottu, 1, 16,2014-12-30
Ladys Finger, 1, 26,2014-12-30
Snake Guard, 1, 18,2014-12-30
Bitter Gourd, 1, 30,2014-12-30
Bottle gourd, 1, 8,2014-12-30
Pumpkin, 1, 16,2014-12-30
Bean, 1, 32,2014-12-30
Cluster Beans, 1, 16,2014-12-30
Red Chilies, 1, 40,2014-12-30
Onion, 1, 26,2014-12-30
Pallari, 1, 30,2014-12-30
Ginger, 1, –,2014-12-30
Potato, 1, 30,2014-12-30
Radish, 1, 16,2014-12-30
Mango, 1, –,2014-12-30
Cabbage, 1, 26,2014-12-30
Carrot, 1, 26,2014-12-30
Beetroot, 1, 30,2014-12-30
Soybeans, 1, 80,2014-12-30
Drumstick beans, 1, 48,2014-12-30
butter beans, 1, –,2014-12-30
Banana nut, 1 piece, 4,2014-12-30
Banana stem, 1, 10,2014-12-30
Banana Flower, 1, 12,2014-12-30
Curry leaves, 1, 20,2014-12-30
Coriander leaves, 1, 25,2014-12-30
Mint, 1, 25,2014-12-30
Greens Leaves, 1, 10,2014-12-30
Garlic, 1, 120-140,2014-12-30
Button Mushrooms, 1, 194,2014-12-30
Papaya, 1, 20,2014-12-30
SavSav, 1, 30,2014-12-30
Sapotta, 1, 24,2014-12-30
