Commodity, Weight in Kg, Price in Rs,Date
Brinjal, 1, 30,2014-05-25
Tomotto ottu, 1, 16,2014-05-25
LadyFinger, 1, 20,2014-05-25
SnakeGuard, 1, 24,2014-05-25
BitterGourd, 1, 38,2014-05-25
Bottlegourd, 1, 14,2014-05-25
Pumpkin, 1, 16,2014-05-25
Bean, 1, 66,2014-05-25
ClusterBeans, 1, 20,2014-05-25
Red Chillies, 1, 50,2014-05-25
Onion, 1, 24,2014-05-25
Pallari, 1, 20,2014-05-25
Ginger, 1, 140,2014-05-25
Potato, 1, 30,2014-05-25
Radish, 1, 20,2014-05-25
Mango, 1, 18,2014-05-25
Cabbage, 1, 18,2014-05-25
Carrot, 1, 32,2014-05-25
Beetroot, 1, 28,2014-05-25
Soybeans, 1, 110,2014-05-25
Drumstickbeans, 1, 58,2014-05-25
butterbeans, 1, –,2014-05-25
Banana nut, 1 piece, 04,2014-05-25
Banana stem, 1, 10,2014-05-25
BananaFlower, 1, 10,2014-05-25
Curry leaves, 1, 25,2014-05-25
Coriander leaves, 1, 30,2014-05-25
Mint, 1, 25,2014-05-25
GreensLeaves, 1, 8,2014-05-25
Garlic, 1, 60-140,2014-05-25
ButtonMushrooms, 1, 185,2014-05-25
Papaya, 1, 24,2014-05-25
SavSav, 1, 32,2014-05-25
