Commodity, Weight in Kg, Price in Rs,Date
Brinjal, 1, 56,2014-07-20
Tomotto ottu, 1, 20,2014-07-20
LadyFinger, 1, 34,2014-07-20
SnakeGuard, 1, 26,2014-07-20
BitterGourd, 1, 44,2014-07-20
Bottlegourd, 1, 14,2014-07-20
Pumpkin, 1, 18,2014-07-20
Bean, 1, 60,2014-07-20
ClusterBeans, 1, 26,2014-07-20
Red Chillies, 1, 50,2014-07-20
Onion, 1, 22,2014-07-20
Pallari, 1, 30,2014-07-20
Ginger, 1, 130,2014-07-20
Potato, 1, 36,2014-07-20
Radish, 1, 26,2014-07-20
Mango, 1, 14,2014-07-20
Cabbage, 1, 28,2014-07-20
Carrot, 1, 40,2014-07-20
Beetroot, 1, 38,2014-07-20
Soybeans, 1, 110,2014-07-20
Drumstickbeans, 1, 68,2014-07-20
butterbeans, 1, –,2014-07-20
Banana nut, 1 piece, 4,2014-07-20
Banana stem, 1, 10,2014-07-20
BananaFlower, 1, 10,2014-07-20
Curry leaves, 1, 25,2014-07-20
Coriander leaves, 1, 80,2014-07-20
Mint, 1, 30,2014-07-20
GreensLeaves, 1, 10,2014-07-20
Garlic, 1, 100-120,2014-07-20
ButtonMushrooms, 1, 200,2014-07-20
Papaya, 1, 26,2014-07-20
SavSav, 1, 38,2014-07-20
