Commodity, Weight in Kg, Price in Rs,Date
Brinjal, 1, 26,2014-05-04
Tomotto ottu, 1, 14,2014-05-04
LadyFinger, 1, 20,2014-05-04
SnakeGuard, 1, 26,2014-05-04
BitterGourd, 1, 34,2014-05-04
Bottlegourd, 1, 16,2014-05-04
Pumpkin, 1, 18,2014-05-04
Bean, 1, 50,2014-05-04
ClusterBeans, 1, 26,2014-05-04
Red Chillies, 1, 50,2014-05-04
Onion, 1, 24,2014-05-04
Pallari, 1, 20,2014-05-04
Ginger, 1, 130,2014-05-04
Potato, 1, 28,2014-05-04
Radish, 1, 16,2014-05-04
Mango, 1, 20,2014-05-04
Cabbage, 1, 18,2014-05-04
Carrot, 1, 26,2014-05-04
Beetroot, 1, 24,2014-05-04
Soybeans, 1, 110,2014-05-04
Drumstickbeans, 1, 48,2014-05-04
butterbeans, 1, –,2014-05-04
Banana nut, 1 piece, 04,2014-05-04
Banana stem, 1, 10,2014-05-04
BananaFlower, 1, 10,2014-05-04
Curry leaves, 1, 35,2014-05-04
Coriander leaves, 1, 40,2014-05-04
Mint, 1, 30,2014-05-04
GreensLeaves, 1, 10,2014-05-04
Garlic, 1, 100-120,2014-05-04
ButtonMushrooms, 1, 190,2014-05-04
Papaya, 1, 24,2014-05-04
SavSav, 1, 30,2014-05-04
