Commodity, Weight in Kg, Price in Rs,Date
Brinjal, 1, 54,2014-11-17
Tomotto ottu, 1, 14,2014-11-17
Ladys Finger, 1, 16,2014-11-17
Snake Guard, 1, 24,2014-11-17
Bitter Gourd, 1, 30,2014-11-17
Bottle gourd, 1, 12,2014-11-17
Pumpkin, 1, 20,2014-11-17
Bean, 1, 50,2014-11-17
Cluster Beans, 1, 20,2014-11-17
Red Chilies, 1, 36,2014-11-17
Onion, 1, 30,2014-11-17
Pallari, 1, 28,2014-11-17
Ginger, 1, –,2014-11-17
Potato, 1, 40,2014-11-17
Radish, 1, 26,2014-11-17
Mango, 1, –,2014-11-17
Cabbage, 1, 24,2014-11-17
Carrot, 1, 40,2014-11-17
Beetroot, 1, 34,2014-11-17
Soybeans, 1, 70,2014-11-17
Drumstick beans, 1, 54,2014-11-17
butter beans, 1, –,2014-11-17
Banana nut, 1 piece, 5,2014-11-17
Banana stem, 1, 10,2014-11-17
Banana Flower, 1, 10,2014-11-17
Curry leaves, 1, 20,2014-11-17
Coriander leaves, 1, 60,2014-11-17
Mint, 1, 50,2014-11-17
Greens Leaves, 1, 12,2014-11-17
Garlic, 1, 120-170,2014-11-17
Button Mushrooms, 1, 190,2014-11-17
Papaya, 1, 24,2014-11-17
SavSav, 1, 34,2014-11-17
