Commodity, Weight in Kg, Price in Rs,Date
Brinjal, 1, 34,2014-07-22
Tomotto ottu, 1, 50,2014-07-22
Ladys Finger, 1, 24,2014-07-22
Snake Guard, 1, 26,2014-07-22
Bitter Gourd, 1, 44,2014-07-22
Bottle gourd, 1, 14,2014-07-22
Pumpkin, 1, 22,2014-07-22
Bean, 1, 56,2014-07-22
Cluster Beans, 1, 24,2014-07-22
Red Chilies, 1, 50,2014-07-22
Onion, 1, 30,2014-07-22
Pallari, 1, 36,2014-07-22
Ginger, 1, 140,2014-07-22
Potato, 1, 34,2014-07-22
Radish, 1, 30,2014-07-22
Mango, 1, 20,2014-07-22
Cabbage, 1, 24,2014-07-22
Carrot, 1, 50,2014-07-22
Beetroot, 1, 50,2014-07-22
Soybeans, 1, 90,2014-07-22
Drumstick beans, 1, 58,2014-07-22
butter beans, 1, –,2014-07-22
Banana nut, 1 piece, 4,2014-07-22
Banana stem, 1, 12,2014-07-22
Banana Flower, 1, 15,2014-07-22
Curry leaves, 1, 20,2014-07-22
Coriander leaves, 1, 25,2014-07-22
Mint, 1, 12,2014-07-22
Greens Leaves, 1, 12,2014-07-22
Garlic, 1, 70-130,2014-07-22
Button Mushrooms, 1, 200,2014-07-22
Papaya, 1, 24,2014-07-22
SavSav, 1, 32,2014-07-22
