Commodity, Weight in Kg, Price in Rs,Date
Brinjal, 1, 44,2014-06-18
Tomotto ottu, 1, 14,2014-06-18
LadyFinger, 1, 26,2014-06-18
SnakeGuard, 1, 26,2014-06-18
BitterGourd, 1, 40,2014-06-18
Bottlegourd, 1, 14,2014-06-18
Pumpkin, 1, 16,2014-06-18
Bean, 1, 64,2014-06-18
ClusterBeans, 1, 20,2014-06-18
Red Chillies, 1, 26,2014-06-18
Onion, 1, 20,2014-06-18
Pallari, 1, 24,2014-06-18
Ginger, 1, 130,2014-06-18
Potato, 1, 26,2014-06-18
Radish, 1, 24,2014-06-18
Mango, 1, 10,2014-06-18
Cabbage, 1, 34,2014-06-18
Carrot, 1, 40,2014-06-18
Beetroot, 1, 34,2014-06-18
Soybeans, 1, 100,2014-06-18
Drumstickbeans, 1, 56,2014-06-18
butterbeans, 1, –,2014-06-18
Banana nut, 1 piece, 4,2014-06-18
Banana stem, 1, 8,2014-06-18
BananaFlower, 1, 8,2014-06-18
Curry leaves, 1, 20,2014-06-18
Coriander leaves, 1, 50,2014-06-18
Mint, 1, 30,2014-06-18
GreensLeaves, 1, 10,2014-06-18
Garlic, 1, 100-120,2014-06-18
ButtonMushrooms, 1, 190,2014-06-18
Papaya, 1, 24,2014-06-18
SavSav, 1, 34,2014-06-18
