Commodity, Weight in Kg, Price in Rs,Date
Brinjal, 1, 38,2014-05-14
Tomotto ottu, 1, 16,2014-05-14
LadyFinger, 1, 26,2014-05-14
SnakeGuard, 1, 34,2014-05-14
BitterGourd, 1, 36,2014-05-14
Bottlegourd, 1, 14,2014-05-14
Pumpkin, 1, 16,2014-05-14
Bean, 1, 60,2014-05-14
ClusterBeans, 1, 18,2014-05-14
Red Chillies, 1, 70,2014-05-14
Onion, 1, 24,2014-05-14
Pallari, 1, 20,2014-05-14
Ginger, 1, 130,2014-05-14
Potato, 1, 32,2014-05-14
Radish, 1, 20,2014-05-14
Mango, 1, 18,2014-05-14
Cabbage, 1, 20,2014-05-14
Carrot, 1, 30,2014-05-14
Beetroot, 1, 28,2014-05-14
Soybeans, 1, 110,2014-05-14
Drumstickbeans, 1, 38,2014-05-14
butterbeans, 1, –,2014-05-14
Banana nut, 1 piece, 04,2014-05-14
Banana stem, 1, 8,2014-05-14
BananaFlower, 1, 8,2014-05-14
Curry leaves, 1, 40,2014-05-14
Coriander leaves, 1, 35,2014-05-14
Mint, 1, 30,2014-05-14
GreensLeaves, 1, 10,2014-05-14
Garlic, 1, 100-120,2014-05-14
ButtonMushrooms, 1, 188,2014-05-14
Papaya, 1, 24,2014-05-14
SavSav, 1, 30,2014-05-14
