Commodity, Weight in Kg, Price in Rs,Date
Brinjal, 1, 30,2014-12-29
Tomotto ottu, 1, 16,2014-12-29
Ladys Finger, 1, 24,2014-12-29
Snake Guard, 1, 16,2014-12-29
Bitter Gourd, 1, 24,2014-12-29
Bottle gourd, 1, 8,2014-12-29
Pumpkin, 1, 16,2014-12-29
Bean, 1, 32,2014-12-29
Cluster Beans, 1, 18,2014-12-29
Red Chilies, 1, 40,2014-12-29
Onion, 1, 24,2014-12-29
Pallari, 1, 26,2014-12-29
Ginger, 1, –,2014-12-29
Potato, 1, 30,2014-12-29
Radish, 1, 16,2014-12-29
Mango, 1, –,2014-12-29
Cabbage, 1, 26,2014-12-29
Carrot, 1, 24,2014-12-29
Beetroot, 1, 34,2014-12-29
Soybeans, 1, 70,2014-12-29
Drumstick beans, 1, 48,2014-12-29
butter beans, 1, –,2014-12-29
Banana nut, 1 piece, 4,2014-12-29
Banana stem, 1, 10,2014-12-29
Banana Flower, 1, 6,2014-12-29
Curry leaves, 1, 20,2014-12-29
Coriander leaves, 1, 20,2014-12-29
Mint, 1, 25,2014-12-29
Greens Leaves, 1, 10,2014-12-29
Garlic, 1, 80-160,2014-12-29
Button Mushrooms, 1, 180,2014-12-29
Papaya, 1, 20,2014-12-29
SavSav, 1, 26,2014-12-29
Sapotta, 1, 20,2014-12-29
