Commodity, Weight in Kg, Price in Rs,Date
Brinjal, 1, 30,2014-10-02
Tomotto ottu, 1, 16,2014-10-02
Ladys Finger, 1, 14,2014-10-02
Snake Guard, 1, 12,2014-10-02
Bitter Gourd, 1, 24,2014-10-02
Bottle gourd, 1, 10,2014-10-02
Pumpkin, 1, 16,2014-10-02
Bean, 1, 30,2014-10-02
Cluster Beans, 1, 12,2014-10-02
Red Chilies, 1, 30,2014-10-02
Onion, 1, 26,2014-10-02
Pallari, 1, 20,2014-10-02
Ginger, 1, –,2014-10-02
Potato, 1, 44,2014-10-02
Radish, 1, 12,2014-10-02
Mango, 1, –,2014-10-02
Cabbage, 1, 20,2014-10-02
Carrot, 1, 46,2014-10-02
Beetroot, 1, 30,2014-10-02
Soybeans, 1, 76,2014-10-02
Drumstick beans, 1, 34,2014-10-02
butter beans, 1, –,2014-10-02
Banana nut, 1 piece, 4,2014-10-02
Banana stem, 1, 8,2014-10-02
Banana Flower, 1, 6,2014-10-02
Curry leaves, 1, 15,2014-10-02
Coriander leaves, 1, 25,2014-10-02
Mint, 1, 35,2014-10-02
Greens Leaves, 1, 10,2014-10-02
Garlic, 1, 100-160,2014-10-02
Button Mushrooms, 1, 196,2014-10-02
Papaya, 1, 24,2014-10-02
SavSav, 1, 26,2014-10-02
