Commodity, Weight in Kg, Price in Rs,Date
Brinjal/கத்தரிக்காய், 1, 28,2014-03-15
Tomotto ottu/தக்காளி ஒட்டு, 1, 06,2014-03-15
LadyFinger/வெண்டைக்காய், 1, 30,2014-03-15
SnakeGuard/புடலங்காய், 1, 18,2014-03-15
BitterGourd/பாகற்காய், 1, 20,2014-03-15
Bottlegourd/சுரைக்காய், 1, 12,2014-03-15
Pumpkin/பூசணிக்காய், 1, 14,2014-03-15
Bean/அவரை, 1, 28,2014-03-15
ClusterBeans/கொத்தவரை, 1, 24,2014-03-15
Red Chillies/குண்டு மிளகாய், 1, 30,2014-03-15
Onion/வெங்காயம், 1, 20,2014-03-15
Pallari/பல்லாரி, 1, 16,2014-03-15
Ginger/இஞ்சி, 1, 90,2014-03-15
Potato/உருளைக்கிழங்கு, 1, 22,2014-03-15
Radish/முள்ளங்கி, 1, 12,2014-03-15
Mango/மாங்காய், 1, 50,2014-03-15
Cabbage/முட்டைக்கோஸ், 1, 12,2014-03-15
Carrot/கேரட், 1, 16,2014-03-15
Beetroot/பீட்ரூட், 1, 12,2014-03-15
Soybeans/சோயாபீன்ஸ், 1, 70,2014-03-15
Drumstickbeans/முருங்கைபீன்ஸ், 1, 50,2014-03-15
butterbeans/பட்டர்பீன்ஸ், 1, 80,2014-03-15
Banana nut/வாழைக்காய், 1 piece, 03,2014-03-15
Banana stem/வாழைத்தண்டு, 1, 06,2014-03-15
BananaFlower/வாழைப்பூ, 1, 06,2014-03-15
Curry leaves/கருவேப்பிலை, 1, 30,2014-03-15
Coriander leaves/மல்லி இலை, 1, 25,2014-03-15
Mint/புதினா, 1, 20,2014-03-15
GreensLeaves/கீரைக்கட்டு, 1, 08,2014-03-15
Garlic/பூண்டு, 1, 120-140,2014-03-15
ButtonMushrooms/ பட்டன்காளான், 1, 188,2014-03-15
Papaya/ பப்பாளிப்பழம், 1, 20,2014-03-15
SavSav/ சவ்சவ், 1, 14,2014-03-15
