Commodity, Weight in Kg, Price in Rs,Date
Brinjal, 1, 34,2014-09-17
Tomotto ottu, 1, 16,2014-09-17
Ladys Finger, 1, 10,2014-09-17
Snake Guard, 1, 16,2014-09-17
Bitter Gourd, 1, 32,2014-09-17
Bottle gourd, 1, 8,2014-09-17
Pumpkin, 1, 16,2014-09-17
Bean, 1, 28,2014-09-17
Cluster Beans, 1, 16,2014-09-17
Red Chilies, 1, 30,2014-09-17
Onion, 1, 30,2014-09-17
Pallari, 1, 26,2014-09-17
Ginger, 1, 120,2014-09-17
Potato, 1, 38,2014-09-17
Radish, 1, 14,2014-09-17
Mango, 1, –,2014-09-17
Cabbage, 1, 16,2014-09-17
Carrot, 1, 44,2014-09-17
Beetroot, 1, 20,2014-09-17
Soybeans, 1, 90,2014-09-17
Drumstick beans, 1, 32,2014-09-17
butter beans, 1, –,2014-09-17
Banana nut, 1 piece, 3,2014-09-17
Banana stem, 1, 7,2014-09-17
Banana Flower, 1, 8,2014-09-17
Curry leaves, 1, 10,2014-09-17
Coriander leaves, 1, 30,2014-09-17
Mint, 1, 35,2014-09-17
Greens Leaves, 1, 8,2014-09-17
Garlic, 1, 120-140,2014-09-17
Button Mushrooms, 1, 196,2014-09-17
Papaya, 1, 24,2014-09-17
SavSav, 1, 26,2014-09-17
