Commodity, Weight in Kg, Price in Rs,Date
Brinjal, 1, 58,2014-10-31
Tomotto ottu, 1, 15,2014-10-31
Ladys Finger, 1, 30,2014-10-31
Snake Guard, 1, 20,2014-10-31
Bitter Gourd, 1, 32,2014-10-31
Bottle gourd, 1, 10,2014-10-31
Pumpkin, 1, 16,2014-10-31
Bean, 1, 60,2014-10-31
Cluster Beans, 1, 18,2014-10-31
Red Chilies, 1, 36,2014-10-31
Onion, 1, 34,2014-10-31
Pallari, 1, 24,2014-10-31
Ginger, 1, –,2014-10-31
Potato, 1, 44,2014-10-31
Radish, 1, 24,2014-10-31
Mango, 1, –,2014-10-31
Cabbage, 1, 20,2014-10-31
Carrot, 1, 44,2014-10-31
Beetroot, 1, 28,2014-10-31
Soybeans, 1, 70,2014-10-31
Drumstick beans, 1, 46,2014-10-31
butter beans, 1, –,2014-10-31
Banana nut, 1 piece, 4,2014-10-31
Banana stem, 1, 8,2014-10-31
Banana Flower, 1, 6,2014-10-31
Curry leaves, 1, 20,2014-10-31
Coriander leaves, 1, 40,2014-10-31
Mint, 1, 30,2014-10-31
Greens Leaves, 1, 10,2014-10-31
Garlic, 1, 100-170,2014-10-31
Button Mushrooms, 1, 180,2014-10-31
Papaya, 1, 14,2014-10-31
SavSav, 1, 26,2014-10-31
