Commodity, Weight in Kg, Price in Rs,Date
Brinjal, 1, 38,2014-08-18
Tomotto ottu, 1, 46,2014-08-18
Ladys Finger, 1, 30,2014-08-18
Snake Guard, 1, 24,2014-08-18
Bitter Gourd, 1, 40,2014-08-18
Bottle gourd, 1, 14,2014-08-18
Pumpkin, 1, 16,2014-08-18
Bean, 1, 40,2014-08-18
Cluster Beans, 1, 24,2014-08-18
Red Chilies, 1, 42,2014-08-18
Onion, 1, 30,2014-08-18
Pallari, 1, 28,2014-08-18
Ginger, 1, 140,2014-08-18
Potato, 1, 40,2014-08-18
Radish, 1, 16,2014-08-18
Mango, 1, –,2014-08-18
Cabbage, 1, 20,2014-08-18
Carrot, 1, 46,2014-08-18
Beetroot, 1, 42,2014-08-18
Soybeans, 1, 70,2014-08-18
Drumstick beans, 1, 60,2014-08-18
butter beans, 1, –,2014-08-18
Banana nut, 1 piece, 4,2014-08-18
Banana stem, 1, 8,2014-08-18
Banana Flower, 1, 6,2014-08-18
Curry leaves, 1, 20,2014-08-18
Coriander leaves, 1, 20,2014-08-18
Mint, 1, 25,2014-08-18
Greens Leaves, 1, 10,2014-08-18
Garlic, 1, 60-160,2014-08-18
Button Mushrooms, 1, 180,2014-08-18
Papaya, 1, 20,2014-08-18
SavSav, 1, 36,2014-08-18
