Commodity, Weight in Kg, Price in Rs,Date
Brinjal, 1, 28,2014-04-28
Tomotto ottu, 1, 16,2014-04-28
LadyFinger, 1, 24,2014-04-28
SnakeGuard, 1, 22,2014-04-28
BitterGourd, 1, 34,2014-04-28
Bottlegourd, 1, 12,2014-04-28
Pumpkin, 1, 16,2014-04-28
Bean, 1, 44,2014-04-28
ClusterBeans, 1, 26,2014-04-28
Red Chillies, 1, 70,2014-04-28
Onion, 1, 24,2014-04-28
Pallari, 1, 18,2014-04-28
Ginger, 1, 140,2014-04-28
Potato, 1, 28,2014-04-28
Radish, 1, 16,2014-04-28
Mango, 1, 22,2014-04-28
Cabbage, 1, 14,2014-04-28
Carrot, 1, 28,2014-04-28
Beetroot, 1, 24,2014-04-28
Soybeans, 1, 100,2014-04-28
Drumstickbeans, 1, 54,2014-04-28
butterbeans, 1, –,2014-04-28
Banana nut, 1 piece, 04,2014-04-28
Banana stem, 1, 08,2014-04-28
BananaFlower, 1, 06,2014-04-28
Curry leaves, 1, 40,2014-04-28
Coriander leaves, 1, 35,2014-04-28
Mint, 1, 30,2014-04-28
GreensLeaves, 1, 10,2014-04-28
Garlic, 1, 100-120,2014-04-28
ButtonMushrooms, 1, 180,2014-04-28
Papaya, 1, 22,2014-04-28
SavSav, 1, 30,2014-04-28
