Commodity, Weight in Kg, Price in Rs,Date
Brinjal, 1, 36,2014-09-14
Tomotto ottu, 1, 22,2014-09-14
Ladys Finger, 1, 12,2014-09-14
Snake Guard, 1, 16,2014-09-14
Bitter Gourd, 1, 32,2014-09-14
Bottle gourd, 1, 8,2014-09-14
Pumpkin, 1, 18,2014-09-14
Bean, 1, 32,2014-09-14
Cluster Beans, 1, 18,2014-09-14
Red Chilies, 1, 30,2014-09-14
Onion, 1, 30,2014-09-14
Pallari, 1, 26,2014-09-14
Ginger, 1, 70,2014-09-14
Potato, 1, 40,2014-09-14
Radish, 1, 14,2014-09-14
Mango, 1, –,2014-09-14
Cabbage, 1, 18,2014-09-14
Carrot, 1, 44,2014-09-14
Beetroot, 1, 20,2014-09-14
Soybeans, 1, 90,2014-09-14
Drumstick beans, 1, 45,2014-09-14
butter beans, 1, –,2014-09-14
Banana nut, 1 piece, 3,2014-09-14
Banana stem, 1, 7,2014-09-14
Banana Flower, 1, 10,2014-09-14
Curry leaves, 1, 10,2014-09-14
Coriander leaves, 1, 30,2014-09-14
Mint, 1, 35,2014-09-14
Greens Leaves, 1, 10,2014-09-14
Garlic, 1, 100-160,2014-09-14
Button Mushrooms, 1, 198,2014-09-14
Papaya, 1, 20,2014-09-14
SavSav, 1, 26,2014-09-14
