Commodity, Weight in Kg, Price in Rs,Date
Brinjal, 1, 18,2014-06-30
Tomotto ottu, 1, 14,2014-06-30
LadyFinger, 1, 22,2014-06-30
SnakeGuard, 1, 24,2014-06-30
BitterGourd, 1, 30,2014-06-30
Bottlegourd, 1, 10,2014-06-30
Pumpkin, 1, 14,2014-06-30
Bean, 1, 64,2014-06-30
ClusterBeans, 1, 18,2014-06-30
Red Chillies, 1, 30,2014-06-30
Onion, 1, 24,2014-06-30
Pallari, 1, 20,2014-06-30
Ginger, 1, 120,2014-06-30
Potato, 1, 28,2014-06-30
Radish, 1, 18,2014-06-30
Mango, 1, 16,2014-06-30
Cabbage, 1, 18,2014-06-30
Carrot, 1, 30,2014-06-30
Beetroot, 1, 24,2014-06-30
Soybeans, 1, 120,2014-06-30
Drumstickbeans, 1, 56,2014-06-30
butterbeans, 1, –,2014-06-30
Banana nut, 1 piece, 04,2014-06-30
Banana stem, 1, 8,2014-06-30
BananaFlower, 1, 10,2014-06-30
Curry leaves, 1, 40,2014-06-30
Coriander leaves, 1, 35,2014-06-30
Mint, 1, 30,2014-06-30
GreensLeaves, 1, 10,2014-06-30
Garlic, 1, 100-120,2014-06-30
ButtonMushrooms, 1, 190,2014-06-30
Papaya, 1, 20,2014-06-30
SavSav, 1, 36,2014-06-30
