Commodity, Weight in Kg, Price in Rs,Date
Brinjal/கத்தரிக்காய், 1, 28,2014-03-31
Tomotto ottu/தக்காளி ஒட்டு, 1, 16,2014-03-31
LadyFinger/வெண்டைக்காய், 1, 36,2014-03-31
SnakeGuard/புடலங்காய், 1, 20,2014-03-31
BitterGourd/பாகற்காய், 1, 24,2014-03-31
Bottlegourd/சுரைக்காய், 1, 12,2014-03-31
Pumpkin/பூசணிக்காய், 1, 16,2014-03-31
Bean/அவரை, 1, 38,2014-03-31
ClusterBeans/கொத்தவரை, 1, 28,2014-03-31
Red Chillies/குண்டு மிளகாய், 1, 32,2014-03-31
Onion/வெங்காயம், 1, 16,2014-03-31
Pallari/பல்லாரி, 1, 16,2014-03-31
Ginger/இஞ்சி, 1, 130,2014-03-31
Potato/உருளைக்கிழங்கு, 1, 22,2014-03-31
Radish/முள்ளங்கி, 1, 16,2014-03-31
Mango/மாங்காய், 1, 30,2014-03-31
Cabbage/முட்டைக்கோஸ், 1, 12,2014-03-31
Carrot/கேரட், 1, 18,2014-03-31
Beetroot/பீட்ரூட், 1, 14,2014-03-31
Soybeans/சோயாபீன்ஸ், 1, 64,2014-03-31
Drumstickbeans/முருங்கைபீன்ஸ், 1, 56,2014-03-31
butterbeans/பட்டர்பீன்ஸ், 1, 76,2014-03-31
Banana nut/வாழைக்காய், 1 piece, 04,2014-03-31
Banana stem/வாழைத்தண்டு, 1, 06,2014-03-31
BananaFlower/வாழைப்பூ, 1, 05,2014-03-31
Curry leaves/கருவேப்பிலை, 1, 30,2014-03-31
Coriander leaves/மல்லி இலை, 1, 30,2014-03-31
Mint/புதினா, 1, 25,2014-03-31
GreensLeaves/கீரைக்கட்டு, 1, 08,2014-03-31
Garlic/பூண்டு, 1, 60-120,2014-03-31
ButtonMushrooms/ பட்டன்காளான், 1, 190,2014-03-31
Papaya/ பப்பாளிப்பழம், 1, 22,2014-03-31
SavSav/ சவ்சவ், 1, 24,2014-03-31
