Commodity, Weight in Kg, Price in Rs,Date
Brinjal, 1, 34,2014-08-19
Tomotto ottu, 1, 40,2014-08-19
Ladys Finger, 1, 24,2014-08-19
Snake Guard, 1, 26,2014-08-19
Bitter Gourd, 1, 40,2014-08-19
Bottle gourd, 1, 16,2014-08-19
Pumpkin, 1, 18,2014-08-19
Bean, 1, 36,2014-08-19
Cluster Beans, 1, 20,2014-08-19
Red Chilies, 1, 40,2014-08-19
Onion, 1, 30,2014-08-19
Pallari, 1, 30,2014-08-19
Ginger, 1, 120,2014-08-19
Potato, 1, 38,2014-08-19
Radish, 1, 14,2014-08-19
Mango, 1, –,2014-08-19
Cabbage, 1, 20,2014-08-19
Carrot, 1, 36,2014-08-19
Beetroot, 1, 40,2014-08-19
Soybeans, 1, 64,2014-08-19
Drumstick beans, 1, 50,2014-08-19
butter beans, 1, –,2014-08-19
Banana nut, 1 piece, 3,2014-08-19
Banana stem, 1, 7,2014-08-19
Banana Flower, 1, 8,2014-08-19
Curry leaves, 1, 20,2014-08-19
Coriander leaves, 1, 20,2014-08-19
Mint, 1, 25,2014-08-19
Greens Leaves, 1, 10,2014-08-19
Garlic, 1, 120-130,2014-08-19
Button Mushrooms, 1, 196,2014-08-19
Papaya, 1, 24,2014-08-19
SavSav, 1, 30,2014-08-19
