Commodity, Weight in Kg, Price in Rs,Date
Brinjal, 1, 54,2014-11-15
Tomotto ottu, 1, 13,2014-11-15
Ladys Finger, 1, 14,2014-11-15
Snake Guard, 1, 20,2014-11-15
Bitter Gourd, 1, 30,2014-11-15
Bottle gourd, 1, 14,2014-11-15
Pumpkin, 1, 20,2014-11-15
Bean, 1, 64,2014-11-15
Cluster Beans, 1, 20,2014-11-15
Red Chilies, 1, 34,2014-11-15
Onion, 1, 30,2014-11-15
Pallari, 1, 28,2014-11-15
Ginger, 1, –,2014-11-15
Potato, 1, 40,2014-11-15
Radish, 1, 26,2014-11-15
Mango, 1, –,2014-11-15
Cabbage, 1, 24,2014-11-15
Carrot, 1, 44,2014-11-15
Beetroot, 1, 36,2014-11-15
Soybeans, 1, 70,2014-11-15
Drumstick beans, 1, 54,2014-11-15
butter beans, 1, –,2014-11-15
Banana nut, 1 piece, 5,2014-11-15
Banana stem, 1, 10,2014-11-15
Banana Flower, 1, 10,2014-11-15
Curry leaves, 1, 20,2014-11-15
Coriander leaves, 1, 60,2014-11-15
Mint, 1, 50,2014-11-15
Greens Leaves, 1, 12,2014-11-15
Garlic, 1, 120-170,2014-11-15
Button Mushrooms, 1, 190,2014-11-15
Papaya, 1, 24,2014-11-15
SavSav, 1, 34,2014-11-15
