Commodity, Weight in Kg, Price in Rs,Date
Brinjal, 1, 54,2014-07-06
Tomotto ottu, 1, 28,2014-07-06
LadyFinger, 1, 36,2014-07-06
SnakeGuard, 1, 28,2014-07-06
BitterGourd, 1, 44,2014-07-06
Bottlegourd, 1, 16,2014-07-06
Pumpkin, 1, 20,2014-07-06
Bean, 1, 64,2014-07-06
ClusterBeans, 1, 26,2014-07-06
Red Chillies, 1, 50,2014-07-06
Onion, 1, 24,2014-07-06
Pallari, 1, 30,2014-07-06
Ginger, 1, 120,2014-07-06
Potato, 1, 36,2014-07-06
Radish, 1, 30,2014-07-06
Mango, 1, 16,2014-07-06
Cabbage, 1, 26,2014-07-06
Carrot, 1, 48,2014-07-06
Beetroot, 1, 46,2014-07-06
Soybeans, 1, 100,2014-07-06
Drumstickbeans, 1, 26,2014-07-06
butterbeans, 1, –,2014-07-06
Banana nut, 1 piece, 4,2014-07-06
Banana stem, 1, 8,2014-07-06
BananaFlower, 1, 8,2014-07-06
Curry leaves, 1, 20,2014-07-06
Coriander leaves, 1, 50,2014-07-06
Mint, 1, 25,2014-07-06
GreensLeaves, 1, 14,2014-07-06
Garlic, 1, 120-140,2014-07-06
ButtonMushrooms, 1, 196,2014-07-06
Papaya, 1, 20,2014-07-06
SavSav, 1, 40,2014-07-06
