Commodity, Weight in Kg, Price in Rs,Date
Brinjal, 1, 26,2014-05-02
Tomotto ottu, 1, 16,2014-05-02
LadyFinger, 1, 24,2014-05-02
SnakeGuard, 1, 22,2014-05-02
BitterGourd, 1, 30,2014-05-02
Bottlegourd, 1, 12,2014-05-02
Pumpkin, 1, 14,2014-05-02
Bean, 1, 44,2014-05-02
ClusterBeans, 1, 16,2014-05-02
Red Chillies, 1, 60,2014-05-02
Onion, 1, 24,2014-05-02
Pallari, 1, 20,2014-05-02
Ginger, 1, 130,2014-05-02
Potato, 1, 28,2014-05-02
Radish, 1, 16,2014-05-02
Mango, 1, 20,2014-05-02
Cabbage, 1, 14,2014-05-02
Carrot, 1, 24,2014-05-02
Beetroot, 1, 20,2014-05-02
Soybeans, 1, 100,2014-05-02
Drumstickbeans, 1, 44,2014-05-02
butterbeans, 1, –,2014-05-02
Banana nut, 1 piece, 04,2014-05-02
Banana stem, 1, 08,2014-05-02
BananaFlower, 1, 06,2014-05-02
Curry leaves, 1, 35,2014-05-02
Coriander leaves, 1, 40,2014-05-02
Mint, 1, 25,2014-05-02
GreensLeaves, 1, 10,2014-05-02
Garlic, 1, 60-120,2014-05-02
ButtonMushrooms, 1, 180,2014-05-02
Papaya, 1, 22,2014-05-02
SavSav, 1, 30,2014-05-02
