Commodity, Weight in Kg, Price in Rs,Date
Brinjal/கத்தரிக்காய், 1, 30,2014-03-08
Tomotto ottu/தக்காளி ஒட்டு, 1, 06,2014-03-08
LadyFinger/வெண்டைக்காய், 1, 30,2014-03-08
SnakeGuard/புடலங்காய், 1, 20,2014-03-08
BitterGourd/பாகற்காய், 1, 22,2014-03-08
Bottlegourd/சுரைக்காய், 1, 14,2014-03-08
Pumpkin/பூசணிக்காய், 1, 16,2014-03-08
Bean/அவரை, 1, 32,2014-03-08
ClusterBeans/கொத்தவரை, 1, 18,2014-03-08
Red Chillies/குண்டு மிளகாய், 1, 24,2014-03-08
Onion/வெங்காயம், 1, 18,2014-03-08
Pallari/பல்லாரி, 1, 14,2014-03-08
Ginger/இஞ்சி, 1, 94,2014-03-08
Potato/உருளைக்கிழங்கு, 1, 24,2014-03-08
Radish/முள்ளங்கி, 1, 14,2014-03-08
Mango/மாங்காய், 1, 48,2014-03-08
Cabbage/முட்டைக்கோஸ், 1, 12,2014-03-08
Carrot/கேரட், 1, 12,2014-03-08
Beetroot/பீட்ரூட், 1, 14,2014-03-08
Soybeans/சோயாபீன்ஸ், 1, 68,2014-03-08
Drumstickbeans/முருங்கைபீன்ஸ், 1, 48,2014-03-08
butterbeans/பட்டர்பீன்ஸ், 1, 70,2014-03-08
Banana nut/வாழைக்காய், 1 piece, 03,2014-03-08
Banana stem/வாழைத்தண்டு, 1, 07,2014-03-08
BananaFlower/வாழைப்பூ, 1, 07,2014-03-08
Curry leaves/கருவேப்பிலை, 1, 25,2014-03-08
Coriander leaves/மல்லி இலை, 1, 30,2014-03-08
Mint/புதினா, 1, 25,2014-03-08
GreensLeaves/கீரைக்கட்டு, 1, 08,2014-03-08
Garlic/பூண்டு, 1, 120-140,2014-03-08
ButtonMushrooms/ பட்டன்காளான், 1, 184,2014-03-08
Papaya/ பப்பாளிப்பழம், 1, 20,2014-03-08
SavSav/ சவ்சவ், 1, 14,2014-03-08
