Commodity, Weight in Kg, Price in Rs,Date
Brinjal, 1, 30,2014-12-23
Tomotto ottu, 1, 8,2014-12-23
Ladys Finger, 1, 20,2014-12-23
Snake Guard, 1, 18,2014-12-23
Bitter Gourd, 1, 30,2014-12-23
Bottle gourd, 1, 8,2014-12-23
Pumpkin, 1, 16,2014-12-23
Bean, 1, 32,2014-12-23
Cluster Beans, 1, 14,2014-12-23
Red Chilies, 1, 38,2014-12-23
Onion, 1, 32,2014-12-23
Pallari, 1, 30,2014-12-23
Ginger, 1, –,2014-12-23
Potato, 1, 30,2014-12-23
Radish, 1, 20,2014-12-23
Mango, 1, –,2014-12-23
Cabbage, 1, 20,2014-12-23
Carrot, 1, 24,2014-12-23
Beetroot, 1, 30,2014-12-23
Soybeans, 1, 80,2014-12-23
Drumstick beans, 1, 36,2014-12-23
butter beans, 1, –,2014-12-23
Banana nut, 1 piece, 4,2014-12-23
Banana stem, 1, 10,2014-12-23
Banana Flower, 1, 14,2014-12-23
Curry leaves, 1, 20,2014-12-23
Coriander leaves, 1, 25,2014-12-23
Mint, 1, 25,2014-12-23
Greens Leaves, 1, 10,2014-12-23
Garlic, 1, 120-140,2014-12-23
Button Mushrooms, 1, 196,2014-12-23
Papaya, 1, 20,2014-12-23
SavSav, 1, 20,2014-12-23
