Commodity, Weight in Kg, Price in Rs,Date
Brinjal, 1, 34,2014-06-15
Tomotto ottu, 1, 16,2014-06-15
LadyFinger, 1, 24,2014-06-15
SnakeGuard, 1, 20,2014-06-15
BitterGourd, 1, 34,2014-06-15
Bottlegourd, 1, 12,2014-06-15
Pumpkin, 1, 16,2014-06-15
Bean, 1, 70,2014-06-15
ClusterBeans, 1, 14,2014-06-15
Red Chillies, 1, 24,2014-06-15
Onion, 1, 24,2014-06-15
Pallari, 1, 22,2014-06-15
Ginger, 1, 130,2014-06-15
Potato, 1, 30,2014-06-15
Radish, 1, 16,2014-06-15
Mango, 1, 12,2014-06-15
Cabbage, 1, 24,2014-06-15
Carrot, 1, 38,2014-06-15
Beetroot, 1, 32,2014-06-15
Soybeans, 1, 120,2014-06-15
Drumstickbeans, 1, 64,2014-06-15
butterbeans, 1, –,2014-06-15
Banana nut, 1 piece, 03,2014-06-15
Banana stem, 1, 10,2014-06-15
BananaFlower, 1, 6,2014-06-15
Curry leaves, 1, 20,2014-06-15
Coriander leaves, 1, 50,2014-06-15
Mint, 1, 30,2014-06-15
GreensLeaves, 1, 10,2014-06-15
Garlic, 1, 70-140,2014-06-15
ButtonMushrooms, 1, 180,2014-06-15
Papaya, 1, 20,2014-06-15
SavSav, 1, 32,2014-06-15
