Commodity, Weight in Kg, Price in Rs,Date
Brinjal, 1, 50,2014-11-27
Tomotto ottu, 1, 16,2014-11-27
Ladys Finger, 1, 30,2014-11-27
Snake Guard, 1, 26,2014-11-27
Bitter Gourd, 1, 32,2014-11-27
Bottle gourd, 1, 12,2014-11-27
Pumpkin, 1, 20,2014-11-27
Bean, 1, 60,2014-11-27
Cluster Beans, 1, 18,2014-11-27
Red Chilies, 1, 38,2014-11-27
Onion, 1, 32,2014-11-27
Pallari, 1, 28,2014-11-27
Ginger, 1, –,2014-11-27
Potato, 1, 38,2014-11-27
Radish, 1, 40,2014-11-27
Mango, 1, –,2014-11-27
Cabbage, 1, 24,2014-11-27
Carrot, 1, 36,2014-11-27
Beetroot, 1, 44,2014-11-27
Soybeans, 1, 76,2014-11-27
Drumstick beans, 1, 46,2014-11-27
butter beans, 1, –,2014-11-27
Banana nut, 1 piece, 4,2014-11-27
Banana stem, 1, 8,2014-11-27
Banana Flower, 1, 14,2014-11-27
Curry leaves, 1, 20,2014-11-27
Coriander leaves, 1, 30,2014-11-27
Mint, 1, 30,2014-11-27
Greens Leaves, 1, 12,2014-11-27
Garlic, 1, 80-170,2014-11-27
Button Mushrooms, 1, 194,2014-11-27
Papaya, 1, 20,2014-11-27
SavSav, 1, 30,2014-11-27
