Commodity, Weight in Kg, Price in Rs,Date
Brinjal, 1, 54,2014-06-24
Tomotto ottu, 1, 12,2014-06-24
LadyFinger, 1, 30,2014-06-24
SnakeGuard, 1, 26,2014-06-24
BitterGourd, 1, 44,2014-06-24
Bottlegourd, 1, 12,2014-06-24
Pumpkin, 1, 18,2014-06-24
Bean, 1, 70,2014-06-24
ClusterBeans, 1, 20,2014-06-24
Red Chillies, 1, 34,2014-06-24
Onion, 1, 22,2014-06-24
Pallari, 1, 24,2014-06-24
Ginger, 1, 120,2014-06-24
Potato, 1, 28,2014-06-24
Radish, 1, 24,2014-06-24
Mango, 1, 12,2014-06-24
Cabbage, 1, 24,2014-06-24
Carrot, 1, 40,2014-06-24
Beetroot, 1, 34,2014-06-24
Soybeans, 1, 110,2014-06-24
Drumstickbeans, 1, 60,2014-06-24
butterbeans, 1, –,2014-06-24
Banana nut, 1 piece, 4,2014-06-24
Banana stem, 1, 10,2014-06-24
BananaFlower, 1, 10,2014-06-24
Curry leaves, 1, 25,2014-06-24
Coriander leaves, 1, 60,2014-06-24
Mint, 1, 35,2014-06-24
GreensLeaves, 1, 10,2014-06-24
Garlic, 1, 100-120,2014-06-24
ButtonMushrooms, 1, 196,2014-06-24
Papaya, 1, 20,2014-06-24
SavSav, 1, 36,2014-06-24
