Commodity, Weight in Kg, Price in Rs,Date
Brinjal, 1, 30,2014-12-14
Tomotto ottu, 1, 16,2014-12-14
Ladys Finger, 1, 18,2014-12-14
Snake Guard, 1, 24,2014-12-14
Bitter Gourd, 1, 30,2014-12-14
Bottle gourd, 1, 10,2014-12-14
Pumpkin, 1, 20,2014-12-14
Bean, 1, 48,2014-12-14
Cluster Beans, 1, 20,2014-12-14
Red Chilies, 1, 44,2014-12-14
Onion, 1, 40,2014-12-14
Pallari, 1, 28,2014-12-14
Ginger, 1, –,2014-12-14
Potato, 1, 36,2014-12-14
Radish, 1, 24,2014-12-14
Mango, 1, –,2014-12-14
Cabbage, 1, 26,2014-12-14
Carrot, 1, 34,2014-12-14
Beetroot, 1, 40,2014-12-14
Soybeans, 1, 90,2014-12-14
Drumstick beans, 1, 40,2014-12-14
butter beans, 1, –,2014-12-14
Banana nut, 1 piece, 5,2014-12-14
Banana stem, 1, 10,2014-12-14
Banana Flower, 1, 12,2014-12-14
Curry leaves, 1, 40,2014-12-14
Coriander leaves, 1, 30,2014-12-14
Mint, 1, 30,2014-12-14
Greens Leaves, 1, 10,2014-12-14
Garlic, 1, 80-190,2014-12-14
Button Mushrooms, 1, 196,2014-12-14
Papaya, 1, 20,2014-12-14
SavSav, 1, 28,2014-12-14
