Commodity, Weight in Kg, Price in Rs,Date
Brinjal/கத்தரிக்காய், 1, 24,2014-03-10
Tomotto ottu/தக்காளி ஒட்டு, 1, 04,2014-03-10
LadyFinger/வெண்டைக்காய், 1, 28,2014-03-10
SnakeGuard/புடலங்காய், 1, 18,2014-03-10
BitterGourd/பாகற்காய், 1, 20,2014-03-10
Bottlegourd/சுரைக்காய், 1, 10,2014-03-10
Pumpkin/பூசணிக்காய், 1, 14,2014-03-10
Bean/அவரை, 1, 28,2014-03-10
ClusterBeans/கொத்தவரை, 1, 24,2014-03-10
Red Chillies/குண்டு மிளகாய், 1, 30,2014-03-10
Onion/வெங்காயம், 1, 18,2014-03-10
Pallari/பல்லாரி, 1, 14,2014-03-10
Ginger/இஞ்சி, 1, 88,2014-03-10
Potato/உருளைக்கிழங்கு, 1, 24,2014-03-10
Radish/முள்ளங்கி, 1, 12,2014-03-10
Mango/மாங்காய், 1, 40,2014-03-10
Cabbage/முட்டைக்கோஸ், 1, 12,2014-03-10
Carrot/கேரட், 1, 14,2014-03-10
Beetroot/பீட்ரூட், 1, 14,2014-03-10
Soybeans/சோயாபீன்ஸ், 1, 68,2014-03-10
Drumstickbeans/முருங்கைபீன்ஸ், 1, 48,2014-03-10
butterbeans/பட்டர்பீன்ஸ், 1, 70,2014-03-10
Banana nut/வாழைக்காய், 1 piece, 03,2014-03-10
Banana stem/வாழைத்தண்டு, 1, 07,2014-03-10
BananaFlower/வாழைப்பூ, 1, 07,2014-03-10
Curry leaves/கருவேப்பிலை, 1, 25,2014-03-10
Coriander leaves/மல்லி இலை, 1, 20,2014-03-10
Mint/புதினா, 1, 25,2014-03-10
GreensLeaves/கீரைக்கட்டு, 1, 08,2014-03-10
Garlic/பூண்டு, 1, 120-140,2014-03-10
ButtonMushrooms/ பட்டன்காளான், 1, 180,2014-03-10
Papaya/ பப்பாளிப்பழம், 1, 24,2014-03-10
SavSav/ சவ்சவ், 1, 14,2014-03-10
