Commodity, Weight in Kg, Price in Rs,Date
Brinjal, 1, 34,2014-08-08
Tomotto ottu, 1, 36,2014-08-08
Ladys Finger, 1, 30,2014-08-08
Snake Guard, 1, 24,2014-08-08
Bitter Gourd, 1, 40,2014-08-08
Bottle gourd, 1, 14,2014-08-08
Pumpkin, 1, 20,2014-08-08
Bean, 1, 36,2014-08-08
Cluster Beans, 1, 20,2014-08-08
Red Chilies, 1, 40,2014-08-08
Onion, 1, 34,2014-08-08
Pallari, 1, 36,2014-08-08
Ginger, 1, 140,2014-08-08
Potato, 1, 34,2014-08-08
Radish, 1, 24,2014-08-08
Mango, 1, 30,2014-08-08
Cabbage, 1, 20,2014-08-08
Carrot, 1, 50,2014-08-08
Beetroot, 1, 40,2014-08-08
Soybeans, 1, 70,2014-08-08
Drumstick beans, 1, 60,2014-08-08
butter beans, 1, –,2014-08-08
Banana nut, 1 piece, 4,2014-08-08
Banana stem, 1, 8,2014-08-08
Banana Flower, 1, 6,2014-08-08
Curry leaves, 1, 20,2014-08-08
Coriander leaves, 1, 20,2014-08-08
Mint, 1, 25,2014-08-08
Greens Leaves, 1, 10,2014-08-08
Garlic, 1, 100-130,2014-08-08
Button Mushrooms, 1, 180,2014-08-08
Papaya, 1, 20,2014-08-08
SavSav, 1, 30,2014-08-08
