Commodity, Weight in Kg, Price in Rs,Date
Brinjal, 1, 66,2014-11-08
Tomotto ottu, 1, 15,2014-11-08
Ladys Finger, 1, 34,2014-11-08
Snake Guard, 1, 24,2014-11-08
Bitter Gourd, 1, 36,2014-11-08
Bottle gourd, 1, 10,2014-11-08
Pumpkin, 1, 20,2014-11-08
Bean, 1, 66,2014-11-08
Cluster Beans, 1, 20,2014-11-08
Red Chilies, 1, 32,2014-11-08
Onion, 1, 34,2014-11-08
Pallari, 1, 28,2014-11-08
Ginger, 1, –,2014-11-08
Potato, 1, 40,2014-11-08
Radish, 1, 20,2014-11-08
Mango, 1, –,2014-11-08
Cabbage, 1, 20,2014-11-08
Carrot, 1, 36,2014-11-08
Beetroot, 1, 20,2014-11-08
Soybeans, 1, 80,2014-11-08
Drumstick beans, 1, 48,2014-11-08
butter beans, 1, –,2014-11-08
Banana nut, 1 piece, 5,2014-11-08
Banana stem, 1, 10,2014-11-08
Banana Flower, 1, 10,2014-11-08
Curry leaves, 1, 20,2014-11-08
Coriander leaves, 1, 55,2014-11-08
Mint, 1, 30,2014-11-08
Greens Leaves, 1, 12,2014-11-08
Garlic, 1, 120-170,2014-11-08
Button Mushrooms, 1, 180,2014-11-08
Papaya, 1, 20,2014-11-08
SavSav, 1, 20,2014-11-08
