Commodity, Weight in Kg, Price in Rs,Date
Brinjal/கத்தரிக்காய், 1, 34,2014-02-24
Tomotto ottu/தக்காளி ஒட்டு, 1, 04,2014-02-24
LadyFinger/வெண்டைக்காய், 1, 32,2014-02-24
SnakeGuard/புடலங்காய், 1, 18,2014-02-24
BitterGourd/பாகற்காய், 1, 24,2014-02-24
Bottlegourd/சுரைக்காய், 1, 10,2014-02-24
Pumpkin/பூசணிக்காய், 1, 12,2014-02-24
Bean/அவரை, 1, 26,2014-02-24
ClusterBeans/கொத்தவரை, 1, 20,2014-02-24
Red Chillies/குண்டு மிளகாய், 1, 24,2014-02-24
Onion/வெங்காயம், 1, 20,2014-02-24
Pallari/பல்லாரி, 1, 14,2014-02-24
Ginger/இஞ்சி, 1, 90,2014-02-24
Potato/உருளைக்கிழங்கு, 1, 26,2014-02-24
Radish/முள்ளங்கி, 1, 14,2014-02-24
Mango/மாங்காய், 1, 50,2014-02-24
Cabbage/முட்டைக்கோஸ், 1, 18,2014-02-24
Carrot/கேரட், 1, 16,2014-02-24
Beetroot/பீட்ரூட், 1, 14,2014-02-24
Soybeans/சோயாபீன்ஸ், 1, 66,2014-02-24
Drumstickbeans/முருங்கைபீன்ஸ், 1, 38,2014-02-24
butterbeans/பட்டர்பீன்ஸ், 1, 70,2014-02-24
Banana nut/வாழைக்காய், 1 piece, 03,2014-02-24
Banana stem/வாழைத்தண்டு, 1, 08,2014-02-24
BananaFlower/வாழைப்பூ, 1, 08,2014-02-24
Curry leaves/கருவேப்பிலை, 1, 25,2014-02-24
Coriander leaves/மல்லி இலை, 1, 20,2014-02-24
Mint/புதினா, 1, 20,2014-02-24
GreensLeaves/கீரைக்கட்டு, 1, 10,2014-02-24
Garlic/பூண்டு, 1, 120-140,2014-02-24
ButtonMushrooms/ பட்டன்காளான், 1, 188,2014-02-24
Papaya/ பப்பாளிப்பழம், 1, 20,2014-02-24
SavSav/ சவ்சவ், 1, 16,2014-02-24
