Commodity, Weight in Kg, Price in Rs,Date
Brinjal, 1, 46,2014-07-16
Tomotto ottu, 1, 48,2014-07-16
LadyFinger, 1, 28,2014-07-16
SnakeGuard, 1, 28,2014-07-16
BitterGourd, 1, 46,2014-07-16
Bottlegourd, 1, 16,2014-07-16
Pumpkin, 1, 18,2014-07-16
Bean, 1, 50,2014-07-16
ClusterBeans, 1, 24,2014-07-16
Red Chillies, 1, 50,2014-07-16
Onion, 1, 24,2014-07-16
Pallari, 1, 36,2014-07-16
Ginger, 1, 100,2014-07-16
Potato, 1, 28,2014-07-16
Radish, 1, 26,2014-07-16
Mango, 1, 20,2014-07-16
Cabbage, 1, 28,2014-07-16
Carrot, 1, 36,2014-07-16
Beetroot, 1, 60,2014-07-16
Soybeans, 1, 100,2014-07-16
Drumstickbeans, 1, 64,2014-07-16
butterbeans, 1, –,2014-07-16
Banana nut, 1 piece, 3,2014-07-16
Banana stem, 1, 7,2014-07-16
BananaFlower, 1, 7,2014-07-16
Curry leaves, 1, 20,2014-07-16
Coriander leaves, 1, 60,2014-07-16
Mint, 1, 30,2014-07-16
GreensLeaves, 1, 12,2014-07-16
Garlic, 1, 100-120,2014-07-16
ButtonMushrooms, 1, 196,2014-07-16
Papaya, 1, 24,2014-07-16
SavSav, 1, 30,2014-07-16
