Commodity, Weight in Kg, Price in Rs,Date
Brinjal, 1, 36,2014-05-13
Tomotto ottu, 1, 16,2014-05-13
LadyFinger, 1, 26,2014-05-13
SnakeGuard, 1, 34,2014-05-13
BitterGourd, 1, 36,2014-05-13
Bottlegourd, 1, 14,2014-05-13
Pumpkin, 1, 16,2014-05-13
Bean, 1, 60,2014-05-13
ClusterBeans, 1, 20,2014-05-13
Red Chillies, 1, 70,2014-05-13
Onion, 1, 24,2014-05-13
Pallari, 1, 20,2014-05-13
Ginger, 1, 130,2014-05-13
Potato, 1, 32,2014-05-13
Radish, 1, 18,2014-05-13
Mango, 1, 16,2014-05-13
Cabbage, 1, 18,2014-05-13
Carrot, 1, 34,2014-05-13
Beetroot, 1, 30,2014-05-13
Soybeans, 1, 110,2014-05-13
Drumstickbeans, 1, 38,2014-05-13
butterbeans, 1, –,2014-05-13
Banana nut, 1 piece, 04,2014-05-13
Banana stem, 1, 10,2014-05-13
BananaFlower, 1, 10,2014-05-13
Curry leaves, 1, 40,2014-05-13
Coriander leaves, 1, 35,2014-05-13
Mint, 1, 30,2014-05-13
GreensLeaves, 1, 10,2014-05-13
Garlic, 1, 100-120,2014-05-13
ButtonMushrooms, 1, 188,2014-05-13
Papaya, 1, 24,2014-05-13
SavSav, 1, 36,2014-05-13
