Commodity, Weight in Kg, Price in Rs,Date
Brinjal, 1, 46,2014-11-18
Tomotto ottu, 1, 13,2014-11-18
Ladys Finger, 1, 16,2014-11-18
Snake Guard, 1, 30,2014-11-18
Bitter Gourd, 1, 28,2014-11-18
Bottle gourd, 1, 12,2014-11-18
Pumpkin, 1, 18,2014-11-18
Bean, 1, 46,2014-11-18
Cluster Beans, 1, 20,2014-11-18
Red Chilies, 1, 34,2014-11-18
Onion, 1, 30,2014-11-18
Pallari, 1, 26,2014-11-18
Ginger, 1, –,2014-11-18
Potato, 1, 36,2014-11-18
Radish, 1, 25,2014-11-18
Mango, 1, –,2014-11-18
Cabbage, 1, 20,2014-11-18
Carrot, 1, 40,2014-11-18
Beetroot, 1, 30,2014-11-18
Soybeans, 1, 66,2014-11-18
Drumstick beans, 1, 46,2014-11-18
butter beans, 1, –,2014-11-18
Banana nut, 1 piece, 5,2014-11-18
Banana stem, 1, 7,2014-11-18
Banana Flower, 1, 4,2014-11-18
Curry leaves, 1, 20,2014-11-18
Coriander leaves, 1, 60,2014-11-18
Mint, 1, 40,2014-11-18
Greens Leaves, 1, 10,2014-11-18
Garlic, 1, 120-140,2014-11-18
Button Mushrooms, 1, 196,2014-11-18
Papaya, 1, 24,2014-11-18
SavSav, 1, 26,2014-11-18
