Commodity, Weight in Kg, Price in Rs,Date
Brinjal, 1, 40,2014-10-11
Tomotto ottu, 1, 10,2014-10-11
Ladys Finger, 1, 20,2014-10-11
Snake Guard, 1, 16,2014-10-11
Bitter Gourd, 1, 30,2014-10-11
Bottle gourd, 1, 8,2014-10-11
Pumpkin, 1, 14,2014-10-11
Bean, 1, 36,2014-10-11
Cluster Beans, 1, 16,2014-10-11
Red Chilies, 1, 40,2014-10-11
Onion, 1, 24,2014-10-11
Pallari, 1, 20,2014-10-11
Ginger, 1, –,2014-10-11
Potato, 1, 44,2014-10-11
Radish, 1, 20,2014-10-11
Mango, 1, –,2014-10-11
Cabbage, 1, 14,2014-10-11
Carrot, 1, 32,2014-10-11
Beetroot, 1, 24,2014-10-11
Soybeans, 1, 70,2014-10-11
Drumstick beans, 1, 36,2014-10-11
butter beans, 1, –,2014-10-11
Banana nut, 1 piece, 4,2014-10-11
Banana stem, 1, 8,2014-10-11
Banana Flower, 1, 6,2014-10-11
Curry leaves, 1, 20,2014-10-11
Coriander leaves, 1, 30,2014-10-11
Mint, 1, 35,2014-10-11
Greens Leaves, 1, 10,2014-10-11
Garlic, 1, 100-170,2014-10-11
Button Mushrooms, 1, 180,2014-10-11
Papaya, 1, 24,2014-10-11
SavSav, 1, 20,2014-10-11
