Commodity, Weight in Kg, Price in Rs,Date
Brinjal, 1, 44,2014-09-05
Tomotto ottu, 1, 20,2014-09-05
Ladys Finger, 1, 30,2014-09-05
Snake Guard, 1, 16,2014-09-05
Bitter Gourd, 1, 32,2014-09-05
Bottle gourd, 1, 12,2014-09-05
Pumpkin, 1, 16,2014-09-05
Bean, 1, 36,2014-09-05
Cluster Beans, 1, 18,2014-09-05
Red Chilies, 1, 26,2014-09-05
Onion, 1, 28,2014-09-05
Pallari, 1, 28,2014-09-05
Ginger, 1, 100,2014-09-05
Potato, 1, 44,2014-09-05
Radish, 1, 16,2014-09-05
Mango, 1, –,2014-09-05
Cabbage, 1, 20,2014-09-05
Carrot, 1, 36,2014-09-05
Beetroot, 1, 26,2014-09-05
Soybeans, 1, 90,2014-09-05
Drumstick beans, 1, 50,2014-09-05
butter beans, 1, –,2014-09-05
Banana nut, 1 piece, 4,2014-09-05
Banana stem, 1, 8,2014-09-05
Banana Flower, 1, 6,2014-09-05
Curry leaves, 1, 15,2014-09-05
Coriander leaves, 1, 20,2014-09-05
Mint, 1, 25,2014-09-05
Greens Leaves, 1, 8,2014-09-05
Garlic, 1, 100-160,2014-09-05
Button Mushrooms, 1, 180,2014-09-05
Papaya, 1, 20,2014-09-05
SavSav, 1, 26,2014-09-05
