Commodity, Weight in Kg, Price in Rs,Date
Brinjal, 1, 30,2014-08-21
Tomotto ottu, 1, 36,2014-08-21
Ladys Finger, 1, 16,2014-08-21
Snake Guard, 1, 14,2014-08-21
Bitter Gourd, 1, 30,2014-08-21
Bottle gourd, 1, 12,2014-08-21
Pumpkin, 1, 14,2014-08-21
Bean, 1, 20,2014-08-21
Cluster Beans, 1, 14,2014-08-21
Red Chilies, 1, 30,2014-08-21
Onion, 1, 28,2014-08-21
Pallari, 1, 26,2014-08-21
Ginger, 1, 130,2014-08-21
Potato, 1, 35,2014-08-21
Radish, 1, 12,2014-08-21
Mango, 1, –,2014-08-21
Cabbage, 1, 20,2014-08-21
Carrot, 1, 30,2014-08-21
Beetroot, 1, 40,2014-08-21
Soybeans, 1, 60,2014-08-21
Drumstick beans, 1, 54,2014-08-21
butter beans, 1, –,2014-08-21
Banana nut, 1 piece, 4,2014-08-21
Banana stem, 1, 8,2014-08-21
Banana Flower, 1, 6,2014-08-21
Curry leaves, 1, 15,2014-08-21
Coriander leaves, 1, 20,2014-08-21
Mint, 1, 20,2014-08-21
Greens Leaves, 1, 8,2014-08-21
Garlic, 1, 60-140,2014-08-21
Button Mushrooms, 1, 180,2014-08-21
Papaya, 1, 20,2014-08-21
SavSav, 1, 34,2014-08-21
