Commodity, Weight in Kg, Price in Rs,Date
Brinjal, 1, 38,2014-05-20
Tomotto ottu, 1, 18,2014-05-20
LadyFinger, 1, 28,2014-05-20
SnakeGuard, 1, 26,2014-05-20
BitterGourd, 1, 34,2014-05-20
Bottlegourd, 1, 14,2014-05-20
Pumpkin, 1, 16,2014-05-20
Bean, 1, 60,2014-05-20
ClusterBeans, 1, 20,2014-05-20
Red Chillies, 1, 56,2014-05-20
Onion, 1, 24,2014-05-20
Pallari, 1, 18,2014-05-20
Ginger, 1, 120,2014-05-20
Potato, 1, 30,2014-05-20
Radish, 1, 20,2014-05-20
Mango, 1, 16,2014-05-20
Cabbage, 1, 18,2014-05-20
Carrot, 1, 30,2014-05-20
Beetroot, 1, 26,2014-05-20
Soybeans, 1, 110,2014-05-20
Drumstickbeans, 1, 56,2014-05-20
butterbeans, 1, –,2014-05-20
Banana nut, 1 piece, 04,2014-05-20
Banana stem, 1, 08,2014-05-20
BananaFlower, 1, 08,2014-05-20
Curry leaves, 1, 40,2014-05-20
Coriander leaves, 1, 35,2014-05-20
Mint, 1, 30,2014-05-20
GreensLeaves, 1, 10,2014-05-20
Garlic, 1, 60-120,2014-05-20
ButtonMushrooms, 1, 188,2014-05-20
Papaya, 1, 24,2014-05-20
SavSav, 1, 30,2014-05-20
