Commodity, Weight in Kg, Price in Rs,Date
Brinjal/கத்தரிக்காய், 1, 30,2014-04-14
Tomotto ottu/தக்காளி ஒட்டு, 1, 16,2014-04-14
LadyFinger/வெண்டைக்காய், 1, 30,2014-04-14
SnakeGuard/புடலங்காய், 1, 28,2014-04-14
BitterGourd/பாகற்காய், 1, 34,2014-04-14
Bottlegourd/சுரைக்காய், 1, 14,2014-04-14
Pumpkin/பூசணிக்காய், 1, 16,2014-04-14
Bean/அவரை, 1, 52,2014-04-14
ClusterBeans/கொத்தவரை, 1, 28,2014-04-14
Red Chillies/குண்டு மிளகாய், 1, 38,2014-04-14
Onion/வெங்காயம், 1, 22,2014-04-14
Pallari/பல்லாரி, 1, 16,2014-04-14
Ginger/இஞ்சி, 1, 140,2014-04-14
Potato/உருளைக்கிழங்கு, 1, 30,2014-04-14
Radish/முள்ளங்கி, 1, 14,2014-04-14
Mango/மாங்காய், 1, 24,2014-04-14
Cabbage/முட்டைக்கோஸ், 1, 14,2014-04-14
Carrot/கேரட், 1, 24,2014-04-14
Beetroot/பீட்ரூட், 1, 24,2014-04-14
Soybeans/சோயாபீன்ஸ், 1, 80,2014-04-14
Drumstickbeans/முருங்கைபீன்ஸ், 1, 60,2014-04-14
butterbeans/பட்டர்பீன்ஸ், 1, 90,2014-04-14
Banana nut/வாழைக்காய், 1 piece, 03,2014-04-14
Banana stem/வாழைத்தண்டு, 1, 08,2014-04-14
BananaFlower/வாழைப்பூ, 1, 06,2014-04-14
Curry leaves/கருவேப்பிலை, 1, 30,2014-04-14
Coriander leaves/மல்லி இலை, 1, 32,2014-04-14
Mint/புதினா, 1, 30,2014-04-14
GreensLeaves/கீரைக்கட்டு, 1, 10,2014-04-14
Garlic/பூண்டு, 1, 60-120,2014-04-14
ButtonMushrooms/ பட்டன்காளான், 1, 190,2014-04-14
Papaya/ பப்பாளிப்பழம், 1, 26,2014-04-14
SavSav/ சவ்சவ், 1, 28,2014-04-14
