Commodity, Weight in Kg, Price in Rs,Date
Brinjal, 1, 55,2014-12-06
Tomotto ottu, 1, 24,2014-12-06
Ladys Finger, 1, 36,2014-12-06
Snake Guard, 1, 32,2014-12-06
Bitter Gourd, 1, 30,2014-12-06
Bottle gourd, 1, 12,2014-12-06
Pumpkin, 1, 20,2014-12-06
Bean, 1, 44,2014-12-06
Cluster Beans, 1, 24,2014-12-06
Red Chilies, 1, 44,2014-12-06
Onion, 1, 32,2014-12-06
Pallari, 1, 28,2014-12-06
Ginger, 1, –,2014-12-06
Potato, 1, 38,2014-12-06
Radish, 1, 30,2014-12-06
Mango, 1, –,2014-12-06
Cabbage, 1, 24,2014-12-06
Carrot, 1, 40,2014-12-06
Beetroot, 1, 44,2014-12-06
Soybeans, 1, 70,2014-12-06
Drumstick beans, 1, 44,2014-12-06
butter beans, 1, –,2014-12-06
Banana nut, 1 piece, 5,2014-12-06
Banana stem, 1, 10,2014-12-06
Banana Flower, 1, 12,2014-12-06
Curry leaves, 1, 30,2014-12-06
Coriander leaves, 1, 30,2014-12-06
Mint, 1, 30,2014-12-06
Greens Leaves, 1, 10,2014-12-06
Garlic, 1, 80-180,2014-12-06
Button Mushrooms, 1, 180,2014-12-06
Papaya, 1, 20,2014-12-06
SavSav, 1, 30,2014-12-06
