Commodity, Weight in Kg, Price in Rs,Date
Brinjal, 1, 36,2014-08-30
Tomotto ottu, 1, 18,2014-08-30
Ladys Finger, 1, 18,2014-08-30
Snake Guard, 1, 16,2014-08-30
Bitter Gourd, 1, 40,2014-08-30
Bottle gourd, 1, 12,2014-08-30
Pumpkin, 1, 16,2014-08-30
Bean, 1, 32,2014-08-30
Cluster Beans, 1, 16,2014-08-30
Red Chilies, 1, 26,2014-08-30
Onion, 1, 30,2014-08-30
Pallari, 1, 28,2014-08-30
Ginger, 1, 60,2014-08-30
Potato, 1, 38,2014-08-30
Radish, 1, 12,2014-08-30
Mango, 1, –,2014-08-30
Cabbage, 1, 18,2014-08-30
Carrot, 1, 30,2014-08-30
Beetroot, 1, 28,2014-08-30
Soybeans, 1, 64,2014-08-30
Drumstick beans, 1, 48,2014-08-30
butter beans, 1, –,2014-08-30
Banana nut, 1 piece, 3,2014-08-30
Banana stem, 1, 7,2014-08-30
Banana Flower, 1, 8,2014-08-30
Curry leaves, 1, 20,2014-08-30
Coriander leaves, 1, 30,2014-08-30
Mint, 1, 30,2014-08-30
Greens Leaves, 1, 10,2014-08-30
Garlic, 1, 70-160,2014-08-30
Button Mushrooms, 1, 196,2014-08-30
Papaya, 1, 22,2014-08-30
SavSav, 1, 24,2014-08-30
