Commodity, Weight in Kg, Price in Rs,Date
Brinjal, 1, 36,2014-05-09
Tomotto ottu, 1, 12,2014-05-09
LadyFinger, 1, 24,2014-05-09
SnakeGuard, 1, 30,2014-05-09
BitterGourd, 1, 36,2014-05-09
Bottlegourd, 1, 14,2014-05-09
Pumpkin, 1, 16,2014-05-09
Bean, 1, 48,2014-05-09
ClusterBeans, 1, 20,2014-05-09
Red Chillies, 1, 70,2014-05-09
Onion, 1, 26,2014-05-09
Pallari, 1, 20,2014-05-09
Ginger, 1, 130,2014-05-09
Potato, 1, 30,2014-05-09
Radish, 1, 16,2014-05-09
Mango, 1, 20,2014-05-09
Cabbage, 1, 16,2014-05-09
Carrot, 1, 32,2014-05-09
Beetroot, 1, 26,2014-05-09
Soybeans, 1, 110,2014-05-09
Drumstickbeans, 1, 40,2014-05-09
butterbeans, 1, –,2014-05-09
Banana nut, 1 piece, 04,2014-05-09
Banana stem, 1, 10,2014-05-09
BananaFlower, 1, 10,2014-05-09
Curry leaves, 1, 25,2014-05-09
Coriander leaves, 1, 40,2014-05-09
Mint, 1, 30,2014-05-09
GreensLeaves, 1, 10,2014-05-09
Garlic, 1, 60-120,2014-05-09
ButtonMushrooms, 1, 170,2014-05-09
Papaya, 1, 24,2014-05-09
SavSav, 1, 32,2014-05-09
