Commodity, Weight in Kg, Price in Rs,Date
Brinjal, 1, 32,2014-05-12
Tomotto ottu, 1, 16,2014-05-12
LadyFinger, 1, 26,2014-05-12
SnakeGuard, 1, 34,2014-05-12
BitterGourd, 1, 36,2014-05-12
Bottlegourd, 1, 12,2014-05-12
Pumpkin, 1, 16,2014-05-12
Bean, 1, 50,2014-05-12
ClusterBeans, 1, 18,2014-05-12
Red Chillies, 1, 70,2014-05-12
Onion, 1, 24,2014-05-12
Pallari, 1, 20,2014-05-12
Ginger, 1, 130,2014-05-12
Potato, 1, 32,2014-05-12
Radish, 1, 18,2014-05-12
Mango, 1, 16,2014-05-12
Cabbage, 1, 16,2014-05-12
Carrot, 1, 38,2014-05-12
Beetroot, 1, 34,2014-05-12
Soybeans, 1, 110,2014-05-12
Drumstickbeans, 1, 46,2014-05-12
butterbeans, 1, –,2014-05-12
Banana nut, 1 piece, 04,2014-05-12
Banana stem, 1, 10,2014-05-12
BananaFlower, 1, 10,2014-05-12
Curry leaves, 1, 40,2014-05-12
Coriander leaves, 1, 30,2014-05-12
Mint, 1, 25,2014-05-12
GreensLeaves, 1, 10,2014-05-12
Garlic, 1, 100-120,2014-05-12
ButtonMushrooms, 1, 188,2014-05-12
Papaya, 1, 24,2014-05-12
SavSav, 1, 36,2014-05-12
