Commodity, Weight in Kg, Price in Rs,Date
Brinjal, 1, 40,2014-12-01
Tomotto ottu, 1, 22,2014-12-01
Ladys Finger, 1, 30,2014-12-01
Snake Guard, 1, 22,2014-12-01
Bitter Gourd, 1, 34,2014-12-01
Bottle gourd, 1, 10,2014-12-01
Pumpkin, 1, 20,2014-12-01
Bean, 1, 36,2014-12-01
Cluster Beans, 1, 20,2014-12-01
Red Chilies, 1, 36,2014-12-01
Onion, 1, 30,2014-12-01
Pallari, 1, 28,2014-12-01
Ginger, 1, –,2014-12-01
Potato, 1, 36,2014-12-01
Radish, 1, 30,2014-12-01
Mango, 1, –,2014-12-01
Cabbage, 1, 24,2014-12-01
Carrot, 1, 32,2014-12-01
Beetroot, 1, 40,2014-12-01
Soybeans, 1, 80,2014-12-01
Drumstick beans, 1, 40,2014-12-01
butter beans, 1, –,2014-12-01
Banana nut, 1 piece, 5,2014-12-01
Banana stem, 1, 10,2014-12-01
Banana Flower, 1, 8,2014-12-01
Curry leaves, 1, 20,2014-12-01
Coriander leaves, 1, 30,2014-12-01
Mint, 1, 30,2014-12-01
Greens Leaves, 1, 10,2014-12-01
Garlic, 1, 80-170,2014-12-01
Button Mushrooms, 1, 180,2014-12-01
Papaya, 1, 24,2014-12-01
SavSav, 1, 26,2014-12-01
