Commodity, Weight in Kg, Price in Rs,Date
Brinjal, 1, 38,2014-09-12
Tomotto ottu, 1, 20,2014-09-12
Ladys Finger, 1, 14,2014-09-12
Snake Guard, 1, 16,2014-09-12
Bitter Gourd, 1, 30,2014-09-12
Bottle gourd, 1, 10,2014-09-12
Pumpkin, 1, 14,2014-09-12
Bean, 1, 36,2014-09-12
Cluster Beans, 1, 20,2014-09-12
Red Chilies, 1, 26,2014-09-12
Onion, 1, 28,2014-09-12
Pallari, 1, 26,2014-09-12
Ginger, 1, 80,2014-09-12
Potato, 1, 44,2014-09-12
Radish, 1, 14,2014-09-12
Mango, 1, –,2014-09-12
Cabbage, 1, 20,2014-09-12
Carrot, 1, 44,2014-09-12
Beetroot, 1, 26,2014-09-12
Soybeans, 1, 90,2014-09-12
Drumstick beans, 1, 48,2014-09-12
butter beans, 1, –,2014-09-12
Banana nut, 1 piece, 4,2014-09-12
Banana stem, 1, 8,2014-09-12
Banana Flower, 1, 5,2014-09-12
Curry leaves, 1, 15,2014-09-12
Coriander leaves, 1, 30,2014-09-12
Mint, 1, 40,2014-09-12
Greens Leaves, 1, 10,2014-09-12
Garlic, 1, 100-160,2014-09-12
Button Mushrooms, 1, 180,2014-09-12
Papaya, 1, 20,2014-09-12
SavSav, 1, 24,2014-09-12
