Commodity, Weight in Kg, Price in Rs,Date
Brinjal/கத்தரிக்காய், 1, 34,2014-01-30
Tomotto ottu/தக்காளி ஒட்டு, 1, 06,2014-01-30
LadyFinger/வெண்டைக்காய், 1, 34,2014-01-30
SnakeGuard/புடலங்காய், 1, 18,2014-01-30
BitterGourd/பாகற்காய், 1, 24,2014-01-30
Bottlegourd/சுரைக்காய், 1, 12,2014-01-30
Pumpkin/பூசணிக்காய், 1, 12,2014-01-30
Bean/அவரை, 1, 24,2014-01-30
ClusterBeans/கொத்தவரை, 1, 16,2014-01-30
Red Chillies/குண்டு மிளகாய், 1, 18,2014-01-30
Onion/வெங்காயம், 1, 18,2014-01-30
Pallari/பல்லாரி, 1, 20,2014-01-30
Ginger/இஞ்சி, 1, 100,2014-01-30
Potato/உருளைக்கிழங்கு, 1, 26,2014-01-30
Radish/முள்ளங்கி, 1, 12,2014-01-30
Mango/மாங்காய், 1, 44,2014-01-30
Cabbage/முட்டைக்கோஸ், 1, 14,2014-01-30
Carrot/கேரட், 1, 20,2014-01-30
Beetroot/பீட்ரூட், 1, 18,2014-01-30
Soybeans/சோயாபீன்ஸ், 1, 66,2014-01-30
Drumstickbeans/முருங்கைபீன்ஸ், 1, 36,2014-01-30
butterbeans/பட்டர்பீன்ஸ், 1, 70,2014-01-30
Banana nut/வாழைக்காய், 1 piece, 03,2014-01-30
Banana stem/வாழைத்தண்டு, 1, 08,2014-01-30
BananaFlower/வாழைப்பூ, 1, 08,2014-01-30
Curry leaves/கருவேப்பிலை, 1, 20,2014-01-30
Coriander leaves/மல்லி இலை, 1, 30,2014-01-30
Mint/புதினா, 1, 30,2014-01-30
GreensLeaves/கீரைக்கட்டு, 1, 08,2014-01-30
Garlic/பூண்டு, 1, 100-130,2014-01-30
ButtonMushrooms/ பட்டன்காளான், 1, 188,2014-01-30
Papaya/ பப்பாளிப்பழம், 1, 20,2014-01-30
SavSav/ சவ்சவ், 1, 14,2014-01-30
