Commodity, Weight in Kg, Price in Rs,Date
Brinjal, 1, 44,2014-09-10
Tomotto ottu, 1, 20,2014-09-10
Ladys Finger, 1, 14,2014-09-10
Snake Guard, 1, 16,2014-09-10
Bitter Gourd, 1, 34,2014-09-10
Bottle gourd, 1, 12,2014-09-10
Pumpkin, 1, 16,2014-09-10
Bean, 1, 44,2014-09-10
Cluster Beans, 1, 18,2014-09-10
Red Chilies, 1, 30,2014-09-10
Onion, 1, 30,2014-09-10
Pallari, 1, 28,2014-09-10
Ginger, 1, 120,2014-09-10
Potato, 1, 44,2014-09-10
Radish, 1, 14,2014-09-10
Mango, 1, –,2014-09-10
Cabbage, 1, 16,2014-09-10
Carrot, 1, 44,2014-09-10
Beetroot, 1, 26,2014-09-10
Soybeans, 1, 90,2014-09-10
Drumstick beans, 1, 46,2014-09-10
butter beans, 1, –,2014-09-10
Banana nut, 1 piece, 3,2014-09-10
Banana stem, 1, 8,2014-09-10
Banana Flower, 1, 8,2014-09-10
Curry leaves, 1, 10,2014-09-10
Coriander leaves, 1, 20,2014-09-10
Mint, 1, 30,2014-09-10
Greens Leaves, 1, 10,2014-09-10
Garlic, 1, 100-130,2014-09-10
Button Mushrooms, 1, 194,2014-09-10
Papaya, 1, 20,2014-09-10
SavSav, 1, 26,2014-09-10
