Commodity, Weight in Kg, Price in Rs,Date
Brinjal/கத்தரிக்காய், 1, 30,2014-04-13
Tomotto ottu/தக்காளி ஒட்டு, 1, 12,2014-04-13
LadyFinger/வெண்டைக்காய், 1, 30,2014-04-13
SnakeGuard/புடலங்காய், 1, 20,2014-04-13
BitterGourd/பாகற்காய், 1, 26,2014-04-13
Bottlegourd/சுரைக்காய், 1, 12,2014-04-13
Pumpkin/பூசணிக்காய், 1, 16,2014-04-13
Bean/அவரை, 1, 50,2014-04-13
ClusterBeans/கொத்தவரை, 1, 26,2014-04-13
Red Chillies/குண்டு மிளகாய், 1, 32,2014-04-13
Onion/வெங்காயம், 1, 23,2014-04-13
Pallari/பல்லாரி, 1, 17,2014-04-13
Ginger/இஞ்சி, 1, 140,2014-04-13
Potato/உருளைக்கிழங்கு, 1, 30,2014-04-13
Radish/முள்ளங்கி, 1, 14,2014-04-13
Mango/மாங்காய், 1, 24,2014-04-13
Cabbage/முட்டைக்கோஸ், 1, 14,2014-04-13
Carrot/கேரட், 1, 24,2014-04-13
Beetroot/பீட்ரூட், 1, 16,2014-04-13
Soybeans/சோயாபீன்ஸ், 1, 80,2014-04-13
Drumstickbeans/முருங்கைபீன்ஸ், 1, 56,2014-04-13
butterbeans/பட்டர்பீன்ஸ், 1, 90,2014-04-13
Banana nut/வாழைக்காய், 1 piece, 04,2014-04-13
Banana stem/வாழைத்தண்டு, 1, 08,2014-04-13
BananaFlower/வாழைப்பூ, 1, 06,2014-04-13
Curry leaves/கருவேப்பிலை, 1, 35,2014-04-13
Coriander leaves/மல்லி இலை, 1, 30,2014-04-13
Mint/புதினா, 1, 30,2014-04-13
GreensLeaves/கீரைக்கட்டு, 1, 10,2014-04-13
Garlic/பூண்டு, 1, 60-120,2014-04-13
ButtonMushrooms/ பட்டன்காளான், 1, 190,2014-04-13
Papaya/ பப்பாளிப்பழம், 1, 22,2014-04-13
SavSav/ சவ்சவ், 1, 30,2014-04-13
