Commodity, Weight in Kg, Price in Rs,Date
Brinjal, 1, 34,2014-07-25
Tomotto ottu, 1, 50,2014-07-25
Ladys Finger, 1, 28,2014-07-25
Snake Guard, 1, 24,2014-07-25
Bitter Gourd, 1, 40,2014-07-25
Bottle gourd, 1, 14,2014-07-25
Pumpkin, 1, 24,2014-07-25
Bean, 1, 60,2014-07-25
Cluster Beans, 1, 20,2014-07-25
Red Chilies, 1, 54,2014-07-25
Onion, 1, 30,2014-07-25
Pallari, 1, 36,2014-07-25
Ginger, 1, 140,2014-07-25
Potato, 1, 32,2014-07-25
Radish, 1, 26,2014-07-25
Mango, 1, 18,2014-07-25
Cabbage, 1, 24,2014-07-25
Carrot, 1, 56,2014-07-25
Beetroot, 1, 46,2014-07-25
Soybeans, 1, 90,2014-07-25
Drumstick beans, 1, 50,2014-07-25
butter beans, 1, –,2014-07-25
Banana nut, 1 piece, 4,2014-07-25
Banana stem, 1, 8,2014-07-25
Banana Flower, 1, 5,2014-07-25
Curry leaves, 1, 20,2014-07-25
Coriander leaves, 1, 20,2014-07-25
Mint, 1, 20,2014-07-25
Greens Leaves, 1, 10,2014-07-25
Garlic, 1, 70-140,2014-07-25
Button Mushrooms, 1, 180,2014-07-25
Papaya, 1, 20,2014-07-25
SavSav, 1, 30,2014-07-25
