Commodity, Weight in Kg, Price in Rs,Date
Brinjal, 1, 32,2014-06-11
Tomotto ottu, 1, 20,2014-06-11
LadyFinger, 1, 24,2014-06-11
SnakeGuard, 1, 26,2014-06-11
BitterGourd, 1, 34,2014-06-11
Bottlegourd, 1, 12,2014-06-11
Pumpkin, 1, 16,2014-06-11
Bean, 1, 74,2014-06-11
ClusterBeans, 1, 16,2014-06-11
Red Chillies, 1, 26,2014-06-11
Onion, 1, 24,2014-06-11
Pallari, 1, 24,2014-06-11
Ginger, 1, 120,2014-06-11
Potato, 1, 30,2014-06-11
Radish, 1, 18,2014-06-11
Mango, 1, 14,2014-06-11
Cabbage, 1, 20,2014-06-11
Carrot, 1, 34,2014-06-11
Beetroot, 1, 30,2014-06-11
Soybeans, 1, 120,2014-06-11
Drumstickbeans, 1, 56,2014-06-11
butterbeans, 1, –,2014-06-11
Banana nut, 1 piece, 03,2014-06-11
Banana stem, 1, 8,2014-06-11
BananaFlower, 1, 8,2014-06-11
Curry leaves, 1, 20,2014-06-11
Coriander leaves, 1, 45,2014-06-11
Mint, 1, 30,2014-06-11
GreensLeaves, 1, 10,2014-06-11
Garlic, 1, 80-100,2014-06-11
ButtonMushrooms, 1, 190,2014-06-11
Papaya, 1, 24,2014-06-11
SavSav, 1, 36,2014-06-11
