Commodity, Weight in Kg, Price in Rs,Date
Brinjal, 1, 18,2014-05-30
Tomotto ottu, 1, 14,2014-05-30
LadyFinger, 1, 16,2014-05-30
SnakeGuard, 1, 14,2014-05-30
BitterGourd, 1, 30,2014-05-30
Bottlegourd, 1, 12,2014-05-30
Pumpkin, 1, 20,2014-05-30
Bean, 1, 60,2014-05-30
ClusterBeans, 1, 14,2014-05-30
Red Chillies, 1, 34,2014-05-30
Onion, 1, 24,2014-05-30
Pallari, 1, 20,2014-05-30
Ginger, 1, 130,2014-05-30
Potato, 1, 28,2014-05-30
Radish, 1, 14,2014-05-30
Mango, 1, 12,2014-05-30
Cabbage, 1, 16,2014-05-30
Carrot, 1, 30,2014-05-30
Beetroot, 1, 26,2014-05-30
Soybeans, 1, 120,2014-05-30
Drumstickbeans, 1, 54,2014-05-30
butterbeans, 1, –,2014-05-30
Banana nut, 1 piece, 03,2014-05-30
Banana stem, 1, 8,2014-05-30
BananaFlower, 1, 6,2014-05-30
Curry leaves, 1, 35,2014-05-30
Coriander leaves, 1, 30,2014-05-30
Mint, 1, 25,2014-05-30
GreensLeaves, 1, 10,2014-05-30
Garlic, 1, 60-140,2014-05-30
ButtonMushrooms, 1, 180,2014-05-30
Papaya, 1, 20,2014-05-30
SavSav, 1, 36,2014-05-30
