Commodity, Weight in Kg, Price in Rs,Date
Brinjal, 1, 54,2014-07-08
Tomotto ottu, 1, 26,2014-07-08
LadyFinger, 1, 38,2014-07-08
SnakeGuard, 1, 28,2014-07-08
BitterGourd, 1, 44,2014-07-08
Bottlegourd, 1, 12,2014-07-08
Pumpkin, 1, 16,2014-07-08
Bean, 1, 60,2014-07-08
ClusterBeans, 1, 26,2014-07-08
Red Chillies, 1, 46,2014-07-08
Onion, 1, 22,2014-07-08
Pallari, 1, 32,2014-07-08
Ginger, 1, 130,2014-07-08
Potato, 1, 36,2014-07-08
Radish, 1, 26,2014-07-08
Mango, 1, 16,2014-07-08
Cabbage, 1, 28,2014-07-08
Carrot, 1, 46,2014-07-08
Beetroot, 1, 45,2014-07-08
Soybeans, 1, 100,2014-07-08
Drumstickbeans, 1, 60,2014-07-08
butterbeans, 1, –,2014-07-08
Banana nut, 1 piece, 4,2014-07-08
Banana stem, 1, 10,2014-07-08
BananaFlower, 1, 10,2014-07-08
Curry leaves, 1, 20,2014-07-08
Coriander leaves, 1, 60,2014-07-08
Mint, 1, 30,2014-07-08
GreensLeaves, 1, 12,2014-07-08
Garlic, 1, 120-140,2014-07-08
ButtonMushrooms, 1, 200,2014-07-08
Papaya, 1, 24,2014-07-08
SavSav, 1, 40,2014-07-08
