Commodity, Weight in Kg, Price in Rs,Date
Brinjal, 1, 44,2014-10-19
Tomotto ottu, 1, 10,2014-10-19
Ladys Finger, 1, 16,2014-10-19
Snake Guard, 1, 18,2014-10-19
Bitter Gourd, 1, 26,2014-10-19
Bottle gourd, 1, 8,2014-10-19
Pumpkin, 1, 16,2014-10-19
Bean, 1, 60,2014-10-19
Cluster Beans, 1, 18,2014-10-19
Red Chilies, 1, 40,2014-10-19
Onion, 1, 28,2014-10-19
Pallari, 1, 27,2014-10-19
Ginger, 1, –,2014-10-19
Potato, 1, 40,2014-10-19
Radish, 1, 16,2014-10-19
Mango, 1, –,2014-10-19
Cabbage, 1, 18,2014-10-19
Carrot, 1, 36,2014-10-19
Beetroot, 1, 20,2014-10-19
Soybeans, 1, 64,2014-10-19
Drumstick beans, 1, 36,2014-10-19
butter beans, 1, –,2014-10-19
Banana nut, 1 piece, 4,2014-10-19
Banana stem, 1, 8,2014-10-19
Banana Flower, 1, 8,2014-10-19
Curry leaves, 1, 20,2014-10-19
Coriander leaves, 1, 40,2014-10-19
Mint, 1, 30,2014-10-19
Greens Leaves, 1, 10,2014-10-19
Garlic, 1, 120-140,2014-10-19
Button Mushrooms, 1, 186,2014-10-19
Papaya, 1, 20,2014-10-19
SavSav, 1, 20,2014-10-19
