Commodity, Weight in Kg, Price in Rs,Date
Brinjal, 1, 32,2014-09-28
Tomotto ottu, 1, 15,2014-09-28
Ladys Finger, 1, 14,2014-09-28
Snake Guard, 1, 16,2014-09-28
Bitter Gourd, 1, 30,2014-09-28
Bottle gourd, 1, 8,2014-09-28
Pumpkin, 1, 16,2014-09-28
Bean, 1, 32,2014-09-28
Cluster Beans, 1, 18,2014-09-28
Red Chilies, 1, 26,2014-09-28
Onion, 1, 28,2014-09-28
Pallari, 1, 22,2014-09-28
Ginger, 1, –,2014-09-28
Potato, 1, 40,2014-09-28
Radish, 1, 12,2014-09-28
Mango, 1, –,2014-09-28
Cabbage, 1, 16,2014-09-28
Carrot, 1, 46,2014-09-28
Beetroot, 1, 20,2014-09-28
Soybeans, 1, 80,2014-09-28
Drumstick beans, 1, 30,2014-09-28
butter beans, 1, –,2014-09-28
Banana nut, 1 piece, 4,2014-09-28
Banana stem, 1, 8,2014-09-28
Banana Flower, 1, 6,2014-09-28
Curry leaves, 1, 15,2014-09-28
Coriander leaves, 1, 20,2014-09-28
Mint, 1, 25,2014-09-28
Greens Leaves, 1, 10,2014-09-28
Garlic, 1, 100-160,2014-09-28
Button Mushrooms, 1, 180,2014-09-28
Papaya, 1, 24,2014-09-28
SavSav, 1, 26,2014-09-28
