Commodity, Weight in Kg, Price in Rs,Date
Brinjal, 1, 46,2014-11-19
Tomotto ottu, 1, 13,2014-11-19
Ladys Finger, 1, 24,2014-11-19
Snake Guard, 1, 20,2014-11-19
Bitter Gourd, 1, 24,2014-11-19
Bottle gourd, 1, 10,2014-11-19
Pumpkin, 1, 18,2014-11-19
Bean, 1, 44,2014-11-19
Cluster Beans, 1, 20,2014-11-19
Red Chilies, 1, 34,2014-11-19
Onion, 1, 30,2014-11-19
Pallari, 1, 26,2014-11-19
Ginger, 1, –,2014-11-19
Potato, 1, 36,2014-11-19
Radish, 1, 20,2014-11-19
Mango, 1, –,2014-11-19
Cabbage, 1, 20,2014-11-19
Carrot, 1, 38,2014-11-19
Beetroot, 1, 30,2014-11-19
Soybeans, 1, 70,2014-11-19
Drumstick beans, 1, 44,2014-11-19
butter beans, 1, –,2014-11-19
Banana nut, 1 piece, 5,2014-11-19
Banana stem, 1, 8,2014-11-19
Banana Flower, 1, 14,2014-11-19
Curry leaves, 1, 20,2014-11-19
Coriander leaves, 1, 60,2014-11-19
Mint, 1, 40,2014-11-19
Greens Leaves, 1, 10,2014-11-19
Garlic, 1, 120-140,2014-11-19
Button Mushrooms, 1, 196,2014-11-19
Papaya, 1, 20,2014-11-19
SavSav, 1, 26,2014-11-19
