Commodity, Weight in Kg, Price in Rs,Date
Brinjal, 1, 36,2014-05-18
Tomotto ottu, 1, 22,2014-05-18
LadyFinger, 1, 26,2014-05-18
SnakeGuard, 1, 30,2014-05-18
BitterGourd, 1, 34,2014-05-18
Bottlegourd, 1, 14,2014-05-18
Pumpkin, 1, 16,2014-05-18
Bean, 1, 68,2014-05-18
ClusterBeans, 1, 20,2014-05-18
Red Chillies, 1, 50,2014-05-18
Onion, 1, 24,2014-05-18
Pallari, 1, 20,2014-05-18
Ginger, 1, 140,2014-05-18
Potato, 1, 30,2014-05-18
Radish, 1, 18,2014-05-18
Mango, 1, 18,2014-05-18
Cabbage, 1, 14,2014-05-18
Carrot, 1, 32,2014-05-18
Beetroot, 1, 26,2014-05-18
Soybeans, 1, 110,2014-05-18
Drumstickbeans, 1, 50,2014-05-18
butterbeans, 1, –,2014-05-18
Banana nut, 1 piece, 04,2014-05-18
Banana stem, 1, 08,2014-05-18
BananaFlower, 1, 06,2014-05-18
Curry leaves, 1, 40,2014-05-18
Coriander leaves, 1, 30,2014-05-18
Mint, 1, 25,2014-05-18
GreensLeaves, 1, 10,2014-05-18
Garlic, 1, 80-120,2014-05-18
ButtonMushrooms, 1, 180,2014-05-18
Papaya, 1, 20,2014-05-18
SavSav, 1, 32,2014-05-18
