Commodity, Weight in Kg, Price in Rs,Date
Brinjal, 1, 30,2014-09-25
Tomotto ottu, 1, 15,2014-09-25
Ladys Finger, 1, 12,2014-09-25
Snake Guard, 1, 16,2014-09-25
Bitter Gourd, 1, 30,2014-09-25
Bottle gourd, 1, 8,2014-09-25
Pumpkin, 1, 16,2014-09-25
Bean, 1, 32,2014-09-25
Cluster Beans, 1, 18,2014-09-25
Red Chilies, 1, 26,2014-09-25
Onion, 1, 28,2014-09-25
Pallari, 1, 24,2014-09-25
Ginger, 1, –,2014-09-25
Potato, 1, 40,2014-09-25
Radish, 1, 12,2014-09-25
Mango, 1, –,2014-09-25
Cabbage, 1, 20,2014-09-25
Carrot, 1, 44,2014-09-25
Beetroot, 1, 20,2014-09-25
Soybeans, 1, 80,2014-09-25
Drumstick beans, 1, 30,2014-09-25
butter beans, 1, –,2014-09-25
Banana nut, 1 piece, 4,2014-09-25
Banana stem, 1, 8,2014-09-25
Banana Flower, 1, 6,2014-09-25
Curry leaves, 1, 15,2014-09-25
Coriander leaves, 1, 25,2014-09-25
Mint, 1, 30,2014-09-25
Greens Leaves, 1, 10,2014-09-25
Garlic, 1, 100-160,2014-09-25
Button Mushrooms, 1, 180,2014-09-25
Papaya, 1, 20,2014-09-25
SavSav, 1, 24,2014-09-25
