Commodity, Weight in Kg, Price in Rs,Date
Brinjal, 1, 30,2014-06-12
Tomotto ottu, 1, 20,2014-06-12
LadyFinger, 1, 24,2014-06-12
SnakeGuard, 1, 20,2014-06-12
BitterGourd, 1, 34,2014-06-12
Bottlegourd, 1, 12,2014-06-12
Pumpkin, 1, 16,2014-06-12
Bean, 1, 70,2014-06-12
ClusterBeans, 1, 14,2014-06-12
Red Chillies, 1, 26,2014-06-12
Onion, 1, 22,2014-06-12
Pallari, 1, 20,2014-06-12
Ginger, 1, 130,2014-06-12
Potato, 1, 30,2014-06-12
Radish, 1, 16,2014-06-12
Mango, 1, 10,2014-06-12
Cabbage, 1, 24,2014-06-12
Carrot, 1, 36,2014-06-12
Beetroot, 1, 30,2014-06-12
Soybeans, 1, 120,2014-06-12
Drumstickbeans, 1, 56,2014-06-12
butterbeans, 1, –,2014-06-12
Banana nut, 1 piece, 04,2014-06-12
Banana stem, 1, 8,2014-06-12
BananaFlower, 1, 8,2014-06-12
Curry leaves, 1, 40,2014-06-12
Coriander leaves, 1, 60,2014-06-12
Mint, 1, 30,2014-06-12
GreensLeaves, 1, 10,2014-06-12
Garlic, 1, 70-140,2014-06-12
ButtonMushrooms, 1, 180,2014-06-12
Papaya, 1, 20,2014-06-12
SavSav, 1, 32,2014-06-12
