Commodity, Weight in Kg, Price in Rs,Date
Brinjal, 1, 48,2014-10-15
Tomotto ottu, 1, 8,2014-10-15
Ladys Finger, 1, 24,2014-10-15
Snake Guard, 1, 18,2014-10-15
Bitter Gourd, 1, 28,2014-10-15
Bottle gourd, 1, 8,2014-10-15
Pumpkin, 1, 20,2014-10-15
Bean, 1, 50,2014-10-15
Cluster Beans, 1, 20,2014-10-15
Red Chilies, 1, 40,2014-10-15
Onion, 1, 28,2014-10-15
Pallari, 1, 25,2014-10-15
Ginger, 1, –,2014-10-15
Potato, 1, 40,2014-10-15
Radish, 1, 24,2014-10-15
Mango, 1, –,2014-10-15
Cabbage, 1, 20,2014-10-15
Carrot, 1, 44,2014-10-15
Beetroot, 1, 24,2014-10-15
Soybeans, 1, 66,2014-10-15
Drumstick beans, 1, 36,2014-10-15
butter beans, 1, –,2014-10-15
Banana nut, 1 piece, 5,2014-10-15
Banana stem, 1, 10,2014-10-15
Banana Flower, 1, 10,2014-10-15
Curry leaves, 1, 15,2014-10-15
Coriander leaves, 1, 50,2014-10-15
Mint, 1, 30,2014-10-15
Greens Leaves, 1, 10,2014-10-15
Garlic, 1, 170-180,2014-10-15
Button Mushrooms, 1, 196,2014-10-15
Papaya, 1, 24,2014-10-15
SavSav, 1, 26,2014-10-15
