Commodity, Weight in Kg, Price in Rs,Date
Brinjal, 1, 38,2014-08-12
Tomotto ottu, 1, 44,2014-08-12
Ladys Finger, 1, 28,2014-08-12
Snake Guard, 1, 26,2014-08-12
Bitter Gourd, 1, 44,2014-08-12
Bottle gourd, 1, 14,2014-08-12
Pumpkin, 1, 20,2014-08-12
Bean, 1, 36,2014-08-12
Cluster Beans, 1, 20,2014-08-12
Red Chilies, 1, 40,2014-08-12
Onion, 1, 34,2014-08-12
Pallari, 1, 36,2014-08-12
Ginger, 1, 140,2014-08-12
Potato, 1, 38,2014-08-12
Radish, 1, 20,2014-08-12
Mango, 1, –,2014-08-12
Cabbage, 1, 24,2014-08-12
Carrot, 1, 48,2014-08-12
Beetroot, 1, 44,2014-08-12
Soybeans, 1, 70,2014-08-12
Drumstick beans, 1, 60,2014-08-12
butter beans, 1, –,2014-08-12
Banana nut, 1 piece, 4,2014-08-12
Banana stem, 1, 8,2014-08-12
Banana Flower, 1, 6,2014-08-12
Curry leaves, 1, 20,2014-08-12
Coriander leaves, 1, 25,2014-08-12
Mint, 1, 30,2014-08-12
Greens Leaves, 1, 12,2014-08-12
Garlic, 1, 120-140,2014-08-12
Button Mushrooms, 1, 196,2014-08-12
Papaya, 1, 24,2014-08-12
SavSav, 1, 34,2014-08-12
