Commodity, Weight in Kg, Price in Rs,Date
Brinjal/கத்தரிக்காய், 1, 28,2014-01-26
Tomotto ottu/தக்காளி ஒட்டு, 1, 06,2014-01-26
LadyFinger/வெண்டைக்காய், 1, 34,2014-01-26
SnakeGuard/புடலங்காய், 1, 16,2014-01-26
BitterGourd/பாகற்காய், 1, 18,2014-01-26
Bottlegourd/சுரைக்காய், 1, 12,2014-01-26
Pumpkin/பூசணிக்காய், 1, 12,2014-01-26
Bean/அவரை, 1, 16,2014-01-26
ClusterBeans/கொத்தவரை, 1, 14,2014-01-26
Red Chillies/குண்டு மிளகாய், 1, 18,2014-01-26
Onion/வெங்காயம், 1, 20,2014-01-26
Pallari/பல்லாரி, 1, 18,2014-01-26
Ginger/இஞ்சி, 1, 100,2014-01-26
Potato/உருளைக்கிழங்கு, 1, 28,2014-01-26
Radish/முள்ளங்கி, 1, 18,2014-01-26
Mango/மாங்காய், 1, 80,2014-01-26
Cabbage/முட்டைக்கோஸ், 1, 16,2014-01-26
Carrot/கேரட், 1, 20,2014-01-26
Beetroot/பீட்ரூட், 1, 20,2014-01-26
Soybeans/சோயாபீன்ஸ், 1, 65,2014-01-26
Drumstickbeans/முருங்கைபீன்ஸ், 1, 30,2014-01-26
butterbeans/பட்டர்பீன்ஸ், 1, 70,2014-01-26
Banana nut/வாழைக்காய், 1 piece, 03,2014-01-26
Banana stem/வாழைத்தண்டு, 1, 07,2014-01-26
BananaFlower/வாழைப்பூ, 1, 07,2014-01-26
Curry leaves/கருவேப்பிலை, 1, 20,2014-01-26
Coriander leaves/மல்லி இலை, 1, 30,2014-01-26
Mint/புதினா, 1, 30,2014-01-26
GreensLeaves/கீரைக்கட்டு, 1, 8,2014-01-26
Garlic/பூண்டு, 1, 120-140,2014-01-26
ButtonMushrooms/ பட்டன்காளான், 1, 188,2014-01-26
Papaya/ பப்பாளிப்பழம், 1, 20,2014-01-26
SavSav/ சவ்சவ், 1, 16,2014-01-26
