Commodity, Weight in Kg, Price in Rs,Date
Brinjal, 1, 34,2014-09-13
Tomotto ottu, 1, 22,2014-09-13
Ladys Finger, 1, 12,2014-09-13
Snake Guard, 1, 18,2014-09-13
Bitter Gourd, 1, 30,2014-09-13
Bottle gourd, 1, 8,2014-09-13
Pumpkin, 1, 16,2014-09-13
Bean, 1, 28,2014-09-13
Cluster Beans, 1, 20,2014-09-13
Red Chilies, 1, 28,2014-09-13
Onion, 1, 26,2014-09-13
Pallari, 1, 24,2014-09-13
Ginger, 1, 70,2014-09-13
Potato, 1, 38,2014-09-13
Radish, 1, 12,2014-09-13
Mango, 1, –,2014-09-13
Cabbage, 1, 18,2014-09-13
Carrot, 1, 40,2014-09-13
Beetroot, 1, 28,2014-09-13
Soybeans, 1, 90,2014-09-13
Drumstick beans, 1, 50,2014-09-13
butter beans, 1, –,2014-09-13
Banana nut, 1 piece, 3,2014-09-13
Banana stem, 1, 7,2014-09-13
Banana Flower, 1, 8,2014-09-13
Curry leaves, 1, 10,2014-09-13
Coriander leaves, 1, 20,2014-09-13
Mint, 1, 30,2014-09-13
Greens Leaves, 1, 10,2014-09-13
Garlic, 1, 100-160,2014-09-13
Button Mushrooms, 1, 195,2014-09-13
Papaya, 1, 20,2014-09-13
SavSav, 1, 24,2014-09-13
