Commodity, Weight in Kg, Price in Rs,Date
Brinjal, 1, 36,2014-08-05
Tomotto ottu, 1, 50,2014-08-05
Ladys Finger, 1, 26,2014-08-05
Snake Guard, 1, 24,2014-08-05
Bitter Gourd, 1, 34,2014-08-05
Bottle gourd, 1, 16,2014-08-05
Pumpkin, 1, 20,2014-08-05
Bean, 1, 36,2014-08-05
Cluster Beans, 1, 24,2014-08-05
Red Chilies, 1, 46,2014-08-05
Onion, 1, 38,2014-08-05
Pallari, 1, 36,2014-08-05
Ginger, 1, 130,2014-08-05
Potato, 1, 38,2014-08-05
Radish, 1, 25,2014-08-05
Mango, 1, 30,2014-08-05
Cabbage, 1, 26,2014-08-05
Carrot, 1, 48,2014-08-05
Beetroot, 1, 50,2014-08-05
Soybeans, 1, 70,2014-08-05
Drumstick beans, 1, 60,2014-08-05
butter beans, 1, –,2014-08-05
Banana nut, 1 piece, 3,2014-08-05
Banana stem, 1, 10,2014-08-05
Banana Flower, 1, 8,2014-08-05
Curry leaves, 1, 20,2014-08-05
Coriander leaves, 1, 25,2014-08-05
Mint, 1, 30,2014-08-05
Greens Leaves, 1, 12,2014-08-05
Garlic, 1, 100-130,2014-08-05
Button Mushrooms, 1, 198,2014-08-05
Papaya, 1, 26,2014-08-05
SavSav, 1, 30,2014-08-05
