Commodity, Weight in Kg, Price in Rs,Date
Brinjal, 1, 30,2014-05-11
Tomotto ottu, 1, 14,2014-05-11
LadyFinger, 1, 24,2014-05-11
SnakeGuard, 1, 30,2014-05-11
BitterGourd, 1, 34,2014-05-11
Bottlegourd, 1, 14,2014-05-11
Pumpkin, 1, 16,2014-05-11
Bean, 1, 40,2014-05-11
ClusterBeans, 1, 14,2014-05-11
Red Chillies, 1, 70,2014-05-11
Onion, 1, 24,2014-05-11
Pallari, 1, 18,2014-05-11
Ginger, 1, 140,2014-05-11
Potato, 1, 30,2014-05-11
Radish, 1, 14,2014-05-11
Mango, 1, 15,2014-05-11
Cabbage, 1, 14,2014-05-11
Carrot, 1, 34,2014-05-11
Beetroot, 1, 26,2014-05-11
Soybeans, 1, 110,2014-05-11
Drumstickbeans, 1, 46,2014-05-11
butterbeans, 1, –,2014-05-11
Banana nut, 1 piece, 04,2014-05-11
Banana stem, 1, 8,2014-05-11
BananaFlower, 1, 6,2014-05-11
Curry leaves, 1, 30,2014-05-11
Coriander leaves, 1, 40,2014-05-11
Mint, 1, 25,2014-05-11
GreensLeaves, 1, 10,2014-05-11
Garlic, 1, 60-100,2014-05-11
ButtonMushrooms, 1, 180,2014-05-11
Papaya, 1, 20,2014-05-11
SavSav, 1, 34,2014-05-11
