Commodity, Weight in Kg, Price in Rs,Date
Brinjal, 1, 50,2014-07-14
Tomotto ottu, 1, 40,2014-07-14
LadyFinger, 1, 34,2014-07-14
SnakeGuard, 1, 28,2014-07-14
BitterGourd, 1, 40,2014-07-14
Bottlegourd, 1, 16,2014-07-14
Pumpkin, 1, 20,2014-07-14
Bean, 1, 50,2014-07-14
ClusterBeans, 1, 20,2014-07-14
Red Chillies, 1, 46,2014-07-14
Onion, 1, 22,2014-07-14
Pallari, 1, 30,2014-07-14
Ginger, 1, 128,2014-07-14
Potato, 1, 30,2014-07-14
Radish, 1, 24,2014-07-14
Mango, 1, 18,2014-07-14
Cabbage, 1, 26,2014-07-14
Carrot, 1, 50,2014-07-14
Beetroot, 1, 44,2014-07-14
Soybeans, 1, 100,2014-07-14
Drumstickbeans, 1, 64,2014-07-14
butterbeans, 1, –,2014-07-14
Banana nut, 1 piece, 4,2014-07-14
Banana stem, 1, 10,2014-07-14
BananaFlower, 1, 8,2014-07-14
Curry leaves, 1, 20,2014-07-14
Coriander leaves, 1, 54,2014-07-14
Mint, 1, 30,2014-07-14
GreensLeaves, 1, 10,2014-07-14
Garlic, 1, 70-140,2014-07-14
ButtonMushrooms, 1, 180,2014-07-14
Papaya, 1, 20,2014-07-14
SavSav, 1, 40,2014-07-14
