Commodity, Weight in Kg, Price in Rs,Date
Brinjal, 1, 36,2014-10-05
Tomotto ottu, 1, 14,2014-10-05
Ladys Finger, 1, 20,2014-10-05
Snake Guard, 1, 14,2014-10-05
Bitter Gourd, 1, 20,2014-10-05
Bottle gourd, 1, 8,2014-10-05
Pumpkin, 1, 16,2014-10-05
Bean, 1, 34,2014-10-05
Cluster Beans, 1, 16,2014-10-05
Red Chilies, 1, 32,2014-10-05
Onion, 1, 24,2014-10-05
Pallari, 1, 20,2014-10-05
Ginger, 1, –,2014-10-05
Potato, 1, 40,2014-10-05
Radish, 1, 16,2014-10-05
Mango, 1, –,2014-10-05
Cabbage, 1, 16,2014-10-05
Carrot, 1, 40,2014-10-05
Beetroot, 1, 26,2014-10-05
Soybeans, 1, 70,2014-10-05
Drumstick beans, 1, 30,2014-10-05
butter beans, 1, –,2014-10-05
Banana nut, 1 piece, 4,2014-10-05
Banana stem, 1, 8,2014-10-05
Banana Flower, 1, 5,2014-10-05
Curry leaves, 1, 15,2014-10-05
Coriander leaves, 1, 30,2014-10-05
Mint, 1, 35,2014-10-05
Greens Leaves, 1, 10,2014-10-05
Garlic, 1, 100-160,2014-10-05
Button Mushrooms, 1, 180,2014-10-05
Papaya, 1, 24,2014-10-05
SavSav, 1, 26,2014-10-05
