Commodity, Weight in Kg, Price in Rs,Date
Brinjal, 1, 36,2014-08-04
Tomotto ottu, 1, 40,2014-08-04
Ladys Finger, 1, 24,2014-08-04
Snake Guard, 1, 26,2014-08-04
Bitter Gourd, 1, 38,2014-08-04
Bottle gourd, 1, 14,2014-08-04
Pumpkin, 1, 18,2014-08-04
Bean, 1, 36,2014-08-04
Cluster Beans, 1, 24,2014-08-04
Red Chilies, 1, 50,2014-08-04
Onion, 1, 36,2014-08-04
Pallari, 1, 34,2014-08-04
Ginger, 1, 150,2014-08-04
Potato, 1, 38,2014-08-04
Radish, 1, 25,2014-08-04
Mango, 1, 28,2014-08-04
Cabbage, 1, 26,2014-08-04
Carrot, 1, 48,2014-08-04
Beetroot, 1, 50,2014-08-04
Soybeans, 1, 70,2014-08-04
Drumstick beans, 1, 60,2014-08-04
butter beans, 1, –,2014-08-04
Banana nut, 1 piece, 4,2014-08-04
Banana stem, 1, 10,2014-08-04
Banana Flower, 1, 12,2014-08-04
Curry leaves, 1, 20,2014-08-04
Coriander leaves, 1, 25,2014-08-04
Mint, 1, 20,2014-08-04
Greens Leaves, 1, 12,2014-08-04
Garlic, 1, 100-130,2014-08-04
Button Mushrooms, 1, 198,2014-08-04
Papaya, 1, 26,2014-08-04
SavSav, 1, 30,2014-08-04
