Commodity, Weight in Kg, Price in Rs,Date
Brinjal, 1, 44,2014-09-09
Tomotto ottu, 1, 26,2014-09-09
Ladys Finger, 1, 20,2014-09-09
Snake Guard, 1, 20,2014-09-09
Bitter Gourd, 1, 30,2014-09-09
Bottle gourd, 1, 12,2014-09-09
Pumpkin, 1, 16,2014-09-09
Bean, 1, 42,2014-09-09
Cluster Beans, 1, 20,2014-09-09
Red Chilies, 1, 26,2014-09-09
Onion, 1, 30,2014-09-09
Pallari, 1, 28,2014-09-09
Ginger, 1, 120,2014-09-09
Potato, 1, 44,2014-09-09
Radish, 1, 14,2014-09-09
Mango, 1, –,2014-09-09
Cabbage, 1, 18,2014-09-09
Carrot, 1, 42,2014-09-09
Beetroot, 1, 26,2014-09-09
Soybeans, 1, 90,2014-09-09
Drumstick beans, 1, 54,2014-09-09
butter beans, 1, –,2014-09-09
Banana nut, 1 piece, 3,2014-09-09
Banana stem, 1, 8,2014-09-09
Banana Flower, 1, 10,2014-09-09
Curry leaves, 1, 15,2014-09-09
Coriander leaves, 1, 20,2014-09-09
Mint, 1, 25,2014-09-09
Greens Leaves, 1, 10,2014-09-09
Garlic, 1, 120-140,2014-09-09
Button Mushrooms, 1, 196,2014-09-09
Papaya, 1, 20,2014-09-09
SavSav, 1, 26,2014-09-09
