Commodity, Weight in Kg, Price in Rs,Date
Brinjal, 1, 50,2014-07-15
Tomotto ottu, 1, 42,2014-07-15
LadyFinger, 1, 34,2014-07-15
SnakeGuard, 1, 28,2014-07-15
BitterGourd, 1, 46,2014-07-15
Bottlegourd, 1, 16,2014-07-15
Pumpkin, 1, 18,2014-07-15
Bean, 1, 64,2014-07-15
ClusterBeans, 1, 26,2014-07-15
Red Chillies, 1, 50,2014-07-15
Onion, 1, 24,2014-07-15
Pallari, 1, 36,2014-07-15
Ginger, 1, 120,2014-07-15
Potato, 1, 30,2014-07-15
Radish, 1, 28,2014-07-15
Mango, 1, 18,2014-07-15
Cabbage, 1, 26,2014-07-15
Carrot, 1, 54,2014-07-15
Beetroot, 1, 44,2014-07-15
Soybeans, 1, 100,2014-07-15
Drumstickbeans, 1, 64,2014-07-15
butterbeans, 1, –,2014-07-15
Banana nut, 1 piece, 3,2014-07-15
Banana stem, 1, 10,2014-07-15
BananaFlower, 1, 10,2014-07-15
Curry leaves, 1, 20,2014-07-15
Coriander leaves, 1, 60,2014-07-15
Mint, 1, 30,2014-07-15
GreensLeaves, 1, 12,2014-07-15
Garlic, 1, 70-140,2014-07-15
ButtonMushrooms, 1, 200,2014-07-15
Papaya, 1, 24,2014-07-15
SavSav, 1, 40,2014-07-15
