Commodity, Weight in Kg, Price in Rs,Date
Brinjal, 1, 14,2014-09-22
Tomotto ottu, 1, 12,2014-09-22
Ladys Finger, 1, 12,2014-09-22
Snake Guard, 1, 18,2014-09-22
Bitter Gourd, 1, 30,2014-09-22
Bottle gourd, 1, 8,2014-09-22
Pumpkin, 1, 16,2014-09-22
Bean, 1, 30,2014-09-22
Cluster Beans, 1, 16,2014-09-22
Red Chilies, 1, 28,2014-09-22
Onion, 1, 28,2014-09-22
Pallari, 1, 24,2014-09-22
Ginger, 1, 130,2014-09-22
Potato, 1, 40,2014-09-22
Radish, 1, 12,2014-09-22
Mango, 1, –,2014-09-22
Cabbage, 1, 18,2014-09-22
Carrot, 1, 50,2014-09-22
Beetroot, 1, 20,2014-09-22
Soybeans, 1, 80,2014-09-22
Drumstick beans, 1, 40,2014-09-22
butter beans, 1, –,2014-09-22
Banana nut, 1 piece, 4,2014-09-22
Banana stem, 1, 8,2014-09-22
Banana Flower, 1, 6,2014-09-22
Curry leaves, 1, 15,2014-09-22
Coriander leaves, 1, 25,2014-09-22
Mint, 1, 30,2014-09-22
Greens Leaves, 1, 10,2014-09-22
Garlic, 1, 120-140,2014-09-22
Button Mushrooms, 1, 200,2014-09-22
Papaya, 1, 20,2014-09-22
SavSav, 1, 18,2014-09-22
