Commodity, Weight in Kg, Price in Rs,Date
Brinjal, 1, 24,2014-06-09
Tomotto ottu, 1, 18,2014-06-09
LadyFinger, 1, 24,2014-06-09
SnakeGuard, 1, 20,2014-06-09
BitterGourd, 1, 32,2014-06-09
Bottlegourd, 1, 12,2014-06-09
Pumpkin, 1, 18,2014-06-09
Bean, 1, 70,2014-06-09
ClusterBeans, 1, 14,2014-06-09
Red Chillies, 1, 26,2014-06-09
Onion, 1, 22,2014-06-09
Pallari, 1, 20,2014-06-09
Ginger, 1, 140,2014-06-09
Potato, 1, 30,2014-06-09
Radish, 1, 16,2014-06-09
Mango, 1, 10,2014-06-09
Cabbage, 1, 22,2014-06-09
Carrot, 1, 38,2014-06-09
Beetroot, 1, 26,2014-06-09
Soybeans, 1, 120,2014-06-09
Drumstickbeans, 1, 58,2014-06-09
butterbeans, 1, –,2014-06-09
Banana nut, 1 piece, 04,2014-06-09
Banana stem, 1, 8,2014-06-09
BananaFlower, 1, 6,2014-06-09
Curry leaves, 1, 40,2014-06-09
Coriander leaves, 1, 50,2014-06-09
Mint, 1, 30,2014-06-09
GreensLeaves, 1, 10,2014-06-09
Garlic, 1, 70-140,2014-06-09
ButtonMushrooms, 1, 180,2014-06-09
Papaya, 1, 20,2014-06-09
SavSav, 1, 30,2014-06-09
