Commodity, Weight in Kg, Price in Rs,Date
Brinjal, 1, 48,2014-07-13
Tomotto ottu, 1, 36,2014-07-13
LadyFinger, 1, 30,2014-07-13
SnakeGuard, 1, 28,2014-07-13
BitterGourd, 1, 46,2014-07-13
Bottlegourd, 1, 16,2014-07-13
Pumpkin, 1, 18,2014-07-13
Bean, 1, 60,2014-07-13
ClusterBeans, 1, 24,2014-07-13
Red Chillies, 1, 50,2014-07-13
Onion, 1, 24,2014-07-13
Pallari, 1, 36,2014-07-13
Ginger, 1, 130,2014-07-13
Potato, 1, 30,2014-07-13
Radish, 1, 28,2014-07-13
Mango, 1, 16,2014-07-13
Cabbage, 1, 28,2014-07-13
Carrot, 1, 54,2014-07-13
Beetroot, 1, 45,2014-07-13
Soybeans, 1, 100,2014-07-13
Drumstickbeans, 1, 64,2014-07-13
butterbeans, 1, –,2014-07-13
Banana nut, 1 piece, 4,2014-07-13
Banana stem, 1, 10,2014-07-13
BananaFlower, 1, 10,2014-07-13
Curry leaves, 1, 20,2014-07-13
Coriander leaves, 1, 57,2014-07-13
Mint, 1, 30,2014-07-13
GreensLeaves, 1, 12,2014-07-13
Garlic, 1, 100-130,2014-07-13
ButtonMushrooms, 1, 200,2014-07-13
Papaya, 1, 24,2014-07-13
SavSav, 1, 32,2014-07-13
