Commodity, Weight in Kg, Price in Rs,Date
Brinjal, 1, 54,2014-11-16
Tomotto ottu, 1, 15,2014-11-16
Ladys Finger, 1, 20,2014-11-16
Snake Guard, 1, 26,2014-11-16
Bitter Gourd, 1, 30,2014-11-16
Bottle gourd, 1, 14,2014-11-16
Pumpkin, 1, 24,2014-11-16
Bean, 1, 60,2014-11-16
Cluster Beans, 1, 20,2014-11-16
Red Chilies, 1, 34,2014-11-16
Onion, 1, 30,2014-11-16
Pallari, 1, 28,2014-11-16
Ginger, 1, –,2014-11-16
Potato, 1, 40,2014-11-16
Radish, 1, 26,2014-11-16
Mango, 1, –,2014-11-16
Cabbage, 1, 24,2014-11-16
Carrot, 1, 40,2014-11-16
Beetroot, 1, 36,2014-11-16
Soybeans, 1, 74,2014-11-16
Drumstick beans, 1, 54,2014-11-16
butter beans, 1, –,2014-11-16
Banana nut, 1 piece, 5,2014-11-16
Banana stem, 1, 10,2014-11-16
Banana Flower, 1, 10,2014-11-16
Curry leaves, 1, 20,2014-11-16
Coriander leaves, 1, 60,2014-11-16
Mint, 1, 50,2014-11-16
Greens Leaves, 1, 12,2014-11-16
Garlic, 1, 120-170,2014-11-16
Button Mushrooms, 1, 190,2014-11-16
Papaya, 1, 24,2014-11-16
SavSav, 1, 34,2014-11-16
