Commodity, Weight in Kg, Price in Rs,Date
Brinjal, 1, 46,2014-10-28
Tomotto ottu, 1, 14,2014-10-28
Ladys Finger, 1, 10,2014-10-28
Snake Guard, 1, 16,2014-10-28
Bitter Gourd, 1, 18,2014-10-28
Bottle gourd, 1, 8,2014-10-28
Pumpkin, 1, 16,2014-10-28
Bean, 1, 38,2014-10-28
Cluster Beans, 1, 16,2014-10-28
Red Chilies, 1, 38,2014-10-28
Onion, 1, 36,2014-10-28
Pallari, 1, 24,2014-10-28
Ginger, 1, –,2014-10-28
Potato, 1, 40,2014-10-28
Radish, 1, 20,2014-10-28
Mango, 1, –,2014-10-28
Cabbage, 1, 12,2014-10-28
Carrot, 1, 40,2014-10-28
Beetroot, 1, 24,2014-10-28
Soybeans, 1, 60,2014-10-28
Drumstick beans, 1, 36,2014-10-28
butter beans, 1, –,2014-10-28
Banana nut, 1 piece, 4,2014-10-28
Banana stem, 1, 7,2014-10-28
Banana Flower, 1, 10,2014-10-28
Curry leaves, 1, 20,2014-10-28
Coriander leaves, 1, 50,2014-10-28
Mint, 1, 30,2014-10-28
Greens Leaves, 1, 10,2014-10-28
Garlic, 1, 140-150,2014-10-28
Button Mushrooms, 1, 196,2014-10-28
Papaya, 1, 20,2014-10-28
SavSav, 1, 18,2014-10-28
