Commodity, Weight in Kg, Price in Rs,Date
Brinjal, 1, 36,2014-07-27
Tomotto ottu, 1, 42,2014-07-27
Ladys Finger, 1, 30,2014-07-27
Snake Guard, 1, 24,2014-07-27
Bitter Gourd, 1, 44,2014-07-27
Bottle gourd, 1, 16,2014-07-27
Pumpkin, 1, 20,2014-07-27
Bean, 1, 70,2014-07-27
Cluster Beans, 1, 20,2014-07-27
Red Chilies, 1, 70,2014-07-27
Onion, 1, 34,2014-07-27
Pallari, 1, 36,2014-07-27
Ginger, 1, 140,2014-07-27
Potato, 1, 32,2014-07-27
Radish, 1, 24,2014-07-27
Mango, 1, 20,2014-07-27
Cabbage, 1, 24,2014-07-27
Carrot, 1, 50,2014-07-27
Beetroot, 1, 46,2014-07-27
Soybeans, 1, 94,2014-07-27
Drumstick beans, 1, 60,2014-07-27
butter beans, 1, –,2014-07-27
Banana nut, 1 piece, 4,2014-07-27
Banana stem, 1, 8,2014-07-27
Banana Flower, 1, 6,2014-07-27
Curry leaves, 1, 20,2014-07-27
Coriander leaves, 1, 25,2014-07-27
Mint, 1, 25,2014-07-27
Greens Leaves, 1, 10,2014-07-27
Garlic, 1, 70-180,2014-07-27
Button Mushrooms, 1, 180,2014-07-27
Papaya, 1, 24,2014-07-27
SavSav, 1, 30,2014-07-27
