Commodity, Weight in Kg, Price in Rs,Date
Brinjal, 1, 38,2014-12-04
Tomotto ottu, 1, 22,2014-12-04
Ladys Finger, 1, 36,2014-12-04
Snake Guard, 1, 26,2014-12-04
Bitter Gourd, 1, 30,2014-12-04
Bottle gourd, 1, 10,2014-12-04
Pumpkin, 1, 24,2014-12-04
Bean, 1, 48,2014-12-04
Cluster Beans, 1, 20,2014-12-04
Red Chilies, 1, 40,2014-12-04
Onion, 1, 30,2014-12-04
Pallari, 1, 28,2014-12-04
Ginger, 1, –,2014-12-04
Potato, 1, 40,2014-12-04
Radish, 1, 30,2014-12-04
Mango, 1, –,2014-12-04
Cabbage, 1, 24,2014-12-04
Carrot, 1, 36,2014-12-04
Beetroot, 1, 36,2014-12-04
Soybeans, 1, 80,2014-12-04
Drumstick beans, 1, 48,2014-12-04
butter beans, 1, –,2014-12-04
Banana nut, 1 piece, 5,2014-12-04
Banana stem, 1, 10,2014-12-04
Banana Flower, 1, 12,2014-12-04
Curry leaves, 1, 30,2014-12-04
Coriander leaves, 1, 30,2014-12-04
Mint, 1, 30,2014-12-04
Greens Leaves, 1, 10,2014-12-04
Garlic, 1, 80-180,2014-12-04
Button Mushrooms, 1, 180,2014-12-04
Papaya, 1, 20,2014-12-04
SavSav, 1, 26,2014-12-04
