Commodity, Weight in Kg, Price in Rs,Date
Brinjal, 1, 40,2014-09-20
Tomotto ottu, 1, 15,2014-09-20
Ladys Finger, 1, 14,2014-09-20
Snake Guard, 1, 18,2014-09-20
Bitter Gourd, 1, 44,2014-09-20
Bottle gourd, 1, 12,2014-09-20
Pumpkin, 1, 18,2014-09-20
Bean, 1, 40,2014-09-20
Cluster Beans, 1, 18,2014-09-20
Red Chilies, 1, 35,2014-09-20
Onion, 1, 30,2014-09-20
Pallari, 1, 28,2014-09-20
Ginger, 1, 120,2014-09-20
Potato, 1, 40,2014-09-20
Radish, 1, 14,2014-09-20
Mango, 1, –,2014-09-20
Cabbage, 1, 16,2014-09-20
Carrot, 1, 44,2014-09-20
Beetroot, 1, 30,2014-09-20
Soybeans, 1, 66,2014-09-20
Drumstick beans, 1, 48,2014-09-20
butter beans, 1, –,2014-09-20
Banana nut, 1 piece, 3,2014-09-20
Banana stem, 1, 7,2014-09-20
Banana Flower, 1, 8,2014-09-20
Curry leaves, 1, 15,2014-09-20
Coriander leaves, 1, 30,2014-09-20
Mint, 1, 30,2014-09-20
Greens Leaves, 1, 10,2014-09-20
Garlic, 1, 100-130,2014-09-20
Button Mushrooms, 1, 196,2014-09-20
Papaya, 1, 20,2014-09-20
SavSav, 1, 24,2014-09-20
