Commodity, Weight in Kg, Price in Rs,Date
Brinjal, 1, 50,2014-10-14
Tomotto ottu, 1, 10,2014-10-14
Ladys Finger, 1, 18,2014-10-14
Snake Guard, 1, 18,2014-10-14
Bitter Gourd, 1, 24,2014-10-14
Bottle gourd, 1, 8,2014-10-14
Pumpkin, 1, 16,2014-10-14
Bean, 1, 50,2014-10-14
Cluster Beans, 1, 18,2014-10-14
Red Chilies, 1, 40,2014-10-14
Onion, 1, 26,2014-10-14
Pallari, 1, 24,2014-10-14
Ginger, 1, –,2014-10-14
Potato, 1, 40,2014-10-14
Radish, 1, 16,2014-10-14
Mango, 1, –,2014-10-14
Cabbage, 1, 20,2014-10-14
Carrot, 1, 38,2014-10-14
Beetroot, 1, 20,2014-10-14
Soybeans, 1, 70,2014-10-14
Drumstick beans, 1, 36,2014-10-14
butter beans, 1, –,2014-10-14
Banana nut, 1 piece, 4,2014-10-14
Banana stem, 1, 7,2014-10-14
Banana Flower, 1, 10,2014-10-14
Curry leaves, 1, 15,2014-10-14
Coriander leaves, 1, 40,2014-10-14
Mint, 1, 30,2014-10-14
Greens Leaves, 1, 10,2014-10-14
Garlic, 1, 120-140,2014-10-14
Button Mushrooms, 1, 196,2014-10-14
Papaya, 1, 20,2014-10-14
SavSav, 1, 20,2014-10-14
