Commodity, Weight in Kg, Price in Rs,Date
Brinjal, 1, 34,2014-09-19
Tomotto ottu, 1, 15,2014-09-19
Ladys Finger, 1, 12,2014-09-19
Snake Guard, 1, 16,2014-09-19
Bitter Gourd, 1, 30,2014-09-19
Bottle gourd, 1, 8,2014-09-19
Pumpkin, 1, 14,2014-09-19
Bean, 1, 30,2014-09-19
Cluster Beans, 1, 16,2014-09-19
Red Chilies, 1, 20,2014-09-19
Onion, 1, 28,2014-09-19
Pallari, 1, 26,2014-09-19
Ginger, 1, 120,2014-09-19
Potato, 1, 40,2014-09-19
Radish, 1, 20,2014-09-19
Mango, 1, –,2014-09-19
Cabbage, 1, 12,2014-09-19
Carrot, 1, 38,2014-09-19
Beetroot, 1, 20,2014-09-19
Soybeans, 1, 80,2014-09-19
Drumstick beans, 1, 30,2014-09-19
butter beans, 1, –,2014-09-19
Banana nut, 1 piece, 4,2014-09-19
Banana stem, 1, 8,2014-09-19
Banana Flower, 1, 6,2014-09-19
Curry leaves, 1, 12,2014-09-19
Coriander leaves, 1, 25,2014-09-19
Mint, 1, 30,2014-09-19
Greens Leaves, 1, 10,2014-09-19
Garlic, 1, 120-140,2014-09-19
Button Mushrooms, 1, 180,2014-09-19
Papaya, 1, 20,2014-09-19
SavSav, 1, 24,2014-09-19
