Commodity, Weight in Kg, Price in Rs,Date
Brinjal, 1, 36,2014-05-15
Tomotto ottu, 1, 18,2014-05-15
LadyFinger, 1, 26,2014-05-15
SnakeGuard, 1, 34,2014-05-15
BitterGourd, 1, 36,2014-05-15
Bottlegourd, 1, 14,2014-05-15
Pumpkin, 1, 16,2014-05-15
Bean, 1, 64,2014-05-15
ClusterBeans, 1, 16,2014-05-15
Red Chillies, 1, 60,2014-05-15
Onion, 1, 24,2014-05-15
Pallari, 1, 20,2014-05-15
Ginger, 1, 145,2014-05-15
Potato, 1, 30,2014-05-15
Radish, 1, 14,2014-05-15
Mango, 1, 18,2014-05-15
Cabbage, 1, 14,2014-05-15
Carrot, 1, 28,2014-05-15
Beetroot, 1, 26,2014-05-15
Soybeans, 1, 110,2014-05-15
Drumstickbeans, 1, 38,2014-05-15
butterbeans, 1, –,2014-05-15
Banana nut, 1 piece, 04,2014-05-15
Banana stem, 1, 8,2014-05-15
BananaFlower, 1, 6,2014-05-15
Curry leaves, 1, 40,2014-05-15
Coriander leaves, 1, 30,2014-05-15
Mint, 1, 25,2014-05-15
GreensLeaves, 1, 8,2014-05-15
Garlic, 1, 100-120,2014-05-15
ButtonMushrooms, 1, 180,2014-05-15
Papaya, 1, 22,2014-05-15
SavSav, 1, 34,2014-05-15
