Commodity, Weight in Kg, Price in Rs,Date
Brinjal, 1, 30,2014-09-29
Tomotto ottu, 1, 14,2014-09-29
Ladys Finger, 1, 14,2014-09-29
Snake Guard, 1, 16,2014-09-29
Bitter Gourd, 1, 30,2014-09-29
Bottle gourd, 1, 10,2014-09-29
Pumpkin, 1, 16,2014-09-29
Bean, 1, 32,2014-09-29
Cluster Beans, 1, 16,2014-09-29
Red Chilies, 1, 30,2014-09-29
Onion, 1, 26,2014-09-29
Pallari, 1, 20,2014-09-29
Ginger, 1, –,2014-09-29
Potato, 1, 46,2014-09-29
Radish, 1, 12,2014-09-29
Mango, 1, –,2014-09-29
Cabbage, 1, 16,2014-09-29
Carrot, 1, 46,2014-09-29
Beetroot, 1, 24,2014-09-29
Soybeans, 1, 70,2014-09-29
Drumstick beans, 1, 30,2014-09-29
butter beans, 1, –,2014-09-29
Banana nut, 1 piece, 4,2014-09-29
Banana stem, 1, 8,2014-09-29
Banana Flower, 1, 6,2014-09-29
Curry leaves, 1, 20,2014-09-29
Coriander leaves, 1, 30,2014-09-29
Mint, 1, 35,2014-09-29
Greens Leaves, 1, 10,2014-09-29
Garlic, 1, 100-160,2014-09-29
Button Mushrooms, 1, 180,2014-09-29
Papaya, 1, 24,2014-09-29
SavSav, 1, 26,2014-09-29
