Commodity, Weight in Kg, Price in Rs,Date
Brinjal, 1, 48,2014-10-29
Tomotto ottu, 1, 14,2014-10-29
Ladys Finger, 1, 18,2014-10-29
Snake Guard, 1, 18,2014-10-29
Bitter Gourd, 1, 20,2014-10-29
Bottle gourd, 1, 8,2014-10-29
Pumpkin, 1, 16,2014-10-29
Bean, 1, 48,2014-10-29
Cluster Beans, 1, 18,2014-10-29
Red Chilies, 1, 40,2014-10-29
Onion, 1, 36,2014-10-29
Pallari, 1, 24,2014-10-29
Ginger, 1, –,2014-10-29
Potato, 1, 40,2014-10-29
Radish, 1, 20,2014-10-29
Mango, 1, –,2014-10-29
Cabbage, 1, 18,2014-10-29
Carrot, 1, 38,2014-10-29
Beetroot, 1, 30,2014-10-29
Soybeans, 1, 60,2014-10-29
Drumstick beans, 1, 38,2014-10-29
butter beans, 1, –,2014-10-29
Banana nut, 1 piece, 4,2014-10-29
Banana stem, 1, 7,2014-10-29
Banana Flower, 1, 10,2014-10-29
Curry leaves, 1, 15,2014-10-29
Coriander leaves, 1, 50,2014-10-29
Mint, 1, 30,2014-10-29
Greens Leaves, 1, 10,2014-10-29
Garlic, 1, 140-150,2014-10-29
Button Mushrooms, 1, 190,2014-10-29
Papaya, 1, 20,2014-10-29
SavSav, 1, 20,2014-10-29
