Commodity, Weight in Kg, Price in Rs,Date
Brinjal, 1, 34,2014-09-21
Tomotto ottu, 1, 12,2014-09-21
Ladys Finger, 1, 12,2014-09-21
Snake Guard, 1, 16,2014-09-21
Bitter Gourd, 1, 30,2014-09-21
Bottle gourd, 1, 8,2014-09-21
Pumpkin, 1, 16,2014-09-21
Bean, 1, 30,2014-09-21
Cluster Beans, 1, 18,2014-09-21
Red Chilies, 1, 28,2014-09-21
Onion, 1, 28,2014-09-21
Pallari, 1, 24,2014-09-21
Ginger, 1, 130,2014-09-21
Potato, 1, 40,2014-09-21
Radish, 1, 14,2014-09-21
Mango, 1, –,2014-09-21
Cabbage, 1, 18,2014-09-21
Carrot, 1, 40,2014-09-21
Beetroot, 1, 20,2014-09-21
Soybeans, 1, 90,2014-09-21
Drumstick beans, 1, 34,2014-09-21
butter beans, 1, –,2014-09-21
Banana nut, 1 piece, 3,2014-09-21
Banana stem, 1, 7,2014-09-21
Banana Flower, 1, 6,2014-09-21
Curry leaves, 1, 10,2014-09-21
Coriander leaves, 1, 25,2014-09-21
Mint, 1, 30,2014-09-21
Greens Leaves, 1, 10,2014-09-21
Garlic, 1, 120-140,2014-09-21
Button Mushrooms, 1, 196,2014-09-21
Papaya, 1, 20,2014-09-21
SavSav, 1, 18,2014-09-21
