Commodity, Weight in Kg, Price in Rs,Date
Brinjal, 1, 50,2014-07-12
Tomotto ottu, 1, 34,2014-07-12
LadyFinger, 1, 30,2014-07-12
SnakeGuard, 1, 25,2014-07-12
BitterGourd, 1, 42,2014-07-12
Bottlegourd, 1, 16,2014-07-12
Pumpkin, 1, 20,2014-07-12
Bean, 1, 60,2014-07-12
ClusterBeans, 1, 20,2014-07-12
Red Chillies, 1, 44,2014-07-12
Onion, 1, 24,2014-07-12
Pallari, 1, 36,2014-07-12
Ginger, 1, 130,2014-07-12
Potato, 1, 36,2014-07-12
Radish, 1, 28,2014-07-12
Mango, 1, 16,2014-07-12
Cabbage, 1, 28,2014-07-12
Carrot, 1, 48,2014-07-12
Beetroot, 1, 44,2014-07-12
Soybeans, 1, 90,2014-07-12
Drumstickbeans, 1, 64,2014-07-12
butterbeans, 1, –,2014-07-12
Banana nut, 1 piece, 4,2014-07-12
Banana stem, 1, 8,2014-07-12
BananaFlower, 1, 8,2014-07-12
Curry leaves, 1, 20,2014-07-12
Coriander leaves, 1, 64,2014-07-12
Mint, 1, 30,2014-07-12
GreensLeaves, 1, 14,2014-07-12
Garlic, 1, 120-140,2014-07-12
ButtonMushrooms, 1, 194,2014-07-12
Papaya, 1, 24,2014-07-12
SavSav, 1, 36,2014-07-12
