Commodity, Weight in Kg, Price in Rs,Date
Brinjal, 1, 16,2014-06-07
Tomotto ottu, 1, 14,2014-06-07
LadyFinger, 1, 24,2014-06-07
SnakeGuard, 1, 20,2014-06-07
BitterGourd, 1, 34,2014-06-07
Bottlegourd, 1, 12,2014-06-07
Pumpkin, 1, 20,2014-06-07
Bean, 1, 74,2014-06-07
ClusterBeans, 1, 14,2014-06-07
Red Chillies, 1, 30,2014-06-07
Onion, 1, 24,2014-06-07
Pallari, 1, 22,2014-06-07
Ginger, 1, 130,2014-06-07
Potato, 1, 30,2014-06-07
Radish, 1, 16,2014-06-07
Mango, 1, 12,2014-06-07
Cabbage, 1, 24,2014-06-07
Carrot, 1, 40,2014-06-07
Beetroot, 1, 30,2014-06-07
Soybeans, 1, 120,2014-06-07
Drumstickbeans, 1, 54,2014-06-07
butterbeans, 1, –,2014-06-07
Banana nut, 1 piece, 04,2014-06-07
Banana stem, 1, 8,2014-06-07
BananaFlower, 1, 6,2014-06-07
Curry leaves, 1, 40,2014-06-07
Coriander leaves, 1, 40,2014-06-07
Mint, 1, 30,2014-06-07
GreensLeaves, 1, 10,2014-06-07
Garlic, 1, 60-140,2014-06-07
ButtonMushrooms, 1, 180,2014-06-07
Papaya, 1, 22,2014-06-07
SavSav, 1, 40,2014-06-07
