Commodity, Weight in Kg, Price in Rs,Date
Brinjal, 1, 38,2014-05-16
Tomotto ottu, 1, 18,2014-05-16
LadyFinger, 1, 26,2014-05-16
SnakeGuard, 1, 30,2014-05-16
BitterGourd, 1, 36,2014-05-16
Bottlegourd, 1, 14,2014-05-16
Pumpkin, 1, 16,2014-05-16
Bean, 1, 64,2014-05-16
ClusterBeans, 1, 16,2014-05-16
Red Chillies, 1, 60,2014-05-16
Onion, 1, 24,2014-05-16
Pallari, 1, 18,2014-05-16
Ginger, 1, 145,2014-05-16
Potato, 1, 30,2014-05-16
Radish, 1, 14,2014-05-16
Mango, 1, 18,2014-05-16
Cabbage, 1, 18,2014-05-16
Carrot, 1, 32,2014-05-16
Beetroot, 1, 26,2014-05-16
Soybeans, 1, 100,2014-05-16
Drumstickbeans, 1, 50,2014-05-16
butterbeans, 1, –,2014-05-16
Banana nut, 1 piece, 04,2014-05-16
Banana stem, 1, 10,2014-05-16
BananaFlower, 1, 06,2014-05-16
Curry leaves, 1, 40,2014-05-16
Coriander leaves, 1, 30,2014-05-16
Mint, 1, 25,2014-05-16
GreensLeaves, 1, 8,2014-05-16
Garlic, 1, 100-120,2014-05-16
ButtonMushrooms, 1, 180,2014-05-16
Papaya, 1, 22,2014-05-16
SavSav, 1, 34,2014-05-16
