Commodity, Weight in Kg, Price in Rs,Date
Brinjal, 1, 26,2014-04-25
Tomotto ottu, 1, 12,2014-04-25
LadyFinger, 1, 24,2014-04-25
SnakeGuard, 1, 30,2014-04-25
BitterGourd, 1, 32,2014-04-25
Bottlegourd, 1, 12,2014-04-25
Pumpkin, 1, 16,2014-04-25
Bean, 1, 54,2014-04-25
ClusterBeans, 1, 26,2014-04-25
Red Chillies, 1, 40,2014-04-25
Onion, 1, 24,2014-04-25
Pallari, 1, 18,2014-04-25
Ginger, 1, 130,2014-04-25
Potato, 1, 28,2014-04-25
Radish, 1, 12,2014-04-25
Mango, 1, 24,2014-04-25
Cabbage, 1, 12,2014-04-25
Carrot, 1, 14,2014-04-25
Beetroot, 1, 20,2014-04-25
Soybeans, 1, 90,2014-04-25
Drumstickbeans, 1, 56,2014-04-25
butterbeans, 1, –,2014-04-25
Banana nut, 1 piece, 03,2014-04-25
Banana stem, 1, 08,2014-04-25
BananaFlower, 1, 08,2014-04-25
Curry leaves, 1, 30,2014-04-25
Coriander leaves, 1, 35,2014-04-25
Mint, 1, 30,2014-04-25
GreensLeaves, 1, 10,2014-04-25
Garlic, 1, 100-120,2014-04-25
ButtonMushrooms, 1, 190,2014-04-25
Papaya, 1, 24,2014-04-25
SavSav, 1, 30,2014-04-25
