Commodity, Weight in Kg, Price in Rs,Date
Brinjal, 1, 24,2014-04-30
Tomotto ottu, 1, 16,2014-04-30
LadyFinger, 1, 24,2014-04-30
SnakeGuard, 1, 30,2014-04-30
BitterGourd, 1, 34,2014-04-30
Bottlegourd, 1, 10,2014-04-30
Pumpkin, 1, 18,2014-04-30
Bean, 1, 40,2014-04-30
ClusterBeans, 1, 24,2014-04-30
Red Chillies, 1, 60,2014-04-30
Onion, 1, 24,2014-04-30
Pallari, 1, 20,2014-04-30
Ginger, 1, 120,2014-04-30
Potato, 1, 30,2014-04-30
Radish, 1, 14,2014-04-30
Mango, 1, 24,2014-04-30
Cabbage, 1, 12,2014-04-30
Carrot, 1, 28,2014-04-30
Beetroot, 1, 24,2014-04-30
Soybeans, 1, 90,2014-04-30
Drumstickbeans, 1, 50,2014-04-30
butterbeans, 1, –,2014-04-30
Banana nut, 1 piece, 03,2014-04-30
Banana stem, 1, 08,2014-04-30
BananaFlower, 1, 08,2014-04-30
Curry leaves, 1, 35,2014-04-30
Coriander leaves, 1, 30,2014-04-30
Mint, 1, 30,2014-04-30
GreensLeaves, 1, 10,2014-04-30
Garlic, 1, 100-120,2014-04-30
ButtonMushrooms, 1, 188,2014-04-30
Papaya, 1, 26,2014-04-30
SavSav, 1, 30,2014-04-30
