Commodity, Weight in Kg, Price in Rs,Date
Brinjal, 1, 30,2014-08-15
Tomotto ottu, 1, 44,2014-08-15
Ladys Finger, 1, 26,2014-08-15
Snake Guard, 1, 20,2014-08-15
Bitter Gourd, 1, 40,2014-08-15
Bottle gourd, 1, 14,2014-08-15
Pumpkin, 1, 20,2014-08-15
Bean, 1, 36,2014-08-15
Cluster Beans, 1, 20,2014-08-15
Red Chilies, 1, 36,2014-08-15
Onion, 1, 30,2014-08-15
Pallari, 1, 30,2014-08-15
Ginger, 1, 140,2014-08-15
Potato, 1, 40,2014-08-15
Radish, 1, 14,2014-08-15
Mango, 1, –,2014-08-15
Cabbage, 1, 20,2014-08-15
Carrot, 1, 40,2014-08-15
Beetroot, 1, 46,2014-08-15
Soybeans, 1, 60,2014-08-15
Drumstick beans, 1, 60,2014-08-15
butter beans, 1, –,2014-08-15
Banana nut, 1 piece, 4,2014-08-15
Banana stem, 1, 10,2014-08-15
Banana Flower, 1, 6,2014-08-15
Curry leaves, 1, 20,2014-08-15
Coriander leaves, 1, 25,2014-08-15
Mint, 1, 20,2014-08-15
Greens Leaves, 1, 10,2014-08-15
Garlic, 1, 60-140,2014-08-15
Button Mushrooms, 1, 180,2014-08-15
Papaya, 1, 20,2014-08-15
SavSav, 1, 30,2014-08-15
