Commodity, Weight in Kg, Price in Rs,Date
Brinjal/கத்தரிக்காய், 1, 36,2014-01-06
Tomotto ottu/தக்காளி ஒட்டு, 1, 12,2014-01-06
LadyFinger/வெண்டைக்காய், 1, 22,2014-01-06
SnakeGuard/புடலங்காய், 1, 20,2014-01-06
BitterGourd/பாகற்காய், 1, 24,2014-01-06
Bottlegourd/சுரைக்காய், 1, 14,2014-01-06
Pumpkin/பூசணிக்காய், 1, 14,2014-01-06
Bean/அவரை, 1, 26,2014-01-06
ClusterBeans/கொத்தவரை, 1, 16,2014-01-06
Red Chillies/குண்டு மிளகாய், 1, 24,2014-01-06
Onion/வெங்காயம், 1, 30,2014-01-06
Pallari/பல்லாரி, 1, 28,2014-01-06
Ginger/இஞ்சி, 1, 110,2014-01-06
Potato/உருளைக்கிழங்கு, 1, 28,2014-01-06
Radish/முள்ளங்கி, 1, 14,2014-01-06
Mango/மாங்காய், 1, 40,2014-01-06
Cabbage/முட்டைக்கோஸ், 1, 14,2014-01-06
Carrot/கேரட், 1, 22,2014-01-06
Beetroot/பீட்ரூட், 1, 20,2014-01-06
Soybeans/சோயாபீன்ஸ், 1, 75,2014-01-06
Drumstickbeans/முருங்கைபீன்ஸ், 1, 34,2014-01-06
butterbeans/பட்டர்பீன்ஸ், 1, 80,2014-01-06
Banana nut/வாழைக்காய், 1 piece, 02,2014-01-06
Banana stem/வாழைத்தண்டு, 1, 8,2014-01-06
BananaFlower/வாழைப்பூ, 1, 6,2014-01-06
Curry leaves/கருவேப்பிலை, 1, 10,2014-01-06
Coriander leaves/மல்லி இலை, 1, 30,2014-01-06
Mint/புதினா, 1, 20,2014-01-06
GreensLeaves/கீரைக்கட்டு, 1, 8,2014-01-06
Garlic/பூண்டு, 1, 80-140,2014-01-06
ButtonMushrooms/ பட்டன்காளான், 1, 180,2014-01-06
Papaya/ பப்பாளிப்பழம், 1, 24,2014-01-06
SavSav/ சவ்சவ், 1, 16,2014-01-06
