Commodity, Weight in Kg, Price in Rs,Date
Brinjal, 1, 40,2014-09-30
Tomotto ottu, 1, 14,2014-09-30
Ladys Finger, 1, 14,2014-09-30
Snake Guard, 1, 16,2014-09-30
Bitter Gourd, 1, 40,2014-09-30
Bottle gourd, 1, 12,2014-09-30
Pumpkin, 1, 18,2014-09-30
Bean, 1, 40,2014-09-30
Cluster Beans, 1, 16,2014-09-30
Red Chilies, 1, 30,2014-09-30
Onion, 1, 30,2014-09-30
Pallari, 1, 28,2014-09-30
Ginger, 1, 120,2014-09-30
Potato, 1, 40,2014-09-30
Radish, 1, 14,2014-09-30
Mango, 1, –,2014-09-30
Cabbage, 1, 18,2014-09-30
Carrot, 1, 36,2014-09-30
Beetroot, 1, 34,2014-09-30
Soybeans, 1, 90,2014-09-30
Drumstick beans, 1, 50,2014-09-30
butter beans, 1, –,2014-09-30
Banana nut, 1 piece, 3,2014-09-30
Banana stem, 1, 8,2014-09-30
Banana Flower, 1, 8,2014-09-30
Curry leaves, 1, 15,2014-09-30
Coriander leaves, 1, 25,2014-09-30
Mint, 1, 20,2014-09-30
Greens Leaves, 1, 10,2014-09-30
Garlic, 1, 100-130,2014-09-30
Button Mushrooms, 1, 196,2014-09-30
Papaya, 1, 20,2014-09-30
SavSav, 1, 26,2014-09-30
