Commodity, Weight in Kg, Price in Rs,Date
Brinjal/கத்தரிக்காய், 1, 44,2014-01-03
Tomotto ottu/தக்காளி ஒட்டு, 1, 12,2014-01-03
LadyFinger/வெண்டைக்காய், 1, 18,2014-01-03
SnakeGuard/புடலங்காய், 1, 16,2014-01-03
BitterGourd/பாகற்காய், 1, 24,2014-01-03
Bottlegourd/சுரைக்காய், 1, 12,2014-01-03
Pumpkin/பூசணிக்காய், 1, 14,2014-01-03
Bean/அவரை, 1, 26,2014-01-03
ClusterBeans/கொத்தவரை, 1, 18,2014-01-03
Red Chillies/குண்டு மிளகாய், 1, 26,2014-01-03
Onion/வெங்காயம், 1, 30,2014-01-03
Pallari/பல்லாரி, 1, 28,2014-01-03
Ginger/இஞ்சி, 1, 110,2014-01-03
Potato/உருளைக்கிழங்கு, 1, 28,2014-01-03
Radish/முள்ளங்கி, 1, 18,2014-01-03
Mango/மாங்காய், 1, 40,2014-01-03
Cabbage/முட்டைக்கோஸ், 1, 14,2014-01-03
Carrot/கேரட், 1, 26,2014-01-03
Beetroot/பீட்ரூட், 1, 22,2014-01-03
Soybeans/சோயாபீன்ஸ், 1, 75,2014-01-03
Drumstickbeans/முருங்கைபீன்ஸ், 1, 38,2014-01-03
butterbeans/பட்டர்பீன்ஸ், 1, 85,2014-01-03
Banana nut/வாழைக்காய், 1 piece, 02,2014-01-03
Banana stem/வாழைத்தண்டு, 1, 8,2014-01-03
BananaFlower/வாழைப்பூ, 1, 6,2014-01-03
Curry leaves/கருவேப்பிலை, 1, 15,2014-01-03
Coriander leaves/மல்லி இலை, 1, 30,2014-01-03
Mint/புதினா, 1, 28,2014-01-03
GreensLeaves/கீரைக்கட்டு, 1, 8,2014-01-03
Garlic/பூண்டு, 1, 70-140,2014-01-03
ButtonMushrooms/ பட்டன்காளான், 1, 185,2014-01-03
Papaya/ பப்பாளிப்பழம், 1, 20,2014-01-03
SavSav/ சவ்சவ், 1, 14,2014-01-03
