Commodity, Weight in Kg, Price in Rs,Date
Brinjal, 1, 50,2014-12-08
Tomotto ottu, 1, 32,2014-12-08
Ladys Finger, 1, 36,2014-12-08
Snake Guard, 1, 30,2014-12-08
Bitter Gourd, 1, 30,2014-12-08
Bottle gourd, 1, 12,2014-12-08
Pumpkin, 1, 18,2014-12-08
Bean, 1, 50,2014-12-08
Cluster Beans, 1, 24,2014-12-08
Red Chilies, 1, 40,2014-12-08
Onion, 1, 38,2014-12-08
Pallari, 1, 28,2014-12-08
Ginger, 1, –,2014-12-08
Potato, 1, 38,2014-12-08
Radish, 1, 30,2014-12-08
Mango, 1, –,2014-12-08
Cabbage, 1, 24,2014-12-08
Carrot, 1, 40,2014-12-08
Beetroot, 1, 36,2014-12-08
Soybeans, 1, 80,2014-12-08
Drumstick beans, 1, 52,2014-12-08
butter beans, 1, –,2014-12-08
Banana nut, 1 piece, 4,2014-12-08
Banana stem, 1, 10,2014-12-08
Banana Flower, 1, 12,2014-12-08
Curry leaves, 1, 28,2014-12-08
Coriander leaves, 1, 30,2014-12-08
Mint, 1, 25,2014-12-08
Greens Leaves, 1, 12,2014-12-08
Garlic, 1, 100-130,2014-12-08
Button Mushrooms, 1, 196,2014-12-08
Papaya, 1, 20,2014-12-08
SavSav, 1, 28,2014-12-08
