Commodity, Weight in Kg, Price in Rs,Date
Brinjal, 1, 32,2014-09-26
Tomotto ottu, 1, 15,2014-09-26
Ladys Finger, 1, 14,2014-09-26
Snake Guard, 1, 16,2014-09-26
Bitter Gourd, 1, 30,2014-09-26
Bottle gourd, 1, 8,2014-09-26
Pumpkin, 1, 16,2014-09-26
Bean, 1, 32,2014-09-26
Cluster Beans, 1, 18,2014-09-26
Red Chilies, 1, 26,2014-09-26
Onion, 1, 28,2014-09-26
Pallari, 1, 22,2014-09-26
Ginger, 1, –,2014-09-26
Potato, 1, 40,2014-09-26
Radish, 1, 12,2014-09-26
Mango, 1, –,2014-09-26
Cabbage, 1, 16,2014-09-26
Carrot, 1, 46,2014-09-26
Beetroot, 1, 20,2014-09-26
Soybeans, 1, 80,2014-09-26
Drumstick beans, 1, 30,2014-09-26
butter beans, 1, –,2014-09-26
Banana nut, 1 piece, 4,2014-09-26
Banana stem, 1, 8,2014-09-26
Banana Flower, 1, 6,2014-09-26
Curry leaves, 1, 15,2014-09-26
Coriander leaves, 1, 20,2014-09-26
Mint, 1, 25,2014-09-26
Greens Leaves, 1, 10,2014-09-26
Garlic, 1, 100-160,2014-09-26
Button Mushrooms, 1, 180,2014-09-26
Papaya, 1, 24,2014-09-26
SavSav, 1, 26,2014-09-26
