Commodity, Weight in Kg, Price in Rs,Date
Brinjal, 1, 44,2014-09-04
Tomotto ottu, 1, 14,2014-09-04
Ladys Finger, 1, 18,2014-09-04
Snake Guard, 1, 16,2014-09-04
Bitter Gourd, 1, 36,2014-09-04
Bottle gourd, 1, 12,2014-09-04
Pumpkin, 1, 16,2014-09-04
Bean, 1, 36,2014-09-04
Cluster Beans, 1, 18,2014-09-04
Red Chilies, 1, 26,2014-09-04
Onion, 1, 30,2014-09-04
Pallari, 1, 28,2014-09-04
Ginger, 1, 100,2014-09-04
Potato, 1, 44,2014-09-04
Radish, 1, 14,2014-09-04
Mango, 1, –,2014-09-04
Cabbage, 1, 20,2014-09-04
Carrot, 1, 38,2014-09-04
Beetroot, 1, 26,2014-09-04
Soybeans, 1, 90,2014-09-04
Drumstick beans, 1, 56,2014-09-04
butter beans, 1, –,2014-09-04
Banana nut, 1 piece, 4,2014-09-04
Banana stem, 1, 8,2014-09-04
Banana Flower, 1, 6,2014-09-04
Curry leaves, 1, 15,2014-09-04
Coriander leaves, 1, 25,2014-09-04
Mint, 1, 30,2014-09-04
Greens Leaves, 1, 10,2014-09-04
Garlic, 1, 70-160,2014-09-04
Button Mushrooms, 1, 180,2014-09-04
Papaya, 1, 20,2014-09-04
SavSav, 1, 26,2014-09-04
