Commodity, Weight in Kg, Price in Rs,Date
Brinjal, 1, 36,2014-05-22
Tomotto ottu, 1, 18,2014-05-22
LadyFinger, 1, 26,2014-05-22
SnakeGuard, 1, 30,2014-05-22
BitterGourd, 1, 34,2014-05-22
Bottlegourd, 1, 14,2014-05-22
Pumpkin, 1, 16,2014-05-22
Bean, 1, 66,2014-05-22
ClusterBeans, 1, 16,2014-05-22
Red Chillies, 1, 50,2014-05-22
Onion, 1, 24,2014-05-22
Pallari, 1, 20,2014-05-22
Ginger, 1, 130,2014-05-22
Potato, 1, 30,2014-05-22
Radish, 1, 16,2014-05-22
Mango, 1, 16,2014-05-22
Cabbage, 1, 18,2014-05-22
Carrot, 1, 32,2014-05-22
Beetroot, 1, 28,2014-05-22
Soybeans, 1, 110,2014-05-22
Drumstickbeans, 1, 50,2014-05-22
butterbeans, 1, –,2014-05-22
Banana nut, 1 piece, 04,2014-05-22
Banana stem, 1, 08,2014-05-22
BananaFlower, 1, 06,2014-05-22
Curry leaves, 1, 40,2014-05-22
Coriander leaves, 1, 30,2014-05-22
Mint, 1, 25,2014-05-22
GreensLeaves, 1, 10,2014-05-22
Garlic, 1, 60-120,2014-05-22
ButtonMushrooms, 1, 180,2014-05-22
Papaya, 1, 20,2014-05-22
SavSav, 1, 30,2014-05-22
