Commodity, Weight in Kg, Price in Rs,Date
Brinjal/கத்தரிக்காய், 1, 34,2014-02-05
Tomotto ottu/தக்காளி ஒட்டு, 1, 08,2014-02-05
LadyFinger/வெண்டைக்காய், 1, 32,2014-02-05
SnakeGuard/புடலங்காய், 1, 18,2014-02-05
BitterGourd/பாகற்காய், 1, 30,2014-02-05
Bottlegourd/சுரைக்காய், 1, 16,2014-02-05
Pumpkin/பூசணிக்காய், 1, 16,2014-02-05
Bean/அவரை, 1, 30,2014-02-05
ClusterBeans/கொத்தவரை, 1, 18,2014-02-05
Red Chillies/குண்டு மிளகாய், 1, 24,2014-02-05
Onion/வெங்காயம், 1, 22,2014-02-05
Pallari/பல்லாரி, 1, 18,2014-02-05
Ginger/இஞ்சி, 1, 90,2014-02-05
Potato/உருளைக்கிழங்கு, 1, 28,2014-02-05
Radish/முள்ளங்கி, 1, 14,2014-02-05
Mango/மாங்காய், 1, 44,2014-02-05
Cabbage/முட்டைக்கோஸ், 1, 14,2014-02-05
Carrot/கேரட், 1, 20,2014-02-05
Beetroot/பீட்ரூட், 1, 20,2014-02-05
Soybeans/சோயாபீன்ஸ், 1, 60,2014-02-05
Drumstickbeans/முருங்கைபீன்ஸ், 1, 30,2014-02-05
butterbeans/பட்டர்பீன்ஸ், 1, 64,2014-02-05
Banana nut/வாழைக்காய், 1 piece, 04,2014-02-05
Banana stem/வாழைத்தண்டு, 1, 08,2014-02-05
BananaFlower/வாழைப்பூ, 1, 08,2014-02-05
Curry leaves/கருவேப்பிலை, 1, 20,2014-02-05
Coriander leaves/மல்லி இலை, 1, 30,2014-02-05
Mint/புதினா, 1, 30,2014-02-05
GreensLeaves/கீரைக்கட்டு, 1, 10,2014-02-05
Garlic/பூண்டு, 1, 120-140,2014-02-05
ButtonMushrooms/ பட்டன்காளான், 1, 188,2014-02-05
Papaya/ பப்பாளிப்பழம், 1, 20,2014-02-05
SavSav/ சவ்சவ், 1, 16,2014-02-05
