Commodity, Weight in Kg, Price in Rs,Date
Brinjal, 1, 36,2014-09-15
Tomotto ottu, 1, 24,2014-09-15
Ladys Finger, 1, 14,2014-09-15
Snake Guard, 1, 16,2014-09-15
Bitter Gourd, 1, 30,2014-09-15
Bottle gourd, 1, 8,2014-09-15
Pumpkin, 1, 16,2014-09-15
Bean, 1, 30,2014-09-15
Cluster Beans, 1, 18,2014-09-15
Red Chilies, 1, 26,2014-09-15
Onion, 1, 30,2014-09-15
Pallari, 1, 26,2014-09-15
Ginger, 1, 80,2014-09-15
Potato, 1, 40,2014-09-15
Radish, 1, 14,2014-09-15
Mango, 1, –,2014-09-15
Cabbage, 1, 20,2014-09-15
Carrot, 1, 44,2014-09-15
Beetroot, 1, 20,2014-09-15
Soybeans, 1, 90,2014-09-15
Drumstick beans, 1, 45,2014-09-15
butter beans, 1, –,2014-09-15
Banana nut, 1 piece, 4,2014-09-15
Banana stem, 1, 8,2014-09-15
Banana Flower, 1, 6,2014-09-15
Curry leaves, 1, 10,2014-09-15
Coriander leaves, 1, 30,2014-09-15
Mint, 1, 30,2014-09-15
Greens Leaves, 1, 10,2014-09-15
Garlic, 1, 100-160,2014-09-15
Button Mushrooms, 1, 198,2014-09-15
Papaya, 1, 20,2014-09-15
SavSav, 1, 26,2014-09-15
