Commodity, Weight in Kg, Price in Rs,Date
Brinjal/கத்தரிக்காய், 1, 32,2014-02-23
Tomotto ottu/தக்காளி ஒட்டு, 1, 04,2014-02-23
LadyFinger/வெண்டைக்காய், 1, 26,2014-02-23
SnakeGuard/புடலங்காய், 1, 18,2014-02-23
BitterGourd/பாகற்காய், 1, 24,2014-02-23
Bottlegourd/சுரைக்காய், 1, 10,2014-02-23
Pumpkin/பூசணிக்காய், 1, 12,2014-02-23
Bean/அவரை, 1, 26,2014-02-23
ClusterBeans/கொத்தவரை, 1, 20,2014-02-23
Red Chillies/குண்டு மிளகாய், 1, 24,2014-02-23
Onion/வெங்காயம், 1, 20,2014-02-23
Pallari/பல்லாரி, 1, 15,2014-02-23
Ginger/இஞ்சி, 1, 90,2014-02-23
Potato/உருளைக்கிழங்கு, 1, 22,2014-02-23
Radish/முள்ளங்கி, 1, 14,2014-02-23
Mango/மாங்காய், 1, 50,2014-02-23
Cabbage/முட்டைக்கோஸ், 1, 16,2014-02-23
Carrot/கேரட், 1, 16,2014-02-23
Beetroot/பீட்ரூட், 1, 14,2014-02-23
Soybeans/சோயாபீன்ஸ், 1, 66,2014-02-23
Drumstickbeans/முருங்கைபீன்ஸ், 1, 40,2014-02-23
butterbeans/பட்டர்பீன்ஸ், 1, 70,2014-02-23
Banana nut/வாழைக்காய், 1 piece, 03,2014-02-23
Banana stem/வாழைத்தண்டு, 1, 08,2014-02-23
BananaFlower/வாழைப்பூ, 1, 08,2014-02-23
Curry leaves/கருவேப்பிலை, 1, 30,2014-02-23
Coriander leaves/மல்லி இலை, 1, 20,2014-02-23
Mint/புதினா, 1, 20,2014-02-23
GreensLeaves/கீரைக்கட்டு, 1, 10,2014-02-23
Garlic/பூண்டு, 1, 120-140,2014-02-23
ButtonMushrooms/ பட்டன்காளான், 1, 186,2014-02-23
Papaya/ பப்பாளிப்பழம், 1, 20,2014-02-23
SavSav/ சவ்சவ், 1, 16,2014-02-23
