Commodity, Weight in Kg, Price in Rs,Date
Brinjal/கத்தரிக்காய், 1, 26,2014-04-11
Tomotto ottu/தக்காளி ஒட்டு, 1, 12,2014-04-11
LadyFinger/வெண்டைக்காய், 1, 28,2014-04-11
SnakeGuard/புடலங்காய், 1, 18,2014-04-11
BitterGourd/பாகற்காய், 1, 24,2014-04-11
Bottlegourd/சுரைக்காய், 1, 10,2014-04-11
Pumpkin/பூசணிக்காய், 1, 14,2014-04-11
Bean/அவரை, 1, 44,2014-04-11
ClusterBeans/கொத்தவரை, 1, 26,2014-04-11
Red Chillies/குண்டு மிளகாய், 1, 28,2014-04-11
Onion/வெங்காயம், 1, 20,2014-04-11
Pallari/பல்லாரி, 1, 14,2014-04-11
Ginger/இஞ்சி, 1, 130,2014-04-11
Potato/உருளைக்கிழங்கு, 1, 30,2014-04-11
Radish/முள்ளங்கி, 1, 14,2014-04-11
Mango/மாங்காய், 1, 22,2014-04-11
Cabbage/முட்டைக்கோஸ், 1, 14,2014-04-11
Carrot/கேரட், 1, 22,2014-04-11
Beetroot/பீட்ரூட், 1, 16,2014-04-11
Soybeans/சோயாபீன்ஸ், 1, 70,2014-04-11
Drumstickbeans/முருங்கைபீன்ஸ், 1, 56,2014-04-11
butterbeans/பட்டர்பீன்ஸ், 1, 80,2014-04-11
Banana nut/வாழைக்காய், 1 piece, 03,2014-04-11
Banana stem/வாழைத்தண்டு, 1, 08,2014-04-11
BananaFlower/வாழைப்பூ, 1, 05,2014-04-11
Curry leaves/கருவேப்பிலை, 1, 35,2014-04-11
Coriander leaves/மல்லி இலை, 1, 30,2014-04-11
Mint/புதினா, 1, 20,2014-04-11
GreensLeaves/கீரைக்கட்டு, 1, 10,2014-04-11
Garlic/பூண்டு, 1, 60-120,2014-04-11
ButtonMushrooms/ பட்டன்காளான், 1, 190,2014-04-11
Papaya/ பப்பாளிப்பழம், 1, 20,2014-04-11
SavSav/ சவ்சவ், 1, 30,2014-04-11
