Commodity, Weight in Kg, Price in Rs,Date
Brinjal, 1, 36,2014-08-20
Tomotto ottu, 1, 38,2014-08-20
Ladys Finger, 1, 24,2014-08-20
Snake Guard, 1, 26,2014-08-20
Bitter Gourd, 1, 40,2014-08-20
Bottle gourd, 1, 16,2014-08-20
Pumpkin, 1, 20,2014-08-20
Bean, 1, 38,2014-08-20
Cluster Beans, 1, 24,2014-08-20
Red Chilies, 1, 50,2014-08-20
Onion, 1, 34,2014-08-20
Pallari, 1, 36,2014-08-20
Ginger, 1, 70,2014-08-20
Potato, 1, 34,2014-08-20
Radish, 1, 26,2014-08-20
Mango, 1, 30,2014-08-20
Cabbage, 1, 24,2014-08-20
Carrot, 1, 48,2014-08-20
Beetroot, 1, 54,2014-08-20
Soybeans, 1, 70,2014-08-20
Drumstick beans, 1, 56,2014-08-20
butter beans, 1, –,2014-08-20
Banana nut, 1 piece, 4,2014-08-20
Banana stem, 1, 10,2014-08-20
Banana Flower, 1, 12,2014-08-20
Curry leaves, 1, 20,2014-08-20
Coriander leaves, 1, 15,2014-08-20
Mint, 1, 20,2014-08-20
Greens Leaves, 1, 12,2014-08-20
Garlic, 1, 120-140,2014-08-20
Button Mushrooms, 1, 196,2014-08-20
Papaya, 1, 26,2014-08-20
SavSav, 1, 30,2014-08-20
