Commodity, Weight in Kg, Price in Rs,Date
Brinjal, 1, 44,2014-08-31
Tomotto ottu, 1, 16,2014-08-31
Ladys Finger, 1, 18,2014-08-31
Snake Guard, 1, 16,2014-08-31
Bitter Gourd, 1, 40,2014-08-31
Bottle gourd, 1, 12,2014-08-31
Pumpkin, 1, 16,2014-08-31
Bean, 1, 36,2014-08-31
Cluster Beans, 1, 16,2014-08-31
Red Chilies, 1, 26,2014-08-31
Onion, 1, 30,2014-08-31
Pallari, 1, 28,2014-08-31
Ginger, 1, 100,2014-08-31
Potato, 1, 40,2014-08-31
Radish, 1, 14,2014-08-31
Mango, 1, –,2014-08-31
Cabbage, 1, 20,2014-08-31
Carrot, 1, 34,2014-08-31
Beetroot, 1, 30,2014-08-31
Soybeans, 1, 80,2014-08-31
Drumstick beans, 1, 54,2014-08-31
butter beans, 1, –,2014-08-31
Banana nut, 1 piece, 4,2014-08-31
Banana stem, 1, 8,2014-08-31
Banana Flower, 1, 6,2014-08-31
Curry leaves, 1, 15,2014-08-31
Coriander leaves, 1, 30,2014-08-31
Mint, 1, 30,2014-08-31
Greens Leaves, 1, 10,2014-08-31
Garlic, 1, 70-160,2014-08-31
Button Mushrooms, 1, 180,2014-08-31
Papaya, 1, 20,2014-08-31
SavSav, 1, 26,2014-08-31
