Commodity, Weight in Kg, Price in Rs,Date
Brinjal/கத்தரிக்காய், 1, 28,2014-02-28
Tomotto ottu/தக்காளி ஒட்டு, 1, 06,2014-02-28
LadyFinger/வெண்டைக்காய், 1, 32,2014-02-28
SnakeGuard/புடலங்காய், 1, 14,2014-02-28
BitterGourd/பாகற்காய், 1, 20,2014-02-28
Bottlegourd/சுரைக்காய், 1, 10,2014-02-28
Pumpkin/பூசணிக்காய், 1, 12,2014-02-28
Bean/அவரை, 1, 24,2014-02-28
ClusterBeans/கொத்தவரை, 1, 20,2014-02-28
Red Chillies/குண்டு மிளகாய், 1, 26,2014-02-28
Onion/வெங்காயம், 1, 18,2014-02-28
Pallari/பல்லாரி, 1, 14,2014-02-28
Ginger/இஞ்சி, 1, 90,2014-02-28
Potato/உருளைக்கிழங்கு, 1, 22,2014-02-28
Radish/முள்ளங்கி, 1, 12,2014-02-28
Mango/மாங்காய், 1, 60,2014-02-28
Cabbage/முட்டைக்கோஸ், 1, 10,2014-02-28
Carrot/கேரட், 1, 14,2014-02-28
Beetroot/பீட்ரூட், 1, 16,2014-02-28
Soybeans/சோயாபீன்ஸ், 1, 64,2014-02-28
Drumstickbeans/முருங்கைபீன்ஸ், 1, 36,2014-02-28
butterbeans/பட்டர்பீன்ஸ், 1, 70,2014-02-28
Banana nut/வாழைக்காய், 1 piece, 04,2014-02-28
Banana stem/வாழைத்தண்டு, 1, 06,2014-02-28
BananaFlower/வாழைப்பூ, 1, 05,2014-02-28
Curry leaves/கருவேப்பிலை, 1, 25,2014-02-28
Coriander leaves/மல்லி இலை, 1, 20,2014-02-28
Mint/புதினா, 1, 23,2014-02-28
GreensLeaves/கீரைக்கட்டு, 1, 08,2014-02-28
Garlic/பூண்டு, 1, 80-140,2014-02-28
ButtonMushrooms/ பட்டன்காளான், 1, 180,2014-02-28
Papaya/ பப்பாளிப்பழம், 1, 20,2014-02-28
SavSav/ சவ்சவ், 1, 14,2014-02-28
