Commodity, Weight in Kg, Price in Rs,Date
Brinjal, 1, 40,2014-10-06
Tomotto ottu, 1, 15,2014-10-06
Ladys Finger, 1, 20,2014-10-06
Snake Guard, 1, 14,2014-10-06
Bitter Gourd, 1, 20,2014-10-06
Bottle gourd, 1, 8,2014-10-06
Pumpkin, 1, 16,2014-10-06
Bean, 1, 40,2014-10-06
Cluster Beans, 1, 16,2014-10-06
Red Chilies, 1, 32,2014-10-06
Onion, 1, 24,2014-10-06
Pallari, 1, 20,2014-10-06
Ginger, 1, –,2014-10-06
Potato, 1, 40,2014-10-06
Radish, 1, 16,2014-10-06
Mango, 1, –,2014-10-06
Cabbage, 1, 18,2014-10-06
Carrot, 1, 40,2014-10-06
Beetroot, 1, 26,2014-10-06
Soybeans, 1, 70,2014-10-06
Drumstick beans, 1, 36,2014-10-06
butter beans, 1, –,2014-10-06
Banana nut, 1 piece, 4,2014-10-06
Banana stem, 1, 8,2014-10-06
Banana Flower, 1, 5,2014-10-06
Curry leaves, 1, 20,2014-10-06
Coriander leaves, 1, 38,2014-10-06
Mint, 1, 10,2014-10-06
Greens Leaves, 1, 10,2014-10-06
Garlic, 1, 100-160,2014-10-06
Button Mushrooms, 1, 180,2014-10-06
Papaya, 1, 20,2014-10-06
SavSav, 1, 24,2014-10-06
