Commodity, Weight in Kg, Price in Rs,Date
Brinjal, 1, 50,2014-10-13
Tomotto ottu, 1, 10,2014-10-13
Ladys Finger, 1, 20,2014-10-13
Snake Guard, 1, 18,2014-10-13
Bitter Gourd, 1, 24,2014-10-13
Bottle gourd, 1, 8,2014-10-13
Pumpkin, 1, 16,2014-10-13
Bean, 1, 50,2014-10-13
Cluster Beans, 1, 20,2014-10-13
Red Chilies, 1, 35,2014-10-13
Onion, 1, 28,2014-10-13
Pallari, 1, 24,2014-10-13
Ginger, 1, –,2014-10-13
Potato, 1, 40,2014-10-13
Radish, 1, 14,2014-10-13
Mango, 1, –,2014-10-13
Cabbage, 1, 20,2014-10-13
Carrot, 1, 38,2014-10-13
Beetroot, 1, 20,2014-10-13
Soybeans, 1, 70,2014-10-13
Drumstick beans, 1, 36,2014-10-13
butter beans, 1, –,2014-10-13
Banana nut, 1 piece, 4,2014-10-13
Banana stem, 1, 8,2014-10-13
Banana Flower, 1, 7,2014-10-13
Curry leaves, 1, 15,2014-10-13
Coriander leaves, 1, 50,2014-10-13
Mint, 1, 40,2014-10-13
Greens Leaves, 1, 10,2014-10-13
Garlic, 1, 100-130,2014-10-13
Button Mushrooms, 1, 198,2014-10-13
Papaya, 1, 24,2014-10-13
SavSav, 1, 24,2014-10-13
