Commodity, Weight in Kg, Price in Rs,Date
Brinjal, 1, 20,2014-06-20
Tomotto ottu, 1, 16,2014-06-20
LadyFinger, 1, 20,2014-06-20
SnakeGuard, 1, 24,2014-06-20
BitterGourd, 1, 32,2014-06-20
Bottlegourd, 1, 10,2014-06-20
Pumpkin, 1, 12,2014-06-20
Bean, 1, 70,2014-06-20
ClusterBeans, 1, 20,2014-06-20
Red Chillies, 1, 30,2014-06-20
Onion, 1, 24,2014-06-20
Pallari, 1, 20,2014-06-20
Ginger, 1, 120,2014-06-20
Potato, 1, 28,2014-06-20
Radish, 1, 18,2014-06-20
Mango, 1, 16,2014-06-20
Cabbage, 1, 16,2014-06-20
Carrot, 1, 28,2014-06-20
Beetroot, 1, 24,2014-06-20
Soybeans, 1, 120,2014-06-20
Drumstickbeans, 1, 54,2014-06-20
butterbeans, 1, –,2014-06-20
Banana nut, 1 piece, 04,2014-06-20
Banana stem, 1, 10,2014-06-20
BananaFlower, 1, 10,2014-06-20
Curry leaves, 1, 40,2014-06-20
Coriander leaves, 1, 35,2014-06-20
Mint, 1, 30,2014-06-20
GreensLeaves, 1, 10,2014-06-20
Garlic, 1, 80-110,2014-06-20
ButtonMushrooms, 1, 190,2014-06-20
Papaya, 1, 20,2014-06-20
SavSav, 1, 38,2014-06-20
