Commodity, Weight in Kg, Price in Rs,Date
Brinjal, 1, 32,2014-12-26
Tomotto ottu, 1, 14,2014-12-26
Ladys Finger, 1, 30,2014-12-26
Snake Guard, 1, 16,2014-12-26
Bitter Gourd, 1, 26,2014-12-26
Bottle gourd, 1, 10,2014-12-26
Pumpkin, 1, 16,2014-12-26
Bean, 1, 30,2014-12-26
Cluster Beans, 1, 16,2014-12-26
Red Chilies, 1, 40,2014-12-26
Onion, 1, 34,2014-12-26
Pallari, 1, 30,2014-12-26
Ginger, 1, –,2014-12-26
Potato, 1, 30,2014-12-26
Radish, 1, 20,2014-12-26
Mango, 1, –,2014-12-26
Cabbage, 1, 26,2014-12-26
Carrot, 1, 31,2014-12-26
Beetroot, 1, 26,2014-12-26
Soybeans, 1, 80,2014-12-26
Drumstick beans, 1, 36,2014-12-26
butter beans, 1, –,2014-12-26
Banana nut, 1 piece, 4,2014-12-26
Banana stem, 1, 10,2014-12-26
Banana Flower, 1, 14,2014-12-26
Curry leaves, 1, 20,2014-12-26
Coriander leaves, 1, 20,2014-12-26
Mint, 1, 25,2014-12-26
Greens Leaves, 1, 10,2014-12-26
Garlic, 1, 80-160,2014-12-26
Button Mushrooms, 1, 180,2014-12-26
Papaya, 1, 20,2014-12-26
SavSav, 1, 24,2014-12-26
Sapotta, 1, 20,2014-12-26
