Commodity, Weight in Kg, Price in Rs,Date
Brinjal, 1, 36,2014-10-30
Tomotto ottu, 1, 16,2014-10-30
Ladys Finger, 1, 30,2014-10-30
Snake Guard, 1, 14,2014-10-30
Bitter Gourd, 1, 30,2014-10-30
Bottle gourd, 1, 10,2014-10-30
Pumpkin, 1, 16,2014-10-30
Bean, 1, 50,2014-10-30
Cluster Beans, 1, 16,2014-10-30
Red Chilies, 1, 40,2014-10-30
Onion, 1, 36,2014-10-30
Pallari, 1, 25,2014-10-30
Ginger, 1, –,2014-10-30
Potato, 1, 44,2014-10-30
Radish, 1, 24,2014-10-30
Mango, 1, –,2014-10-30
Cabbage, 1, 16,2014-10-30
Carrot, 1, 38,2014-10-30
Beetroot, 1, 28,2014-10-30
Soybeans, 1, 64,2014-10-30
Drumstick beans, 1, 46,2014-10-30
butter beans, 1, –,2014-10-30
Banana nut, 1 piece, 4,2014-10-30
Banana stem, 1, 8,2014-10-30
Banana Flower, 1, 6,2014-10-30
Curry leaves, 1, 20,2014-10-30
Coriander leaves, 1, 50,2014-10-30
Mint, 1, 40,2014-10-30
Greens Leaves, 1, 10,2014-10-30
Garlic, 1, 100-160,2014-10-30
Button Mushrooms, 1, 180,2014-10-30
Papaya, 1, 14,2014-10-30
SavSav, 1, 20,2014-10-30
