Commodity, Weight in Kg, Price in Rs,Date
Brinjal, 1, 34,2014-08-23
Tomotto ottu, 1, 32,2014-08-23
Ladys Finger, 1, 24,2014-08-23
Snake Guard, 1, 24,2014-08-23
Bitter Gourd, 1, 36,2014-08-23
Bottle gourd, 1, 12,2014-08-23
Pumpkin, 1, 18,2014-08-23
Bean, 1, 26,2014-08-23
Cluster Beans, 1, 16,2014-08-23
Red Chilies, 1, 34,2014-08-23
Onion, 1, 30,2014-08-23
Pallari, 1, 30,2014-08-23
Ginger, 1, 130,2014-08-23
Potato, 1, 36,2014-08-23
Radish, 1, 14,2014-08-23
Mango, 1, –,2014-08-23
Cabbage, 1, 18,2014-08-23
Carrot, 1, 34,2014-08-23
Beetroot, 1, 40,2014-08-23
Soybeans, 1, 64,2014-08-23
Drumstick beans, 1, 50,2014-08-23
butter beans, 1, –,2014-08-23
Banana nut, 1 piece, 3,2014-08-23
Banana stem, 1, 7,2014-08-23
Banana Flower, 1, 8,2014-08-23
Curry leaves, 1, 20,2014-08-23
Coriander leaves, 1, 5,2014-08-23
Mint, 1, 10,2014-08-23
Greens Leaves, 1, 10,2014-08-23
Garlic, 1, 120-130,2014-08-23
Button Mushrooms, 1, 194,2014-08-23
Papaya, 1, 20,2014-08-23
SavSav, 1, 24,2014-08-23
