Commodity, Weight in Kg, Price in Rs,Date
Brinjal, 1, 54,2014-07-04
Tomotto ottu, 1, 22,2014-07-04
LadyFinger, 1, 34,2014-07-04
SnakeGuard, 1, 24,2014-07-04
BitterGourd, 1, 40,2014-07-04
Bottlegourd, 1, 14,2014-07-04
Pumpkin, 1, 16,2014-07-04
Bean, 1, 50,2014-07-04
ClusterBeans, 1, 24,2014-07-04
Red Chillies, 1, 44,2014-07-04
Onion, 1, 24,2014-07-04
Pallari, 1, 28,2014-07-04
Ginger, 1, 120,2014-07-04
Potato, 1, 36,2014-07-04
Radish, 1, 24,2014-07-04
Mango, 1, 16,2014-07-04
Cabbage, 1, 28,2014-07-04
Carrot, 1, 48,2014-07-04
Beetroot, 1, 40,2014-07-04
Soybeans, 1, 100,2014-07-04
Drumstickbeans, 1, 70,2014-07-04
butterbeans, 1, –,2014-07-04
Banana nut, 1 piece, 4,2014-07-04
Banana stem, 1, 10,2014-07-04
BananaFlower, 1, 8,2014-07-04
Curry leaves, 1, 20,2014-07-04
Coriander leaves, 1, 70,2014-07-04
Mint, 1, 30,2014-07-04
GreensLeaves, 1, 10,2014-07-04
Garlic, 1, 70-140,2014-07-04
ButtonMushrooms, 1, 180,2014-07-04
Papaya, 1, 20,2014-07-04
SavSav, 1, 30,2014-07-04
