Commodity, Weight in Kg, Price in Rs,Date
Brinjal, 1, 36,2014-09-16
Tomotto ottu, 1, 18,2014-09-16
Ladys Finger, 1, 18,2014-09-16
Snake Guard, 1, 16,2014-09-16
Bitter Gourd, 1, 32,2014-09-16
Bottle gourd, 1, 8,2014-09-16
Pumpkin, 1, 16,2014-09-16
Bean, 1, 28,2014-09-16
Cluster Beans, 1, 18,2014-09-16
Red Chilies, 1, 26,2014-09-16
Onion, 1, 28,2014-09-16
Pallari, 1, 26,2014-09-16
Ginger, 1, 120,2014-09-16
Potato, 1, 36,2014-09-16
Radish, 1, 14,2014-09-16
Mango, 1, –,2014-09-16
Cabbage, 1, 18,2014-09-16
Carrot, 1, 32,2014-09-16
Beetroot, 1, 16,2014-09-16
Soybeans, 1, 80,2014-09-16
Drumstick beans, 1, 44,2014-09-16
butter beans, 1, –,2014-09-16
Banana nut, 1 piece, 4,2014-09-16
Banana stem, 1, 7,2014-09-16
Banana Flower, 1, 8,2014-09-16
Curry leaves, 1, 10,2014-09-16
Coriander leaves, 1, 30,2014-09-16
Mint, 1, 33,2014-09-16
Greens Leaves, 1, 10,2014-09-16
Garlic, 1, 120-140,2014-09-16
Button Mushrooms, 1, 198,2014-09-16
Papaya, 1, 20,2014-09-16
SavSav, 1, 26,2014-09-16
