Commodity, Weight in Kg, Price in Rs,Date
Brinjal/கத்தரிக்காய், 1, 28,2014-04-17
Tomotto ottu/தக்காளி ஒட்டு, 1, 16,2014-04-17
LadyFinger/வெண்டைக்காய், 1, 32,2014-04-17
SnakeGuard/புடலங்காய், 1, 28,2014-04-17
BitterGourd/பாகற்காய், 1, 34,2014-04-17
Bottlegourd/சுரைக்காய், 1, 12,2014-04-17
Pumpkin/பூசணிக்காய், 1, 16,2014-04-17
Bean/அவரை, 1, 52,2014-04-17
ClusterBeans/கொத்தவரை, 1, 30,2014-04-17
Red Chillies/குண்டு மிளகாய், 1, 50,2014-04-17
Onion/வெங்காயம், 1, 23,2014-04-17
Pallari/பல்லாரி, 1, 16,2014-04-17
Ginger/இஞ்சி, 1, 130,2014-04-17
Potato/உருளைக்கிழங்கு, 1, 30,2014-04-17
Radish/முள்ளங்கி, 1, 14,2014-04-17
Mango/மாங்காய், 1, 26,2014-04-17
Cabbage/முட்டைக்கோஸ், 1, 14,2014-04-17
Carrot/கேரட், 1, 30,2014-04-17
Beetroot/பீட்ரூட், 1, 22,2014-04-17
Soybeans/சோயாபீன்ஸ், 1, 90,2014-04-17
Drumstickbeans/முருங்கைபீன்ஸ், 1, 56,2014-04-17
butterbeans/பட்டர்பீன்ஸ், 1, –,2014-04-17
Banana nut/வாழைக்காய், 1 piece, 04,2014-04-17
Banana stem/வாழைத்தண்டு, 1, 08,2014-04-17
BananaFlower/வாழைப்பூ, 1, 08,2014-04-17
Curry leaves/கருவேப்பிலை, 1, 30,2014-04-17
Coriander leaves/மல்லி இலை, 1, 35,2014-04-17
Mint/புதினா, 1, 25,2014-04-17
GreensLeaves/கீரைக்கட்டு, 1, 10,2014-04-17
Garlic/பூண்டு, 1, 100-120,2014-04-17
ButtonMushrooms/ பட்டன்காளான், 1, 190,2014-04-17
Papaya/ பப்பாளிப்பழம், 1, 24,2014-04-17
SavSav/ சவ்சவ், 1, 30,2014-04-17
