Commodity, Weight in Kg, Price in Rs,Date
Brinjal/கத்தரிக்காய், 1, 36,2014-01-18
Tomotto ottu/தக்காளி ஒட்டு, 1, 10,2014-01-18
LadyFinger/வெண்டைக்காய், 1, 20,2014-01-18
SnakeGuard/புடலங்காய், 1, 18,2014-01-18
BitterGourd/பாகற்காய், 1, 22,2014-01-18
Bottlegourd/சுரைக்காய், 1, 12,2014-01-18
Pumpkin/பூசணிக்காய், 1, 14,2014-01-18
Bean/அவரை, 1, 20,2014-01-18
ClusterBeans/கொத்தவரை, 1, 16,2014-01-18
Red Chillies/குண்டு மிளகாய், 1, 30,2014-01-18
Onion/வெங்காயம், 1, 22,2014-01-18
Pallari/பல்லாரி, 1, 20,2014-01-18
Ginger/இஞ்சி, 1, 100,2014-01-18
Potato/உருளைக்கிழங்கு, 1, 30,2014-01-18
Radish/முள்ளங்கி, 1, 18,2014-01-18
Mango/மாங்காய், 1, 40,2014-01-18
Cabbage/முட்டைக்கோஸ், 1, 14,2014-01-18
Carrot/கேரட், 1, 26,2014-01-18
Beetroot/பீட்ரூட், 1, 18,2014-01-18
Soybeans/சோயாபீன்ஸ், 1, 70,2014-01-18
Drumstickbeans/முருங்கைபீன்ஸ், 1, 32,2014-01-18
butterbeans/பட்டர்பீன்ஸ், 1, 70,2014-01-18
Banana nut/வாழைக்காய், 1 piece, 02,2014-01-18
Banana stem/வாழைத்தண்டு, 1, 06,2014-01-18
BananaFlower/வாழைப்பூ, 1, 05,2014-01-18
Curry leaves/கருவேப்பிலை, 1, 20,2014-01-18
Coriander leaves/மல்லி இலை, 1, 30,2014-01-18
Mint/புதினா, 1, 30,2014-01-18
GreensLeaves/கீரைக்கட்டு, 1, 08,2014-01-18
Garlic/பூண்டு, 1, 80-120,2014-01-18
ButtonMushrooms/ பட்டன்காளான், 1, 180,2014-01-18
Papaya/ பப்பாளிப்பழம், 1, 22,2014-01-18
SavSav/ சவ்சவ், 1, 14,2014-01-18
