Commodity, Weight in Kg, Price in Rs,Date
Brinjal, 1, 60,2014-07-10
Tomotto ottu, 1, 20,2014-07-10
LadyFinger, 1, 36,2014-07-10
SnakeGuard, 1, 26,2014-07-10
BitterGourd, 1, 44,2014-07-10
Bottlegourd, 1, 14,2014-07-10
Pumpkin, 1, 18,2014-07-10
Bean, 1, 64,2014-07-10
ClusterBeans, 1, 24,2014-07-10
Red Chillies, 1, 50,2014-07-10
Onion, 1, 22,2014-07-10
Pallari, 1, 30,2014-07-10
Ginger, 1, 130,2014-07-10
Potato, 1, 36,2014-07-10
Radish, 1, 26,2014-07-10
Mango, 1, 12,2014-07-10
Cabbage, 1, 28,2014-07-10
Carrot, 1, 40,2014-07-10
Beetroot, 1, 40,2014-07-10
Soybeans, 1, 110,2014-07-10
Drumstickbeans, 1, 70,2014-07-10
butterbeans, 1, –,2014-07-10
Banana nut, 1 piece, 3,2014-07-10
Banana stem, 1, 8,2014-07-10
BananaFlower, 1, 8,2014-07-10
Curry leaves, 1, 25,2014-07-10
Coriander leaves, 1, 80,2014-07-10
Mint, 1, 30,2014-07-10
GreensLeaves, 1, 10,2014-07-10
Garlic, 1, 100-140,2014-07-10
ButtonMushrooms, 1, 196,2014-07-10
Papaya, 1, 24,2014-07-10
SavSav, 1, 38,2014-07-10
