Commodity, Weight in Kg, Price in Rs,Date
Brinjal, 1, 34,2014-10-09
Tomotto ottu, 1, 10,2014-10-09
Ladys Finger, 1, 16,2014-10-09
Snake Guard, 1, 14,2014-10-09
Bitter Gourd, 1, 30,2014-10-09
Bottle gourd, 1, 8,2014-10-09
Pumpkin, 1, 16,2014-10-09
Bean, 1, 32,2014-10-09
Cluster Beans, 1, 14,2014-10-09
Red Chilies, 1, 48,2014-10-09
Onion, 1, 26,2014-10-09
Pallari, 1, 22,2014-10-09
Ginger, 1, –,2014-10-09
Potato, 1, 44,2014-10-09
Radish, 1, 20,2014-10-09
Mango, 1, –,2014-10-09
Cabbage, 1, 14,2014-10-09
Carrot, 1, 46,2014-10-09
Beetroot, 1, 24,2014-10-09
Soybeans, 1, 76,2014-10-09
Drumstick beans, 1, 36,2014-10-09
butter beans, 1, –,2014-10-09
Banana nut, 1 piece, 4,2014-10-09
Banana stem, 1, 8,2014-10-09
Banana Flower, 1, 6,2014-10-09
Curry leaves, 1, 20,2014-10-09
Coriander leaves, 1, 30,2014-10-09
Mint, 1, 35,2014-10-09
Greens Leaves, 1, 10,2014-10-09
Garlic, 1, 100-170,2014-10-09
Button Mushrooms, 1, 180,2014-10-09
Papaya, 1, 20,2014-10-09
SavSav, 1, 24,2014-10-09
