Commodity, Weight in Kg, Price in Rs,Date
Brinjal, 1, 34,2014-07-28
Tomotto ottu, 1, 42,2014-07-28
Ladys Finger, 1, 30,2014-07-28
Snake Guard, 1, 24,2014-07-28
Bitter Gourd, 1, 46,2014-07-28
Bottle gourd, 1, 14,2014-07-28
Pumpkin, 1, 20,2014-07-28
Bean, 1, 70,2014-07-28
Cluster Beans, 1, 22,2014-07-28
Red Chilies, 1, 70,2014-07-28
Onion, 1, 32,2014-07-28
Pallari, 1, 34,2014-07-28
Ginger, 1, 140,2014-07-28
Potato, 1, 38,2014-07-28
Radish, 1, 24,2014-07-28
Mango, 1, 20,2014-07-28
Cabbage, 1, 24,2014-07-28
Carrot, 1, 50,2014-07-28
Beetroot, 1, 46,2014-07-28
Soybeans, 1, 80,2014-07-28
Drumstick beans, 1, 50,2014-07-28
butter beans, 1, –,2014-07-28
Banana nut, 1 piece, 4,2014-07-28
Banana stem, 1, 8,2014-07-28
Banana Flower, 1, 6,2014-07-28
Curry leaves, 1, 20,2014-07-28
Coriander leaves, 1, 25,2014-07-28
Mint, 1, 25,2014-07-28
Greens Leaves, 1, 10,2014-07-28
Garlic, 1, 70-180,2014-07-28
Button Mushrooms, 1, 180,2014-07-28
Papaya, 1, 20,2014-07-28
SavSav, 1, 30,2014-07-28
