Commodity, Weight in Kg, Price in Rs,Date
Brinjal, 1, 34,2014-08-09
Tomotto ottu, 1, 40,2014-08-09
Ladys Finger, 1, 26,2014-08-09
Snake Guard, 1, 24,2014-08-09
Bitter Gourd, 1, 40,2014-08-09
Bottle gourd, 1, 14,2014-08-09
Pumpkin, 1, 20,2014-08-09
Bean, 1, 36,2014-08-09
Cluster Beans, 1, 20,2014-08-09
Red Chilies, 1, 46,2014-08-09
Onion, 1, 36,2014-08-09
Pallari, 1, 36,2014-08-09
Ginger, 1, 130,2014-08-09
Potato, 1, 38,2014-08-09
Radish, 1, 20,2014-08-09
Mango, 1, 26,2014-08-09
Cabbage, 1, 24,2014-08-09
Carrot, 1, 48,2014-08-09
Beetroot, 1, 40,2014-08-09
Soybeans, 1, 70,2014-08-09
Drumstick beans, 1, 54,2014-08-09
butter beans, 1, –,2014-08-09
Banana nut, 1 piece, 4,2014-08-09
Banana stem, 1, 10,2014-08-09
Banana Flower, 1, 12,2014-08-09
Curry leaves, 1, 20,2014-08-09
Coriander leaves, 1, 25,2014-08-09
Mint, 1, 25,2014-08-09
Greens Leaves, 1, 12,2014-08-09
Garlic, 1, 100-130,2014-08-09
Button Mushrooms, 1, 196,2014-08-09
Papaya, 1, 24,2014-08-09
SavSav, 1, 26,2014-08-09
