Commodity, Weight in Kg, Price in Rs,Date
Brinjal, 1, 30,2014-12-22
Tomotto ottu, 1, 8,2014-12-22
Ladys Finger, 1, 20,2014-12-22
Snake Guard, 1, 18,2014-12-22
Bitter Gourd, 1, 30,2014-12-22
Bottle gourd, 1, 8,2014-12-22
Pumpkin, 1, 16,2014-12-22
Bean, 1, 32,2014-12-22
Cluster Beans, 1, 14,2014-12-22
Red Chilies, 1, 38,2014-12-22
Onion, 1, 32,2014-12-22
Pallari, 1, 30,2014-12-22
Ginger, 1, –,2014-12-22
Potato, 1, 28,2014-12-22
Radish, 1, 20,2014-12-22
Mango, 1, –,2014-12-22
Cabbage, 1, 24,2014-12-22
Carrot, 1, 24,2014-12-22
Beetroot, 1, 30,2014-12-22
Soybeans, 1, 90,2014-12-22
Drumstick beans, 1, 36,2014-12-22
butter beans, 1, –,2014-12-22
Banana nut, 1 piece, 4,2014-12-22
Banana stem, 1, 10,2014-12-22
Banana Flower, 1, 12,2014-12-22
Curry leaves, 1, 20,2014-12-22
Coriander leaves, 1, 25,2014-12-22
Mint, 1, 25,2014-12-22
Greens Leaves, 1, 10,2014-12-22
Garlic, 1, 120-140,2014-12-22
Button Mushrooms, 1, 198,2014-12-22
Papaya, 1, 20,2014-12-22
SavSav, 1, 26,2014-12-22
