Commodity, Weight in Kg, Price in Rs,Date
Brinjal, 1, 28,2014-05-01
Tomotto ottu, 1, 16,2014-05-01
LadyFinger, 1, 26,2014-05-01
SnakeGuard, 1, 20,2014-05-01
BitterGourd, 1, 36,2014-05-01
Bottlegourd, 1, 14,2014-05-01
Pumpkin, 1, 16,2014-05-01
Bean, 1, 50,2014-05-01
ClusterBeans, 1, 24,2014-05-01
Red Chillies, 1, 70,2014-05-01
Onion, 1, 24,2014-05-01
Pallari, 1, 19,2014-05-01
Ginger, 1, 140,2014-05-01
Potato, 1, 30,2014-05-01
Radish, 1, 14,2014-05-01
Mango, 1, 24,2014-05-01
Cabbage, 1, 14,2014-05-01
Carrot, 1, 28,2014-05-01
Beetroot, 1, 20,2014-05-01
Soybeans, 1, 100,2014-05-01
Drumstickbeans, 1, 50,2014-05-01
butterbeans, 1, –,2014-05-01
Banana nut, 1 piece, 02,2014-05-01
Banana stem, 1, 05,2014-05-01
BananaFlower, 1, 08,2014-05-01
Curry leaves, 1, 35,2014-05-01
Coriander leaves, 1, 30,2014-05-01
Mint, 1, 30,2014-05-01
GreensLeaves, 1, 10,2014-05-01
Garlic, 1, 80-120,2014-05-01
ButtonMushrooms, 1, 188,2014-05-01
Papaya, 1, 20,2014-05-01
SavSav, 1, 20,2014-05-01
