Commodity, Weight in Kg, Price in Rs,Date
Brinjal, 1, 40,2014-07-30
Tomotto ottu, 1, 48,2014-07-30
Ladys Finger, 1, 30,2014-07-30
Snake Guard, 1, 26,2014-07-30
Bitter Gourd, 1, 44,2014-07-30
Bottle gourd, 1, 16,2014-07-30
Pumpkin, 1, 16,2014-07-30
Bean, 1, 70,2014-07-30
Cluster Beans, 1, 26,2014-07-30
Red Chilies, 1, 70,2014-07-30
Onion, 1, 36,2014-07-30
Pallari, 1, 36,2014-07-30
Ginger, 1, 150,2014-07-30
Potato, 1, 38,2014-07-30
Radish, 1, 26,2014-07-30
Mango, 1, 30,2014-07-30
Cabbage, 1, 24,2014-07-30
Carrot, 1, 48,2014-07-30
Beetroot, 1, 50,2014-07-30
Soybeans, 1, 90,2014-07-30
Drumstick beans, 1, 64,2014-07-30
butter beans, 1, –,2014-07-30
Banana nut, 1 piece, 4,2014-07-30
Banana stem, 1, 10,2014-07-30
Banana Flower, 1, 10,2014-07-30
Curry leaves, 1, 20,2014-07-30
Coriander leaves, 1, 25,2014-07-30
Mint, 1, 25,2014-07-30
Greens Leaves, 1, 10,2014-07-30
Garlic, 1, 70-130,2014-07-30
Button Mushrooms, 1, 196,2014-07-30
Papaya, 1, 24,2014-07-30
SavSav, 1, 32,2014-07-30
