Commodity, Weight in Kg, Price in Rs,Date
Brinjal, 1, 16,2014-06-04
Tomotto ottu, 1, 14,2014-06-04
LadyFinger, 1, 20,2014-06-04
SnakeGuard, 1, 24,2014-06-04
BitterGourd, 1, 32,2014-06-04
Bottlegourd, 1, 10,2014-06-04
Pumpkin, 1, 14,2014-06-04
Bean, 1, 64,2014-06-04
ClusterBeans, 1, 20,2014-06-04
Red Chillies, 1, 30,2014-06-04
Onion, 1, 24,2014-06-04
Pallari, 1, 22,2014-06-04
Ginger, 1, 120,2014-06-04
Potato, 1, 26,2014-06-04
Radish, 1, 18,2014-06-04
Mango, 1, 16,2014-06-04
Cabbage, 1, 18,2014-06-04
Carrot, 1, 32,2014-06-04
Beetroot, 1, 24,2014-06-04
Soybeans, 1, 120,2014-06-04
Drumstickbeans, 1, 56,2014-06-04
butterbeans, 1, –,2014-06-04
Banana nut, 1 piece, 04,2014-06-04
Banana stem, 1, 8,2014-06-04
BananaFlower, 1, 8,2014-06-04
Curry leaves, 1, 30,2014-06-04
Coriander leaves, 1, 40,2014-06-04
Mint, 1, 30,2014-06-04
GreensLeaves, 1, 10,2014-06-04
Garlic, 1, 100-120,2014-06-04
ButtonMushrooms, 1, 190,2014-06-04
Papaya, 1, 20,2014-06-04
SavSav, 1, 38,2014-06-04
