Commodity, Weight in Kg, Price in Rs,Date
Brinjal, 1, 36,2014-07-24
Tomotto ottu, 1, 48,2014-07-24
Ladys Finger, 1, 30,2014-07-24
Snake Guard, 1, 24,2014-07-24
Bitter Gourd, 1, 44,2014-07-24
Bottle gourd, 1, 14,2014-07-24
Pumpkin, 1, 16,2014-07-24
Bean, 1, 70,2014-07-24
Cluster Beans, 1, 22,2014-07-24
Red Chilies, 1, 60,2014-07-24
Onion, 1, 32,2014-07-24
Pallari, 1, 36,2014-07-24
Ginger, 1, 140,2014-07-24
Potato, 1, 34,2014-07-24
Radish, 1, 24,2014-07-24
Mango, 1, 20,2014-07-24
Cabbage, 1, 24,2014-07-24
Carrot, 1, 56,2014-07-24
Beetroot, 1, 54,2014-07-24
Soybeans, 1, 90,2014-07-24
Drumstick beans, 1, 60,2014-07-24
butter beans, 1, –,2014-07-24
Banana nut, 1 piece, 4,2014-07-24
Banana stem, 1, 10,2014-07-24
Banana Flower, 1, 6,2014-07-24
Curry leaves, 1, 20,2014-07-24
Coriander leaves, 1, 25,2014-07-24
Mint, 1, 25,2014-07-24
Greens Leaves, 1, 10,2014-07-24
Garlic, 1, 70-140,2014-07-24
Button Mushrooms, 1, 180,2014-07-24
Papaya, 1, 22,2014-07-24
SavSav, 1, 30,2014-07-24
