Commodity, Weight in Kg, Price in Rs,Date
Brinjal, 1, 40,2014-07-20
Tomotto ottu, 1, 50,2014-07-20
Ladys Finger, 1, 30,2014-07-20
Snake Guard, 1, 24,2014-07-20
Bitter Gourd, 1, 36,2014-07-20
Bottle gourd, 1, 14,2014-07-20
Pumpkin, 1, 20,2014-07-20
Bean, 1, 64,2014-07-20
Cluster Beans, 1, 24,2014-07-20
Red Chilies, 1, 60,2014-07-20
Onion, 1, 30,2014-07-20
Pallari, 1, 36,2014-07-20
Ginger, 1, 120,2014-07-20
Potato, 1, 30,2014-07-20
Radish, 1, 26,2014-07-20
Mango, 1, 20,2014-07-20
Cabbage, 1, 24,2014-07-20
Carrot, 1, 46,2014-07-20
Beetroot, 1, 44,2014-07-20
Soybeans, 1, 90,2014-07-20
Drumstick beans, 1, 54,2014-07-20
butter beans, 1, –,2014-07-20
Banana nut, 1 piece, 4,2014-07-20
Banana stem, 1, 8,2014-07-20
Banana Flower, 1, 6,2014-07-20
Curry leaves, 1, 20,2014-07-20
Coriander leaves, 1, 35,2014-07-20
Mint, 1, 25,2014-07-20
Greens Leaves, 1, 10,2014-07-20
Garlic, 1, 70-140,2014-07-20
Button Mushrooms, 1, 180,2014-07-20
Papaya, 1, 20,2014-07-20
SavSav, 1, 34,2014-07-20
