Commodity, Weight in Kg, Price in Rs,Date
Brinjal, 1, 70,2014-11-10
Tomotto ottu, 1, 12,2014-11-10
Ladys Finger, 1, 34,2014-11-10
Snake Guard, 1, 40,2014-11-10
Bitter Gourd, 1, 34,2014-11-10
Bottle gourd, 1, 15,2014-11-10
Pumpkin, 1, 20,2014-11-10
Bean, 1, 60,2014-11-10
Cluster Beans, 1, 20,2014-11-10
Red Chilies, 1, 34,2014-11-10
Onion, 1, 30,2014-11-10
Pallari, 1, 26,2014-11-10
Ginger, 1, –,2014-11-10
Potato, 1, 40,2014-11-10
Radish, 1, 20,2014-11-10
Mango, 1, –,2014-11-10
Cabbage, 1, 20,2014-11-10
Carrot, 1, 40,2014-11-10
Beetroot, 1, 30,2014-11-10
Soybeans, 1, 74,2014-11-10
Drumstick beans, 1, 50,2014-11-10
butter beans, 1, –,2014-11-10
Banana nut, 1 piece, 4,2014-11-10
Banana stem, 1, 10,2014-11-10
Banana Flower, 1, 14,2014-11-10
Curry leaves, 1, 20,2014-11-10
Coriander leaves, 1, 120,2014-11-10
Mint, 1, 60,2014-11-10
Greens Leaves, 1, 10,2014-11-10
Garlic, 1, 140-160,2014-11-10
Button Mushrooms, 1, 200,2014-11-10
Papaya, 1, 24,2014-11-10
SavSav, 1, 36,2014-11-10
