Commodity, Weight in Kg, Price in Rs,Date
Brinjal, 1, 64,2014-11-06
Tomotto ottu, 1, 14,2014-11-06
Ladys Finger, 1, 32,2014-11-06
Snake Guard, 1, 20,2014-11-06
Bitter Gourd, 1, 36,2014-11-06
Bottle gourd, 1, 12,2014-11-06
Pumpkin, 1, 20,2014-11-06
Bean, 1, 60,2014-11-06
Cluster Beans, 1, 16,2014-11-06
Red Chilies, 1, 36,2014-11-06
Onion, 1, 30,2014-11-06
Pallari, 1, 26,2014-11-06
Ginger, 1, –,2014-11-06
Potato, 1, 40,2014-11-06
Radish, 1, 20,2014-11-06
Mango, 1, –,2014-11-06
Cabbage, 1, 24,2014-11-06
Carrot, 1, 40,2014-11-06
Beetroot, 1, 28,2014-11-06
Soybeans, 1, 80,2014-11-06
Drumstick beans, 1, 48,2014-11-06
butter beans, 1, –,2014-11-06
Banana nut, 1 piece, 5,2014-11-06
Banana stem, 1, 10,2014-11-06
Banana Flower, 1, 10,2014-11-06
Curry leaves, 1, 20,2014-11-06
Coriander leaves, 1, 50,2014-11-06
Mint, 1, 30,2014-11-06
Greens Leaves, 1, 12,2014-11-06
Garlic, 1, 120-170,2014-11-06
Button Mushrooms, 1, 180,2014-11-06
Papaya, 1, 16,2014-11-06
SavSav, 1, 26,2014-11-06
