Commodity, Weight in Kg, Price in Rs,Date
Brinjal, 1, 54,2014-06-27
Tomotto ottu, 1, 14,2014-06-27
LadyFinger, 1, 36,2014-06-27
SnakeGuard, 1, 24,2014-06-27
BitterGourd, 1, 40,2014-06-27
Bottlegourd, 1, 14,2014-06-27
Pumpkin, 1, 20,2014-06-27
Bean, 1, 64,2014-06-27
ClusterBeans, 1, 20,2014-06-27
Red Chillies, 1, 36,2014-06-27
Onion, 1, 24,2014-06-27
Pallari, 1, 26,2014-06-27
Ginger, 1, 120,2014-06-27
Potato, 1, 30,2014-06-27
Radish, 1, 24,2014-06-27
Mango, 1, 14,2014-06-27
Cabbage, 1, 24,2014-06-27
Carrot, 1, 38,2014-06-27
Beetroot, 1, 34,2014-06-27
Soybeans, 1, 110,2014-06-27
Drumstickbeans, 1, 70,2014-06-27
butterbeans, 1, –,2014-06-27
Banana nut, 1 piece, 4,2014-06-27
Banana stem, 1, 10,2014-06-27
BananaFlower, 1, 6,2014-06-27
Curry leaves, 1, 20,2014-06-27
Coriander leaves, 1, 50,2014-06-27
Mint, 1, 30,2014-06-27
GreensLeaves, 1, 10,2014-06-27
Garlic, 1, 100-120,2014-06-27
ButtonMushrooms, 1, 180,2014-06-27
Papaya, 1, 20,2014-06-27
SavSav, 1, 36,2014-06-27
