Commodity, Weight in Kg, Price in Rs,Date
Brinjal, 1, 36,2014-05-10
Tomotto ottu, 1, 12,2014-05-10
LadyFinger, 1, 22,2014-05-10
SnakeGuard, 1, 20,2014-05-10
BitterGourd, 1, 34,2014-05-10
Bottlegourd, 1, 14,2014-05-10
Pumpkin, 1, 16,2014-05-10
Bean, 1, 44,2014-05-10
ClusterBeans, 1, 16,2014-05-10
Red Chillies, 1, 74,2014-05-10
Onion, 1, 26,2014-05-10
Pallari, 1, 20,2014-05-10
Ginger, 1, 130,2014-05-10
Potato, 1, 28,2014-05-10
Radish, 1, 14,2014-05-10
Mango, 1, 20,2014-05-10
Cabbage, 1, 14,2014-05-10
Carrot, 1, 32,2014-05-10
Beetroot, 1, 24,2014-05-10
Soybeans, 1, 110,2014-05-10
Drumstickbeans, 1, 46,2014-05-10
butterbeans, 1, –,2014-05-10
Banana nut, 1 piece, 04,2014-05-10
Banana stem, 1, 8,2014-05-10
BananaFlower, 1, 6,2014-05-10
Curry leaves, 1, 40,2014-05-10
Coriander leaves, 1, 40,2014-05-10
Mint, 1, 25,2014-05-10
GreensLeaves, 1, 8,2014-05-10
Garlic, 1, 60-100,2014-05-10
ButtonMushrooms, 1, 180,2014-05-10
Papaya, 1, 22,2014-05-10
SavSav, 1, 32,2014-05-10
