Commodity, Weight in Kg, Price in Rs,Date
Brinjal, 1, 44,2014-07-17
Tomotto ottu, 1, 48,2014-07-17
LadyFinger, 1, 28,2014-07-17
SnakeGuard, 1, 26,2014-07-17
BitterGourd, 1, 44,2014-07-17
Bottlegourd, 1, 16,2014-07-17
Pumpkin, 1, 20,2014-07-17
Bean, 1, 60,2014-07-17
ClusterBeans, 1, 24,2014-07-17
Red Chillies, 1, 50,2014-07-17
Onion, 1, 24,2014-07-17
Pallari, 1, 36,2014-07-17
Ginger, 1, 120,2014-07-17
Potato, 1, 34,2014-07-17
Radish, 1, 26,2014-07-17
Mango, 1, 20,2014-07-17
Cabbage, 1, 28,2014-07-17
Carrot, 1, 54,2014-07-17
Beetroot, 1, 50,2014-07-17
Soybeans, 1, 100,2014-07-17
Drumstickbeans, 1, 70,2014-07-17
butterbeans, 1, –,2014-07-17
Banana nut, 1 piece, 4,2014-07-17
Banana stem, 1, 10,2014-07-17
BananaFlower, 1, 8,2014-07-17
Curry leaves, 1, 20,2014-07-17
Coriander leaves, 1, 60,2014-07-17
Mint, 1, 25,2014-07-17
GreensLeaves, 1, 10,2014-07-17
Garlic, 1, 100-120,2014-07-17
ButtonMushrooms, 1, 180,2014-07-17
Papaya, 1, 24,2014-07-17
SavSav, 1, 30,2014-07-17
