Commodity, Weight in Kg, Price in Rs,Date
Brinjal, 1, 44,2014-11-26
Tomotto ottu, 1, 14,2014-11-26
Ladys Finger, 1, 26,2014-11-26
Snake Guard, 1, 24,2014-11-26
Bitter Gourd, 1, 28,2014-11-26
Bottle gourd, 1, 12,2014-11-26
Pumpkin, 1, 18,2014-11-26
Bean, 1, 40,2014-11-26
Cluster Beans, 1, 20,2014-11-26
Red Chilies, 1, 38,2014-11-26
Onion, 1, 32,2014-11-26
Pallari, 1, 24,2014-11-26
Ginger, 1, –,2014-11-26
Potato, 1, 38,2014-11-26
Radish, 1, 30,2014-11-26
Mango, 1, –,2014-11-26
Cabbage, 1, 24,2014-11-26
Carrot, 1, 36,2014-11-26
Beetroot, 1, 40,2014-11-26
Soybeans, 1, 60,2014-11-26
Drumstick beans, 1, 38,2014-11-26
butter beans, 1, –,2014-11-26
Banana nut, 1 piece, 4,2014-11-26
Banana stem, 1, 7,2014-11-26
Banana Flower, 1, 12,2014-11-26
Curry leaves, 1, 15,2014-11-26
Coriander leaves, 1, 30,2014-11-26
Mint, 1, 30,2014-11-26
Greens Leaves, 1, 10,2014-11-26
Garlic, 1, 120-140,2014-11-26
Button Mushrooms, 1, 194,2014-11-26
Papaya, 1, 20,2014-11-26
SavSav, 1, 30,2014-11-26
