Commodity, Weight in Kg, Price in Rs,Date
Brinjal, 1, 32,2014-12-19
Tomotto ottu, 1, 12,2014-12-19
Ladys Finger, 1, 24,2014-12-19
Snake Guard, 1, 18,2014-12-19
Bitter Gourd, 1, 22,2014-12-19
Bottle gourd, 1, 10,2014-12-19
Pumpkin, 1, 18,2014-12-19
Bean, 1, 30,2014-12-19
Cluster Beans, 1, 14,2014-12-19
Red Chilies, 1, 38,2014-12-19
Onion, 1, 34,2014-12-19
Pallari, 1, 28,2014-12-19
Ginger, 1, –,2014-12-19
Potato, 1, 36,2014-12-19
Radish, 1, 24,2014-12-19
Mango, 1, –,2014-12-19
Cabbage, 1, 26,2014-12-19
Carrot, 1, 30,2014-12-19
Beetroot, 1, 34,2014-12-19
Soybeans, 1, 80,2014-12-19
Drumstick beans, 1, 38,2014-12-19
butter beans, 1, –,2014-12-19
Banana nut, 1 piece, 4,2014-12-19
Banana stem, 1, 10,2014-12-19
Banana Flower, 1, 10,2014-12-19
Curry leaves, 1, 25,2014-12-19
Coriander leaves, 1, 25,2014-12-19
Mint, 1, 25,2014-12-19
Greens Leaves, 1, 10,2014-12-19
Garlic, 1, 80-180,2014-12-19
Button Mushrooms, 1, 170,2014-12-19
Papaya, 1, 20,2014-12-19
SavSav, 1, 28,2014-12-19
