Commodity, Weight in Kg, Price in Rs,Date
Brinjal, 1, 34,2014-08-10
Tomotto ottu, 1, 44,2014-08-10
Ladys Finger, 1, 26,2014-08-10
Snake Guard, 1, 24,2014-08-10
Bitter Gourd, 1, 40,2014-08-10
Bottle gourd, 1, 14,2014-08-10
Pumpkin, 1, 18,2014-08-10
Bean, 1, 36,2014-08-10
Cluster Beans, 1, 20,2014-08-10
Red Chilies, 1, 44,2014-08-10
Onion, 1, 36,2014-08-10
Pallari, 1, 36,2014-08-10
Ginger, 1, 130,2014-08-10
Potato, 1, 38,2014-08-10
Radish, 1, 20,2014-08-10
Mango, 1, 28,2014-08-10
Cabbage, 1, 24,2014-08-10
Carrot, 1, 50,2014-08-10
Beetroot, 1, 48,2014-08-10
Soybeans, 1, 68,2014-08-10
Drumstick beans, 1, 54,2014-08-10
butter beans, 1, –,2014-08-10
Banana nut, 1 piece, 4,2014-08-10
Banana stem, 1, 8,2014-08-10
Banana Flower, 1, 10,2014-08-10
Curry leaves, 1, 20,2014-08-10
Coriander leaves, 1, 30,2014-08-10
Mint, 1, 35,2014-08-10
Greens Leaves, 1, 12,2014-08-10
Garlic, 1, 100-130,2014-08-10
Button Mushrooms, 1, 196,2014-08-10
Papaya, 1, 20,2014-08-10
SavSav, 1, 30,2014-08-10
