Commodity, Weight in Kg, Price in Rs,Date
Brinjal, 1, 34,2014-08-24
Tomotto ottu, 1, 32,2014-08-24
Ladys Finger, 1, 18,2014-08-24
Snake Guard, 1, 20,2014-08-24
Bitter Gourd, 1, 34,2014-08-24
Bottle gourd, 1, 12,2014-08-24
Pumpkin, 1, 18,2014-08-24
Bean, 1, 20,2014-08-24
Cluster Beans, 1, 18,2014-08-24
Red Chilies, 1, 30,2014-08-24
Onion, 1, 30,2014-08-24
Pallari, 1, 30,2014-08-24
Ginger, 1, 130,2014-08-24
Potato, 1, 38,2014-08-24
Radish, 1, 12,2014-08-24
Mango, 1, –,2014-08-24
Cabbage, 1, 20,2014-08-24
Carrot, 1, 30,2014-08-24
Beetroot, 1, 36,2014-08-24
Soybeans, 1, 60,2014-08-24
Drumstick beans, 1, 50,2014-08-24
butter beans, 1, –,2014-08-24
Banana nut, 1 piece, 3,2014-08-24
Banana stem, 1, 6,2014-08-24
Banana Flower, 1, 8,2014-08-24
Curry leaves, 1, 20,2014-08-24
Coriander leaves, 1, 5,2014-08-24
Mint, 1, 10,2014-08-24
Greens Leaves, 1, 10,2014-08-24
Garlic, 1, 100-130,2014-08-24
Button Mushrooms, 1, 196,2014-08-24
Papaya, 1, 20,2014-08-24
SavSav, 1, 24,2014-08-24
