Commodity, Weight in Kg, Price in Rs,Date
Brinjal, 1, 30,2014-10-01
Tomotto ottu, 1, 16,2014-10-01
Ladys Finger, 1, 14,2014-10-01
Snake Guard, 1, 16,2014-10-01
Bitter Gourd, 1, 20,2014-10-01
Bottle gourd, 1, 8,2014-10-01
Pumpkin, 1, 16,2014-10-01
Bean, 1, 30,2014-10-01
Cluster Beans, 1, 16,2014-10-01
Red Chilies, 1, 32,2014-10-01
Onion, 1, 24,2014-10-01
Pallari, 1, 20,2014-10-01
Ginger, 1, –,2014-10-01
Potato, 1, 44,2014-10-01
Radish, 1, 14,2014-10-01
Mango, 1, –,2014-10-01
Cabbage, 1, 18,2014-10-01
Carrot, 1, 46,2014-10-01
Beetroot, 1, 20,2014-10-01
Soybeans, 1, 70,2014-10-01
Drumstick beans, 1, 34,2014-10-01
butter beans, 1, –,2014-10-01
Banana nut, 1 piece, 3,2014-10-01
Banana stem, 1, 6,2014-10-01
Banana Flower, 1, 8,2014-10-01
Curry leaves, 1, 15,2014-10-01
Coriander leaves, 1, 25,2014-10-01
Mint, 1, 30,2014-10-01
Greens Leaves, 1, 10,2014-10-01
Garlic, 1, 100-160,2014-10-01
Button Mushrooms, 1, 196,2014-10-01
Papaya, 1, 24,2014-10-01
SavSav, 1, 20,2014-10-01
