Commodity, Weight in Kg, Price in Rs,Date
Brinjal, 1, 36,2014-12-11
Tomotto ottu, 1, 24,2014-12-11
Ladys Finger, 1, 28,2014-12-11
Snake Guard, 1, 28,2014-12-11
Bitter Gourd, 1, 30,2014-12-11
Bottle gourd, 1, 12,2014-12-11
Pumpkin, 1, 20,2014-12-11
Bean, 1, 38,2014-12-11
Cluster Beans, 1, 24,2014-12-11
Red Chilies, 1, 40,2014-12-11
Onion, 1, 40,2014-12-11
Pallari, 1, 28,2014-12-11
Ginger, 1, –,2014-12-11
Potato, 1, 38,2014-12-11
Radish, 1, 30,2014-12-11
Mango, 1, –,2014-12-11
Cabbage, 1, 26,2014-12-11
Carrot, 1, 36,2014-12-11
Beetroot, 1, 40,2014-12-11
Soybeans, 1, 90,2014-12-11
Drumstick beans, 1, 56,2014-12-11
butter beans, 1, –,2014-12-11
Banana nut, 1 piece, 5,2014-12-11
Banana stem, 1, 12,2014-12-11
Banana Flower, 1, 10,2014-12-11
Curry leaves, 1, 20,2014-12-11
Coriander leaves, 1, 30,2014-12-11
Mint, 1, 30,2014-12-11
Greens Leaves, 1, 10,2014-12-11
Garlic, 1, 80-190,2014-12-11
Button Mushrooms, 1, 196,2014-12-11
Papaya, 1, 20,2014-12-11
SavSav, 1, 28,2014-12-11
