Commodity, Weight in Kg, Price in Rs,Date
Brinjal, 1, 50,2014-06-23
Tomotto ottu, 1, 15,2014-06-23
LadyFinger, 1, 30,2014-06-23
SnakeGuard, 1, 26,2014-06-23
BitterGourd, 1, 44,2014-06-23
Bottlegourd, 1, 14,2014-06-23
Pumpkin, 1, 18,2014-06-23
Bean, 1, 70,2014-06-23
ClusterBeans, 1, 16,2014-06-23
Red Chillies, 1, 30,2014-06-23
Onion, 1, 22,2014-06-23
Pallari, 1, 24,2014-06-23
Ginger, 1, 130,2014-06-23
Potato, 1, 30,2014-06-23
Radish, 1, 20,2014-06-23
Mango, 1, 14,2014-06-23
Cabbage, 1, 22,2014-06-23
Carrot, 1, 40,2014-06-23
Beetroot, 1, 34,2014-06-23
Soybeans, 1, 110,2014-06-23
Drumstickbeans, 1, 64,2014-06-23
butterbeans, 1, –,2014-06-23
Banana nut, 1 piece, 3,2014-06-23
Banana stem, 1, 10,2014-06-23
BananaFlower, 1, 10,2014-06-23
Curry leaves, 1, 25,2014-06-23
Coriander leaves, 1, 70,2014-06-23
Mint, 1, 35,2014-06-23
GreensLeaves, 1, 8,2014-06-23
Garlic, 1, 100-120,2014-06-23
ButtonMushrooms, 1, 196,2014-06-23
Papaya, 1, 26,2014-06-23
SavSav, 1, 38,2014-06-23
