Commodity, Weight in Kg, Price in Rs,Date
Brinjal, 1, 54,2014-11-13
Tomotto ottu, 1, 14,2014-11-13
Ladys Finger, 1, 20,2014-11-13
Snake Guard, 1, 24,2014-11-13
Bitter Gourd, 1, 36,2014-11-13
Bottle gourd, 1, 10,2014-11-13
Pumpkin, 1, 20,2014-11-13
Bean, 1, 60,2014-11-13
Cluster Beans, 1, 20,2014-11-13
Red Chilies, 1, 34,2014-11-13
Onion, 1, 30,2014-11-13
Pallari, 1, 26,2014-11-13
Ginger, 1, –,2014-11-13
Potato, 1, 40,2014-11-13
Radish, 1, 26,2014-11-13
Mango, 1, –,2014-11-13
Cabbage, 1, 24,2014-11-13
Carrot, 1, 44,2014-11-13
Beetroot, 1, 36,2014-11-13
Soybeans, 1, 70,2014-11-13
Drumstick beans, 1, 56,2014-11-13
butter beans, 1, –,2014-11-13
Banana nut, 1 piece, 4,2014-11-13
Banana stem, 1, 8,2014-11-13
Banana Flower, 1, 6,2014-11-13
Curry leaves, 1, 20,2014-11-13
Coriander leaves, 1, 50,2014-11-13
Mint, 1, 50,2014-11-13
Greens Leaves, 1, 12,2014-11-13
Garlic, 1, 120-140,2014-11-13
Button Mushrooms, 1, 190,2014-11-13
Papaya, 1, 24,2014-11-13
SavSav, 1, 34,2014-11-13
