Commodity, Weight in Kg, Price in Rs,Date
Brinjal/கத்தரிக்காய், 1, 40,2014-02-07
Tomotto ottu/தக்காளி ஒட்டு, 1, 08,2014-02-07
LadyFinger/வெண்டைக்காய், 1, 36,2014-02-07
SnakeGuard/புடலங்காய், 1, 20,2014-02-07
BitterGourd/பாகற்காய், 1, 24,2014-02-07
Bottlegourd/சுரைக்காய், 1, 14,2014-02-07
Pumpkin/பூசணிக்காய், 1, 14,2014-02-07
Bean/அவரை, 1, 28,2014-02-07
ClusterBeans/கொத்தவரை, 1, 24,2014-02-07
Red Chillies/குண்டு மிளகாய், 1, 22,2014-02-07
Onion/வெங்காயம், 1, 22,2014-02-07
Pallari/பல்லாரி, 1, 18,2014-02-07
Ginger/இஞ்சி, 1, 100,2014-02-07
Potato/உருளைக்கிழங்கு, 1, 26,2014-02-07
Radish/முள்ளங்கி, 1, 20,2014-02-07
Mango/மாங்காய், 1, 40,2014-02-07
Cabbage/முட்டைக்கோஸ், 1, 16,2014-02-07
Carrot/கேரட், 1, 20,2014-02-07
Beetroot/பீட்ரூட், 1, 20,2014-02-07
Soybeans/சோயாபீன்ஸ், 1, 60,2014-02-07
Drumstickbeans/முருங்கைபீன்ஸ், 1, 40,2014-02-07
butterbeans/பட்டர்பீன்ஸ், 1, 70,2014-02-07
Banana nut/வாழைக்காய், 1 piece, 03,2014-02-07
Banana stem/வாழைத்தண்டு, 1, 10,2014-02-07
BananaFlower/வாழைப்பூ, 1, 10,2014-02-07
Curry leaves/கருவேப்பிலை, 1, 30,2014-02-07
Coriander leaves/மல்லி இலை, 1, 30,2014-02-07
Mint/புதினா, 1, 30,2014-02-07
GreensLeaves/கீரைக்கட்டு, 1, 10,2014-02-07
Garlic/பூண்டு, 1, 60-180,2014-02-07
ButtonMushrooms/ பட்டன்காளான், 1, 265,2014-02-07
Papaya/ பப்பாளிப்பழம், 1, 24,2014-02-07
SavSav/ சவ்சவ், 1, 16,2014-02-07
