Commodity, Weight in Kg, Price in Rs,Date
Brinjal, 1, 34,2014-08-16
Tomotto ottu, 1, 40,2014-08-16
Ladys Finger, 1, 26,2014-08-16
Snake Guard, 1, 24,2014-08-16
Bitter Gourd, 1, 32,2014-08-16
Bottle gourd, 1, 16,2014-08-16
Pumpkin, 1, 18,2014-08-16
Bean, 1, 26,2014-08-16
Cluster Beans, 1, 20,2014-08-16
Red Chilies, 1, 32,2014-08-16
Onion, 1, 32,2014-08-16
Pallari, 1, 30,2014-08-16
Ginger, 1, 140,2014-08-16
Potato, 1, 38,2014-08-16
Radish, 1, 14,2014-08-16
Mango, 1, –,2014-08-16
Cabbage, 1, 20,2014-08-16
Carrot, 1, 40,2014-08-16
Beetroot, 1, 34,2014-08-16
Soybeans, 1, 60,2014-08-16
Drumstick beans, 1, 50,2014-08-16
butter beans, 1, –,2014-08-16
Banana nut, 1 piece, 3,2014-08-16
Banana stem, 1, 8,2014-08-16
Banana Flower, 1, 10,2014-08-16
Curry leaves, 1, 20,2014-08-16
Coriander leaves, 1, 50,2014-08-16
Mint, 1, 30,2014-08-16
Greens Leaves, 1, 12,2014-08-16
Garlic, 1, 120-140,2014-08-16
Button Mushrooms, 1, 198,2014-08-16
Papaya, 1, 24,2014-08-16
SavSav, 1, 34,2014-08-16
