Commodity, Weight in Kg, Price in Rs,Date
Brinjal, 1, 64,2014-11-14
Tomotto ottu, 1, 15,2014-11-14
Ladys Finger, 1, 15,2014-11-14
Snake Guard, 1, 24,2014-11-14
Bitter Gourd, 1, 34,2014-11-14
Bottle gourd, 1, 12,2014-11-14
Pumpkin, 1, 24,2014-11-14
Bean, 1, 60,2014-11-14
Cluster Beans, 1, 24,2014-11-14
Red Chilies, 1, 30,2014-11-14
Onion, 1, 30,2014-11-14
Pallari, 1, 28,2014-11-14
Ginger, 1, –,2014-11-14
Potato, 1, 40,2014-11-14
Radish, 1, 26,2014-11-14
Mango, 1, –,2014-11-14
Cabbage, 1, 24,2014-11-14
Carrot, 1, 44,2014-11-14
Beetroot, 1, 40,2014-11-14
Soybeans, 1, 70,2014-11-14
Drumstick beans, 1, 58,2014-11-14
butter beans, 1, –,2014-11-14
Banana nut, 1 piece, 5,2014-11-14
Banana stem, 1, 10,2014-11-14
Banana Flower, 1, 10,2014-11-14
Curry leaves, 1, 20,2014-11-14
Coriander leaves, 1, 80,2014-11-14
Mint, 1, 60,2014-11-14
Greens Leaves, 1, 12,2014-11-14
Garlic, 1, 120-170,2014-11-14
Button Mushrooms, 1, 190,2014-11-14
Papaya, 1, 24,2014-11-14
SavSav, 1, 36,2014-11-14
