Commodity, Weight in Kg, Price in Rs,Date
Brinjal, 1, 40,2014-10-16
Tomotto ottu, 1, 8,2014-10-16
Ladys Finger, 1, 16,2014-10-16
Snake Guard, 1, 14,2014-10-16
Bitter Gourd, 1, 26,2014-10-16
Bottle gourd, 1, 8,2014-10-16
Pumpkin, 1, 16,2014-10-16
Bean, 1, 50,2014-10-16
Cluster Beans, 1, 18,2014-10-16
Red Chilies, 1, 40,2014-10-16
Onion, 1, 24,2014-10-16
Pallari, 1, 22,2014-10-16
Ginger, 1, –,2014-10-16
Potato, 1, 40,2014-10-16
Radish, 1, 20,2014-10-16
Mango, 1, –,2014-10-16
Cabbage, 1, 20,2014-10-16
Carrot, 1, 44,2014-10-16
Beetroot, 1, 24,2014-10-16
Soybeans, 1, 70,2014-10-16
Drumstick beans, 1, 40,2014-10-16
butter beans, 1, –,2014-10-16
Banana nut, 1 piece, 4,2014-10-16
Banana stem, 1, 8,2014-10-16
Banana Flower, 1, 6,2014-10-16
Curry leaves, 1, 20,2014-10-16
Coriander leaves, 1, 40,2014-10-16
Mint, 1, 35,2014-10-16
Greens Leaves, 1, 10,2014-10-16
Garlic, 1, 100-160,2014-10-16
Button Mushrooms, 1, 180,2014-10-16
Papaya, 1, 20,2014-10-16
SavSav, 1, 20,2014-10-16
