Commodity, Weight in Kg, Price in Rs,Date
Brinjal, 1, 56,2014-06-25
Tomotto ottu, 1, 13,2014-06-25
LadyFinger, 1, 34,2014-06-25
SnakeGuard, 1, 24,2014-06-25
BitterGourd, 1, 44,2014-06-25
Bottlegourd, 1, 14,2014-06-25
Pumpkin, 1, 20,2014-06-25
Bean, 1, 70,2014-06-25
ClusterBeans, 1, 22,2014-06-25
Red Chillies, 1, 34,2014-06-25
Onion, 1, 22,2014-06-25
Pallari, 1, 24,2014-06-25
Ginger, 1, 130,2014-06-25
Potato, 1, 28,2014-06-25
Radish, 1, 24,2014-06-25
Mango, 1, 12,2014-06-25
Cabbage, 1, 24,2014-06-25
Carrot, 1, 40,2014-06-25
Beetroot, 1, 36,2014-06-25
Soybeans, 1, 110,2014-06-25
Drumstickbeans, 1, 58,2014-06-25
butterbeans, 1, –,2014-06-25
Banana nut, 1 piece, 4,2014-06-25
Banana stem, 1, 8,2014-06-25
BananaFlower, 1, 8,2014-06-25
Curry leaves, 1, 25,2014-06-25
Coriander leaves, 1, 50,2014-06-25
Mint, 1, 35,2014-06-25
GreensLeaves, 1, 10,2014-06-25
Garlic, 1, 100-120,2014-06-25
ButtonMushrooms, 1, 194,2014-06-25
Papaya, 1, 20,2014-06-25
SavSav, 1, 38,2014-06-25
