Commodity, Weight in Kg, Price in Rs,Date
Brinjal, 1, 44,2014-09-08
Tomotto ottu, 1, 24,2014-09-08
Ladys Finger, 1, 20,2014-09-08
Snake Guard, 1, 18,2014-09-08
Bitter Gourd, 1, 40,2014-09-08
Bottle gourd, 1, 10,2014-09-08
Pumpkin, 1, 16,2014-09-08
Bean, 1, 38,2014-09-08
Cluster Beans, 1, 20,2014-09-08
Red Chilies, 1, 26,2014-09-08
Onion, 1, 30,2014-09-08
Pallari, 1, 30,2014-09-08
Ginger, 1, 80,2014-09-08
Potato, 1, 44,2014-09-08
Radish, 1, 14,2014-09-08
Mango, 1, –,2014-09-08
Cabbage, 1, 20,2014-09-08
Carrot, 1, 40,2014-09-08
Beetroot, 1, 26,2014-09-08
Soybeans, 1, 90,2014-09-08
Drumstick beans, 1, 50,2014-09-08
butter beans, 1, –,2014-09-08
Banana nut, 1 piece, 4,2014-09-08
Banana stem, 1, 10,2014-09-08
Banana Flower, 1, 6,2014-09-08
Curry leaves, 1, 15,2014-09-08
Coriander leaves, 1, 15,2014-09-08
Mint, 1, 20,2014-09-08
Greens Leaves, 1, 10,2014-09-08
Garlic, 1, 100-160,2014-09-08
Button Mushrooms, 1, 180,2014-09-08
Papaya, 1, 20,2014-09-08
SavSav, 1, 24,2014-09-08
