Commodity, Weight in Kg, Price in Rs,Date
Brinjal, 1, 36,2014-05-17
Tomotto ottu, 1, 20,2014-05-17
LadyFinger, 1, 24,2014-05-17
SnakeGuard, 1, 30,2014-05-17
BitterGourd, 1, 34,2014-05-17
Bottlegourd, 1, 14,2014-05-17
Pumpkin, 1, 16,2014-05-17
Bean, 1, 68,2014-05-17
ClusterBeans, 1, 16,2014-05-17
Red Chillies, 1, 40,2014-05-17
Onion, 1, 24,2014-05-17
Pallari, 1, 18,2014-05-17
Ginger, 1, 145,2014-05-17
Potato, 1, 30,2014-05-17
Radish, 1, 14,2014-05-17
Mango, 1, 18,2014-05-17
Cabbage, 1, 18,2014-05-17
Carrot, 1, 32,2014-05-17
Beetroot, 1, 24,2014-05-17
Soybeans, 1, 110,2014-05-17
Drumstickbeans, 1, 50,2014-05-17
butterbeans, 1, –,2014-05-17
Banana nut, 1 piece, 04,2014-05-17
Banana stem, 1, 08,2014-05-17
BananaFlower, 1, 06,2014-05-17
Curry leaves, 1, 40,2014-05-17
Coriander leaves, 1, 30,2014-05-17
Mint, 1, 25,2014-05-17
GreensLeaves, 1, 8,2014-05-17
Garlic, 1, 80-120,2014-05-17
ButtonMushrooms, 1, 180,2014-05-17
Papaya, 1, 20,2014-05-17
SavSav, 1, 30,2014-05-17
