Commodity, Weight in Kg, Price in Rs,Date
Brinjal, 1, 46,2014-12-07
Tomotto ottu, 1, 30,2014-12-07
Ladys Finger, 1, 36,2014-12-07
Snake Guard, 1, 32,2014-12-07
Bitter Gourd, 1, 30,2014-12-07
Bottle gourd, 1, 10,2014-12-07
Pumpkin, 1, 18,2014-12-07
Bean, 1, 46,2014-12-07
Cluster Beans, 1, 20,2014-12-07
Red Chilies, 1, 44,2014-12-07
Onion, 1, 36,2014-12-07
Pallari, 1, 26,2014-12-07
Ginger, 1, –,2014-12-07
Potato, 1, 35,2014-12-07
Radish, 1, 30,2014-12-07
Mango, 1, –,2014-12-07
Cabbage, 1, 24,2014-12-07
Carrot, 1, 40,2014-12-07
Beetroot, 1, 34,2014-12-07
Soybeans, 1, 80,2014-12-07
Drumstick beans, 1, 55,2014-12-07
butter beans, 1, –,2014-12-07
Banana nut, 1 piece, 4,2014-12-07
Banana stem, 1, 10,2014-12-07
Banana Flower, 1, 12,2014-12-07
Curry leaves, 1, 30,2014-12-07
Coriander leaves, 1, 30,2014-12-07
Mint, 1, 20,2014-12-07
Greens Leaves, 1, 12,2014-12-07
Garlic, 1, 100-130,2014-12-07
Button Mushrooms, 1, 180,2014-12-07
Papaya, 1, 20,2014-12-07
SavSav, 1, 28,2014-12-07
