Commodity, Weight in Kg, Price in Rs,Date
Brinjal, 1, 24,2014-05-27
Tomotto ottu, 1, 14,2014-05-27
LadyFinger, 1, 20,2014-05-27
SnakeGuard, 1, 24,2014-05-27
BitterGourd, 1, 34,2014-05-27
Bottlegourd, 1, 12,2014-05-27
Pumpkin, 1, 14,2014-05-27
Bean, 1, 60,2014-05-27
ClusterBeans, 1, 20,2014-05-27
Red Chillies, 1, 50,2014-05-27
Onion, 1, 24,2014-05-27
Pallari, 1, 18,2014-05-27
Ginger, 1, 125,2014-05-27
Potato, 1, 30,2014-05-27
Radish, 1, 18,2014-05-27
Mango, 1, 16,2014-05-27
Cabbage, 1, 16,2014-05-27
Carrot, 1, 30,2014-05-27
Beetroot, 1, 24,2014-05-27
Soybeans, 1, 110,2014-05-27
Drumstickbeans, 1, 54,2014-05-27
butterbeans, 1, –,2014-05-27
Banana nut, 1 piece, 04,2014-05-27
Banana stem, 1, 8,2014-05-27
BananaFlower, 1, 8,2014-05-27
Curry leaves, 1, 40,2014-05-27
Coriander leaves, 1, 35,2014-05-27
Mint, 1, 30,2014-05-27
GreensLeaves, 1, 10,2014-05-27
Garlic, 1, 100-120,2014-05-27
ButtonMushrooms, 1, 188,2014-05-27
Papaya, 1, 26,2014-05-27
SavSav, 1, 30,2014-05-27
