Commodity, Weight in Kg, Price in Rs,Date
Brinjal, 1, 28,2014-05-06
Tomotto ottu, 1, 12,2014-05-06
LadyFinger, 1, 24,2014-05-06
SnakeGuard, 1, 34,2014-05-06
BitterGourd, 1, 32,2014-05-06
Bottlegourd, 1, 12,2014-05-06
Pumpkin, 1, 16,2014-05-06
Bean, 1, 46,2014-05-06
ClusterBeans, 1, 18,2014-05-06
Red Chillies, 1, 50,2014-05-06
Onion, 1, 24,2014-05-06
Pallari, 1, 20,2014-05-06
Ginger, 1, 130,2014-05-06
Potato, 1, 28,2014-05-06
Radish, 1, 16,2014-05-06
Mango, 1, 16,2014-05-06
Cabbage, 1, 16,2014-05-06
Carrot, 1, 28,2014-05-06
Beetroot, 1, 26,2014-05-06
Soybeans, 1, 110,2014-05-06
Drumstickbeans, 1, 34,2014-05-06
butterbeans, 1, –,2014-05-06
Banana nut, 1 piece, 03,2014-05-06
Banana stem, 1, 08,2014-05-06
BananaFlower, 1, 08,2014-05-06
Curry leaves, 1, 30,2014-05-06
Coriander leaves, 1, 40,2014-05-06
Mint, 1, 30,2014-05-06
GreensLeaves, 1, 10,2014-05-06
Garlic, 1, 100-120,2014-05-06
ButtonMushrooms, 1, 190,2014-05-06
Papaya, 1, 26,2014-05-06
SavSav, 1, 32,2014-05-06
