Commodity, Weight in Kg, Price in Rs,Date
Brinjal, 1, 24,2014-04-23
Tomotto ottu, 1, 12,2014-04-23
LadyFinger, 1, 24,2014-04-23
SnakeGuard, 1, 30,2014-04-23
BitterGourd, 1, 32,2014-04-23
Bottlegourd, 1, 12,2014-04-23
Pumpkin, 1, 16,2014-04-23
Bean, 1, 54,2014-04-23
ClusterBeans, 1, 26,2014-04-23
Red Chillies, 1, 40,2014-04-23
Onion, 1, 24,2014-04-23
Pallari, 1, 18,2014-04-23
Ginger, 1, 120,2014-04-23
Potato, 1, 28,2014-04-23
Radish, 1, 12,2014-04-23
Mango, 1, 24,2014-04-23
Cabbage, 1, 12,2014-04-23
Carrot, 1, 14,2014-04-23
Beetroot, 1, 20,2014-04-23
Soybeans, 1, 90,2014-04-23
Drumstickbeans, 1, 56,2014-04-23
butterbeans, 1, –,2014-04-23
Banana nut, 1 piece, 03,2014-04-23
Banana stem, 1, 08,2014-04-23
BananaFlower, 1, 08,2014-04-23
Curry leaves, 1, 30,2014-04-23
Coriander leaves, 1, 35,2014-04-23
Mint, 1, 30,2014-04-23
GreensLeaves, 1, 10,2014-04-23
Garlic, 1, 100-120,2014-04-23
ButtonMushrooms, 1, 188,2014-04-23
Papaya, 1, 24,2014-04-23
SavSav, 1, 30,2014-04-23
