Commodity, Weight in Kg, Price in Rs,Date
Brinjal/கத்தரிக்காய், 1, 48,2014-02-11
Tomotto ottu/தக்காளி ஒட்டு, 1, 08,2014-02-11
LadyFinger/வெண்டைக்காய், 1, 40,2014-02-11
SnakeGuard/புடலங்காய், 1, 24,2014-02-11
BitterGourd/பாகற்காய், 1, 30,2014-02-11
Bottlegourd/சுரைக்காய், 1, 16,2014-02-11
Pumpkin/பூசணிக்காய், 1, 16,2014-02-11
Bean/அவரை, 1, 34,2014-02-11
ClusterBeans/கொத்தவரை, 1, 18,2014-02-11
Red Chillies/குண்டு மிளகாய், 1, 30,2014-02-11
Onion/வெங்காயம், 1, 22,2014-02-11
Pallari/பல்லாரி, 1, 18,2014-02-11
Ginger/இஞ்சி, 1, 100,2014-02-11
Potato/உருளைக்கிழங்கு, 1, 26,2014-02-11
Radish/முள்ளங்கி, 1, 18,2014-02-11
Mango/மாங்காய், 1, 34,2014-02-11
Cabbage/முட்டைக்கோஸ், 1, 14,2014-02-11
Carrot/கேரட், 1, 20,2014-02-11
Beetroot/பீட்ரூட், 1, 24,2014-02-11
Soybeans/சோயாபீன்ஸ், 1, 64,2014-02-11
Drumstickbeans/முருங்கைபீன்ஸ், 1, 34,2014-02-11
butterbeans/பட்டர்பீன்ஸ், 1, 70,2014-02-11
Banana nut/வாழைக்காய், 1 piece, 04,2014-02-11
Banana stem/வாழைத்தண்டு, 1, 10,2014-02-11
BananaFlower/வாழைப்பூ, 1, 10,2014-02-11
Curry leaves/கருவேப்பிலை, 1, 30,2014-02-11
Coriander leaves/மல்லி இலை, 1, 40,2014-02-11
Mint/புதினா, 1, 30,2014-02-11
GreensLeaves/கீரைக்கட்டு, 1, 08,2014-02-11
Garlic/பூண்டு, 1, 120-140,2014-02-11
ButtonMushrooms/ பட்டன்காளான், 1, 190,2014-02-11
Papaya/ பப்பாளிப்பழம், 1, 24,2014-02-11
SavSav/ சவ்சவ், 1, 20,2014-02-11
