Commodity, Weight in Kg, Price in Rs,Date
Brinjal, 1, 34,2014-08-14
Tomotto ottu, 1, 38,2014-08-14
Ladys Finger, 1, 28,2014-08-14
Snake Guard, 1, 20,2014-08-14
Bitter Gourd, 1, 40,2014-08-14
Bottle gourd, 1, 14,2014-08-14
Pumpkin, 1, 20,2014-08-14
Bean, 1, 36,2014-08-14
Cluster Beans, 1, 20,2014-08-14
Red Chilies, 1, 36,2014-08-14
Onion, 1, 32,2014-08-14
Pallari, 1, 30,2014-08-14
Ginger, 1, 140,2014-08-14
Potato, 1, 40,2014-08-14
Radish, 1, 14,2014-08-14
Mango, 1, –,2014-08-14
Cabbage, 1, 20,2014-08-14
Carrot, 1, 46,2014-08-14
Beetroot, 1, 46,2014-08-14
Soybeans, 1, 70,2014-08-14
Drumstick beans, 1, 60,2014-08-14
butter beans, 1, –,2014-08-14
Banana nut, 1 piece, 4,2014-08-14
Banana stem, 1, 8,2014-08-14
Banana Flower, 1, 6,2014-08-14
Curry leaves, 1, 20,2014-08-14
Coriander leaves, 1, 25,2014-08-14
Mint, 1, 20,2014-08-14
Greens Leaves, 1, 10,2014-08-14
Garlic, 1, 60-140,2014-08-14
Button Mushrooms, 1, 180,2014-08-14
Papaya, 1, 24,2014-08-14
SavSav, 1, 36,2014-08-14
