Commodity, Weight in Kg, Price in Rs,Date
Brinjal, 1, 38,2014-10-07
Tomotto ottu, 1, 13,2014-10-07
Ladys Finger, 1, 20,2014-10-07
Snake Guard, 1, 16,2014-10-07
Bitter Gourd, 1, 20,2014-10-07
Bottle gourd, 1, 8,2014-10-07
Pumpkin, 1, 16,2014-10-07
Bean, 1, 46,2014-10-07
Cluster Beans, 1, 18,2014-10-07
Red Chilies, 1, 32,2014-10-07
Onion, 1, 24,2014-10-07
Pallari, 1, 20,2014-10-07
Ginger, 1, –,2014-10-07
Potato, 1, 40,2014-10-07
Radish, 1, 16,2014-10-07
Mango, 1, –,2014-10-07
Cabbage, 1, 18,2014-10-07
Carrot, 1, 38,2014-10-07
Beetroot, 1, 20,2014-10-07
Soybeans, 1, 74,2014-10-07
Drumstick beans, 1, 34,2014-10-07
butter beans, 1, –,2014-10-07
Banana nut, 1 piece, 4,2014-10-07
Banana stem, 1, 7,2014-10-07
Banana Flower, 1, 8,2014-10-07
Curry leaves, 1, 15,2014-10-07
Coriander leaves, 1, 30,2014-10-07
Mint, 1, 10,2014-10-07
Greens Leaves, 1, 10,2014-10-07
Garlic, 1, 100-160,2014-10-07
Button Mushrooms, 1, 194,2014-10-07
Papaya, 1, 20,2014-10-07
SavSav, 1, 18,2014-10-07
