Commodity, Weight in Kg, Price in Rs,Date
Brinjal, 1, 30,2014-08-22
Tomotto ottu, 1, 34,2014-08-22
Ladys Finger, 1, 18,2014-08-22
Snake Guard, 1, 16,2014-08-22
Bitter Gourd, 1, 30,2014-08-22
Bottle gourd, 1, 12,2014-08-22
Pumpkin, 1, 14,2014-08-22
Bean, 1, 20,2014-08-22
Cluster Beans, 1, 14,2014-08-22
Red Chilies, 1, 30,2014-08-22
Onion, 1, 28,2014-08-22
Pallari, 1, 30,2014-08-22
Ginger, 1, 140,2014-08-22
Potato, 1, 36,2014-08-22
Radish, 1, 12,2014-08-22
Mango, 1, –,2014-08-22
Cabbage, 1, 20,2014-08-22
Carrot, 1, 32,2014-08-22
Beetroot, 1, 36,2014-08-22
Soybeans, 1, 64,2014-08-22
Drumstick beans, 1, 54,2014-08-22
butter beans, 1, –,2014-08-22
Banana nut, 1 piece, 4,2014-08-22
Banana stem, 1, 8,2014-08-22
Banana Flower, 1, 6,2014-08-22
Curry leaves, 1, 15,2014-08-22
Coriander leaves, 1, 40,2014-08-22
Mint, 1, 40,2014-08-22
Greens Leaves, 1, 8,2014-08-22
Garlic, 1, 60-140,2014-08-22
Button Mushrooms, 1, 180,2014-08-22
Papaya, 1, 20,2014-08-22
SavSav, 1, 34,2014-08-22
