Commodity, Weight in Kg, Price in Rs,Date
Brinjal, 1, 20,2014-05-29
Tomotto ottu, 1, 14,2014-05-29
LadyFinger, 1, 18,2014-05-29
SnakeGuard, 1, 14,2014-05-29
BitterGourd, 1, 34,2014-05-29
Bottlegourd, 1, 12,2014-05-29
Pumpkin, 1, 16,2014-05-29
Bean, 1, 64,2014-05-29
ClusterBeans, 1, 16,2014-05-29
Red Chillies, 1, 36,2014-05-29
Onion, 1, 24,2014-05-29
Pallari, 1, 20,2014-05-29
Ginger, 1, 140,2014-05-29
Potato, 1, 30,2014-05-29
Radish, 1, 18,2014-05-29
Mango, 1, 16,2014-05-29
Cabbage, 1, 18,2014-05-29
Carrot, 1, 32,2014-05-29
Beetroot, 1, 26,2014-05-29
Soybeans, 1, 110,2014-05-29
Drumstickbeans, 1, 58,2014-05-29
butterbeans, 1, –,2014-05-29
Banana nut, 1 piece, 04,2014-05-29
Banana stem, 1, 10,2014-05-29
BananaFlower, 1, 6,2014-05-29
Curry leaves, 1, 40,2014-05-29
Coriander leaves, 1, 30,2014-05-29
Mint, 1, 25,2014-05-29
GreensLeaves, 1, 10,2014-05-29
Garlic, 1, 60-140,2014-05-29
ButtonMushrooms, 1, 180,2014-05-29
Papaya, 1, 20,2014-05-29
SavSav, 1, 30,2014-05-29
