Commodity, Weight in Kg, Price in Rs
Brinjal / Kathari, 1, 32
Tomotto ottu / Thakkali Ottu, 1, 18
Lady’s Finger / Venda Kai, 1, 34
Snake Guard / Pudalai, 1, 16
Bitter Gourd / Pakar kai, 1, 30
Bottle gourd / Sura kai, 1, 8
Pumpkin / Pusani kai, 1, 16
Beans / Avarai Kai, 1, 50
Cluster Beans / Kothavarai, 1, 24
Red Chilies / Kundu Milagai, 1, 40
Small Onion / Chinna Vengayam, 1, 46
Big Onion / Pallari, 1, 48
Ginger /  Inji, 1, –
Potato / Urulai Kelangu, 1, 30
Radish / Mulangi, 1, 20
Mango / Maa, 1, –
Cabbage / Mutta Kose, 1, 20
Carrot, 1, 40
Beetroot, 1, 16
Soya Beans, 1, 70
Drumstick Beans / Murungai Beans, 1, 40
Butter beans, 1, –
Banana nut / Vala kai, 1 piece, 4
Banana stem / Vala Thandu, 1, 10
Banana Flower / Vala Poo, 1, 12
Curry leaves / Karu Vepilai, 1, 20
Coriander leaves / Malli Ilai, 1, 40
Mint / Puthina, 1, 30
Greens Leaves / Keerai Kattu, 1, 12
Garlic / Poondu, 1, 100
Button Mushrooms / Button Kaalan, 1, 200
Papaya / Papali, 1, 20
Sav Sav, 1, 20
Sapotta, 1, 24
