Commodity, Weight in Kg, Price in Rs,Date
Brinjal / Kathari, 1, 40,2016-12-01
Tomotto ottu / Thakkali Ottu, 1, 7,2016-12-01
Lady’s Finger / Venda Kai, 1, 20,2016-12-01
Snake Guard / Pudalai, 1, 14,2016-12-01
Bitter Gourd / Pakar kai, 1, 20,2016-12-01
Bottle gourd / Sura kai, 1, 8,2016-12-01
Pumpkin / Pusani kai, 1, 20,2016-12-01
Beans / Avarai Kai, 1, 28,2016-12-01
Cluster Beans / Kothavarai, 1, 20,2016-12-01
Red Chilies / Kundu Milagai, 1, 24,2016-12-01
Small Onion / Chinna Vengayam, 1, 22,2016-12-01
Big Onion / Pallari, 1, 18,2016-12-01
Ginger / Inji, 1, –,2016-12-01
Potato / Urulai Kelangu, 1, 32,2016-12-01
Radish / Mulangi, 1, 16,2016-12-01
Mango / Maa, 1, –,2016-12-01
Cabbage / Mutta Kose, 1, 18,2016-12-01
Carrot, 1, 26,2016-12-01
Beetroot, 1, 26,2016-12-01
Soya Beans, 1, 120,2016-12-01
Drumstick Beans / Murungai Beans, 1, 40,2016-12-01
Butter beans, 1, –,2016-12-01
Banana nut / Vala kai, 1 piece, 5,2016-12-01
Banana stem / Vala Thandu, 1, 10,2016-12-01
Banana Flower / Vala Poo, 1, 10,2016-12-01
Curry leaves / Karu Vepilai, 1, 20,2016-12-01
Coriander leaves / Malli Ilai, 1, 15,2016-12-01
Mint / Puthina, 1, 15,2016-12-01
Greens Leaves / Keerai Kattu, 1, 10,2016-12-01
Garlic / Poondu, 1, –,2016-12-01
Button Mushrooms / Button Kaalan, 1, –,2016-12-01
Papaya / Papali, 1, 25,2016-12-01
Sav Sav, 1, 20,2016-12-01
Sapotta, 1, –,2016-12-01
Puli / Tamarind, 1, 80,2016-12-01
