Commodity, Weight in Kg, Price in Rs,Date
Brinjal / Kathari, 1, 44,2016-12-28
Tomotto ottu / Thakkali Ottu, 1, 8,2016-12-28
Lady’s Finger / Venda Kai, 1, 18,2016-12-28
Snake Guard / Pudalai, 1, 14,2016-12-28
Bitter Gourd / Pakar kai, 1, 24,2016-12-28
Bottle gourd / Sura kai, 1, 8,2016-12-28
Pumpkin / Pusani kai, 1, 20,2016-12-28
Beans / Avarai Kai, 1, 28,2016-12-28
Cluster Beans / Kothavarai, 1, 16,2016-12-28
Red Chilies / Kundu Milagai, 1, 40,2016-12-28
Small Onion / Chinna Vengayam, 1, 25,2016-12-28
Big Onion / Pallari, 1, 20,2016-12-28
Ginger / Inji, 1, –,2016-12-28
Potato / Urulai Kelangu, 1, 28,2016-12-28
Radish / Mulangi, 1, 12,2016-12-28
Mango / Maa, 1, –,2016-12-28
Cabbage / Mutta Kose, 1, 16,2016-12-28
Carrot, 1, 24,2016-12-28
Beetroot, 1, 20,2016-12-28
Soya Beans, 1, 150,2016-12-28
Drumstick Beans / Murungai Beans, 1, 30,2016-12-28
Butter beans, 1, –,2016-12-28
Banana nut / Vala kai, 1 piece, 5,2016-12-28
Banana stem / Vala Thandu, 1, 10,2016-12-28
Banana Flower / Vala Poo, 1, 10,2016-12-28
Curry leaves / Karu Vepilai, 1, 20,2016-12-28
Coriander leaves / Malli Ilai, 1, 15,2016-12-28
Mint / Puthina, 1, 15,2016-12-28
Greens Leaves / Keerai Kattu, 1, 12,2016-12-28
Garlic / Poondu, 1, –,2016-12-28
Button Mushrooms / Button Kaalan, 1, –,2016-12-28
Papaya / Papali, 1, 25,2016-12-28
Sav Sav, 1, 20,2016-12-28
Sapotta, 1, –,2016-12-28
Puli / Tamarind, 1, 60,2016-12-28
