Commodity, Weight in Kg, Price in Rs,Date
Brinjal/கத்தரிக்காய், 1, 40,2013-11-19
Tomotto ottu/தக்காளி ஒட்டு, 1, 44,2013-11-19
LadyFinger/வெண்டைக்காய், 1, 20,2013-11-19
SnakeGuard/புடலங்காய், 1, 18,2013-11-19
BitterGourd/பாகற்காய், 1, 28,2013-11-19
Bottlegourd/சுரைக்காய், 1, 14,2013-11-19
Pumpkin/பூசணிக்காய், 1, 16,2013-11-19
Bean/அவரை, 1, 40,2013-11-19
ClusterBeans/கொத்தவரை, 1, 26,2013-11-19
Red Chillies/குண்டு மிளகாய், 1, 28,2013-11-19
Onion/வெங்காயம், 1, 74,2013-11-19
Pallari/பல்லாரி, 1, 60,2013-11-19
Ginger/இஞ்சி, 1, 90,2013-11-19
Potato/உருளைக்கிழங்கு, 1, 40,2013-11-19
Radish/முள்ளங்கி, 1, 20,2013-11-19
Mango/மாங்காய், 1, 70,2013-11-19
Cabbage/முட்டைக்கோஸ், 1, 28,2013-11-19
Carrot/கேரட், 1, 50,2013-11-19
Beetroot/பீட்ரூட், 1, 26,2013-11-19
Soybeans/சோயாபீன்ஸ், 1, 80,2013-11-19
Drumstickbeans/முருங்கைபீன்ஸ், 1, 36,2013-11-19
butterbeans/பட்டர்பீன்ஸ், 1, 90,2013-11-19
Banana nut/வாழைக்காய், 1 piece, 04,2013-11-19
Banana stem/வாழைத்தண்டு, 1, 10,2013-11-19
BananaFlower/வாழைப்பூ, 1, 10,2013-11-19
Curry leaves/கருவேப்பிலை, 1, 20,2013-11-19
Coriander leaves/மல்லி இலை, 1, 40,2013-11-19
Mint/புதினா, 1, 30,2013-11-19
GreensLeaves/கீரைக்கட்டு, 1, 10,2013-11-19
Garlic/பூண்டு, 1, 100 to 140,2013-11-19
ButtonMushrooms/ பட்டன்காளான், 1, 188,2013-11-19
Papaya/ பப்பாளிப்பழம், 1, 20,2013-11-19
SavSav/ சவ்சவ், 1, 26,2013-11-19
