Commodity, Weight in Kg, Price in Rs,Date
Brinjal/கத்தரிக்காய்,1, 40,2013-09-29
Tomotto ottu/தக்காளி ஒட்டு,1, 15,2013-09-29
LadyFinger/வெண்டைக்காய்,1, 14,2013-09-29
SnakeGuard/புடலங்காய்,1, 18,2013-09-29
BitterGourd/பாகற்காய்,1, 30,2013-09-29
Bottlegourd/சுரைக்காய்,1, 8,2013-09-29
Pumpkin/பூசணிக்காய்,1, 14,2013-09-29
Bean/அவரை,1, 40,2013-09-29
ClusterBeans/கொத்தவரை,1, 18,2013-09-29
Red Chillies/குண்டு மிளகாய்,1, 26,2013-09-29
Onion/வெங்காயம்,1, 55,2013-09-29
Pallari/பல்லாரி,1, 50,2013-09-29
Ginger/இஞ்சி,1, 100,2013-09-29
Potato/உருளைக்கிழங்கு,1, 20,2013-09-29
Radish/முள்ளங்கி,1, 16,2013-09-29
Mango/மாங்காய்,1, 68,2013-09-29
Cabbage/முட்டைக்கோஸ்,1, 20,2013-09-29
Carrot/கேரட்,1, 30,2013-09-29
Beetroot/பீட்ரூட்,1, 24,2013-09-29
Soybeans/சோயாபீன்ஸ்,1, 74,2013-09-29
Drumstickbeans/முருங்கைபீன்ஸ்,1, 40,2013-09-29
butterbeans/பட்டர்பீன்ஸ்,1, 70,2013-09-29
Banana nut/வாழைக்காய்,1, 4,2013-09-29
Banana stem/வாழைத்தண்டு,1, 8,2013-09-29
BananaFlower/வாழைப்பூ,1, 8,2013-09-29
Curry leaves/கருவேப்பிலை,1, 20,2013-09-29
Coriander leaves/மல்லி இலை,1, 30,2013-09-29
Mint/புதினா,1, 35,2013-09-29
GreensLeaves/கீரைக்கட்டு,1, 08,2013-09-29
Garlic/பூண்டு,1, 100 to 120,2013-09-29
ButtonMushrooms/ பட்டன்காளான்,1, 188,2013-09-29
Papaya/ பப்பாளிப்பழம்,1, 20,2013-09-29
SavSav/ சவ்சவ்,1, 24,2013-09-29
