Commodity, Weight in Kg, Price in Rs,Date
Brinjal/கத்தரிக்காய்,1, 46,2013-10-15
Tomotto ottu/தக்காளி ஒட்டு,1, 28,2013-10-15
LadyFinger/வெண்டைக்காய்,1, 26,2013-10-15
SnakeGuard/புடலங்காய்,1, 26,2013-10-15
BitterGourd/பாகற்காய்,1, 36,2013-10-15
Bottlegourd/சுரைக்காய்,1, 16,2013-10-15
Pumpkin/பூசணிக்காய்,1, 18,2013-10-15
Bean/அவரை,1, 56,2013-10-15
ClusterBeans/கொத்தவரை,1, 24,2013-10-15
Red Chillies/குண்டு மிளகாய்,1, 36,2013-10-15
Onion/வெங்காயம்,1, 65,2013-10-15
Pallari/பல்லாரி,1, 55,2013-10-15
Ginger/இஞ்சி,1, 100,2013-10-15
Potato/உருளைக்கிழங்கு,1, 24,2013-10-15
Radish/முள்ளங்கி,1, 20,2013-10-15
Mango/மாங்காய்,1, 60,2013-10-15
Cabbage/முட்டைக்கோஸ்,1, 18,2013-10-15
Carrot/கேரட்,1, 42,2013-10-15
Beetroot/பீட்ரூட்,1, 26,2013-10-15
Soybeans/சோயாபீன்ஸ்,1, 82,2013-10-15
Drumstickbeans/முருங்கைபீன்ஸ்,1, 46,2013-10-15
butterbeans/பட்டர்பீன்ஸ்,1, 84,2013-10-15
Banana nut/வாழைக்காய்,1, 10,2013-10-15
Banana stem/வாழைத்தண்டு,1, 10,2013-10-15
BananaFlower/வாழைப்பூ,1, 08,2013-10-15
Curry leaves/கருவேப்பிலை,1, 20,2013-10-15
Coriander leaves/மல்லி இலை,1, 50,2013-10-15
Mint/புதினா,1, 30,2013-10-15
GreensLeaves/கீரைக்கட்டு,1, 08,2013-10-15
Garlic/பூண்டு,1, 100 to 130,2013-10-15
ButtonMushrooms/ பட்டன்காளான்,1, 190,2013-10-15
Papaya/ பப்பாளிப்பழம்,1, 20,2013-10-15
SavSav/ சவ்சவ்,1, 28,2013-10-15
