Commodity, Weight in Kg, Price in Rs,Date
Brinjal/கத்தரிக்காய், 1, 40,2013-11-18
Tomotto ottu/தக்காளி ஒட்டு, 1, 44,2013-11-18
LadyFinger/வெண்டைக்காய், 1, 20,2013-11-18
SnakeGuard/புடலங்காய், 1, 20,2013-11-18
BitterGourd/பாகற்காய், 1, 28,2013-11-18
Bottlegourd/சுரைக்காய், 1, 12,2013-11-18
Pumpkin/பூசணிக்காய், 1, 18,2013-11-18
Bean/அவரை, 1, 42,2013-11-18
ClusterBeans/கொத்தவரை, 1, 24,2013-11-18
Red Chillies/குண்டு மிளகாய், 1, 30,2013-11-18
Onion/வெங்காயம், 1, 74,2013-11-18
Pallari/பல்லாரி, 1, 60,2013-11-18
Ginger/இஞ்சி, 1, 90,2013-11-18
Potato/உருளைக்கிழங்கு, 1, 40,2013-11-18
Radish/முள்ளங்கி, 1, 20,2013-11-18
Mango/மாங்காய், 1, 70,2013-11-18
Cabbage/முட்டைக்கோஸ், 1, 26,2013-11-18
Carrot/கேரட், 1, 50,2013-11-18
Beetroot/பீட்ரூட், 1, 24,2013-11-18
Soybeans/சோயாபீன்ஸ், 1, 80,2013-11-18
Drumstickbeans/முருங்கைபீன்ஸ், 1, 34,2013-11-18
butterbeans/பட்டர்பீன்ஸ், 1, 90,2013-11-18
Banana nut/வாழைக்காய், 1 piece, 04,2013-11-18
Banana stem/வாழைத்தண்டு, 1, 8,2013-11-18
BananaFlower/வாழைப்பூ, 1, 8,2013-11-18
Curry leaves/கருவேப்பிலை, 1, 20,2013-11-18
Coriander leaves/மல்லி இலை, 1, 40,2013-11-18
Mint/புதினா, 1, 30,2013-11-18
GreensLeaves/கீரைக்கட்டு, 1, 10,2013-11-18
Garlic/பூண்டு, 1, 100 to 130,2013-11-18
ButtonMushrooms/ பட்டன்காளான், 1, 190,2013-11-18
Papaya/ பப்பாளிப்பழம், 1, 20,2013-11-18
SavSav/ சவ்சவ், 1, 24,2013-11-18
