Commodity, Weight in Kg, Price in Rs,Date
Brinjal/கத்தரிக்காய்,1, 36,2013-10-04
Tomotto ottu/தக்காளி ஒட்டு,1, 16,2013-10-04
LadyFinger/வெண்டைக்காய்,1, 16,2013-10-04
SnakeGuard/புடலங்காய்,1, 18,2013-10-04
BitterGourd/பாகற்காய்,1, 28,2013-10-04
Bottlegourd/சுரைக்காய்,1, 08,2013-10-04
Pumpkin/பூசணிக்காய்,1, 12,2013-10-04
Bean/அவரை,1, 26,2013-10-04
ClusterBeans/கொத்தவரை,1, 16,2013-10-04
Red Chillies/குண்டு மிளகாய்,1, 26,2013-10-04
Onion/வெங்காயம்,1, 58,2013-10-04
Pallari/பல்லாரி,1, 50,2013-10-04
Ginger/இஞ்சி,1, 100,2013-10-04
Potato/உருளைக்கிழங்கு,1, 20,2013-10-04
Radish/முள்ளங்கி,1, 18,2013-10-04
Mango/மாங்காய்,1, 68,2013-10-04
Cabbage/முட்டைக்கோஸ்,1, 22,2013-10-04
Carrot/கேரட்,1, 38,2013-10-04
Beetroot/பீட்ரூட்,1, 24,2013-10-04
Soybeans/சோயாபீன்ஸ்,1, 68,2013-10-04
Drumstickbeans/முருங்கைபீன்ஸ்,1, 46,2013-10-04
butterbeans/பட்டர்பீன்ஸ்,1, 74,2013-10-04
Banana nut/வாழைக்காய்,1, 03,2013-10-04
Banana stem/வாழைத்தண்டு,1, 07,2013-10-04
BananaFlower/வாழைப்பூ,1, 07,2013-10-04
Curry leaves/கருவேப்பிலை,1, 20,2013-10-04
Coriander leaves/மல்லி இலை,1, 40,2013-10-04
Mint/புதினா,1, 30,2013-10-04
GreensLeaves/கீரைக்கட்டு,1, 08,2013-10-04
Garlic/பூண்டு,1, 100 to 120,2013-10-04
ButtonMushrooms/ பட்டன்காளான்,1, 190,2013-10-04
Papaya/ பப்பாளிப்பழம்,1, 20,2013-10-04
SavSav/ சவ்சவ்,1, 24,2013-10-04
