Commodity, Weight in Kg, Price in Rs,Date
Brinjal/கத்தரிக்காய், 1, 34,2013-12-12
Tomotto ottu/தக்காளி ஒட்டு, 1, 24,2013-12-12
LadyFinger/வெண்டைக்காய், 1, 20,2013-12-12
SnakeGuard/புடலங்காய், 1, 18,2013-12-12
BitterGourd/பாகற்காய், 1, 20,2013-12-12
Bottlegourd/சுரைக்காய், 1, 10,2013-12-12
Pumpkin/பூசணிக்காய், 1, 12,2013-12-12
Bean/அவரை, 1, 34,2013-12-12
ClusterBeans/கொத்தவரை, 1, 20,2013-12-12
Red Chillies/குண்டு மிளகாய், 1, 30,2013-12-12
Onion/வெங்காயம், 1, 50,2013-12-12
Pallari/பல்லாரி, 1, 30,2013-12-12
Ginger/இஞ்சி, 1, 80,2013-12-12
Potato/உருளைக்கிழங்கு, 1, 26,2013-12-12
Radish/முள்ளங்கி, 1, 16,2013-12-12
Mango/மாங்காய், 1, 40,2013-12-12
Cabbage/முட்டைக்கோஸ், 1, 18,2013-12-12
Carrot/கேரட், 1, 26,2013-12-12
Beetroot/பீட்ரூட், 1, 22,2013-12-12
Soybeans/சோயாபீன்ஸ், 1, 70,2013-12-12
Drumstickbeans/முருங்கைபீன்ஸ், 1, 32,2013-12-12
butterbeans/பட்டர்பீன்ஸ், 1, 76,2013-12-12
Banana nut/வாழைக்காய், 1 piece, 03,2013-12-12
Banana stem/வாழைத்தண்டு, 1, 6,2013-12-12
BananaFlower/வாழைப்பூ, 1, 5,2013-12-12
Curry leaves/கருவேப்பிலை, 1, 15,2013-12-12
Coriander leaves/மல்லி இலை, 1, 30,2013-12-12
Mint/புதினா, 1, 20,2013-12-12
GreensLeaves/கீரைக்கட்டு, 1, 7,2013-12-12
Garlic/பூண்டு, 1, 80 to 120,2013-12-12
ButtonMushrooms/ பட்டன்காளான், 1, 180,2013-12-12
Papaya/ பப்பாளிப்பழம், 1, 20,2013-12-12
SavSav/ சவ்சவ், 1, 22,2013-12-12
