Commodity, Weight in Kg, Price in Rs,Date
Brinjal/கத்தரிக்காய்,1, 40,2013-09-21
Tomotto ottu/தக்காளி ஒட்டு,1, 16,2013-09-21
LadyFinger/வெண்டைக்காய்,1, 18,2013-09-21
SnakeGuard/புடலங்காய்,1, 20,2013-09-21
BitterGourd/பாகற்காய்,1, 34,2013-09-21
Bottlegourd/சுரைக்காய்,1, 12,2013-09-21
Pumpkin/பூசணிக்காய்,1, 14,2013-09-21
Bean/அவரை,1, 36,2013-09-21
ClusterBeans/கொத்தவரை,1, 18,2013-09-21
Red Chillies/குண்டு மிளகாய்,1, 60,2013-09-21
Onion/வெங்காயம்,1, 55,2013-09-21
Pallari/பல்லாரி,1, 50,2013-09-21
Ginger/இஞ்சி,1, 110,2013-09-21
Potato/உருளைக்கிழங்கு,1, 24,2013-09-21
Radish/முள்ளங்கி,1, 14,2013-09-21
Mango/மாங்காய்,1, 80,2013-09-21
Cabbage/முட்டைக்கோஸ்,1, 24,2013-09-21
Carrot/கேரட்,1, 34,2013-09-21
Beetroot/பீட்ரூட்,1, 28,2013-09-21
Soybeans/சோயாபீன்ஸ்,1, 70,2013-09-21
Drumstickbeans/முருங்கைபீன்ஸ்,1, 58,2013-09-21
butterbeans/பட்டர்பீன்ஸ்,1, 80,2013-09-21
Banana nut/வாழைக்காய்,1, 03,2013-09-21
Banana stem/வாழைத்தண்டு,1, 07,2013-09-21
BananaFlower/வாழைப்பூ,1, 07,2013-09-21
Curry leaves/கருவேப்பிலை,1, 20,2013-09-21
Coriander leaves/மல்லி இலை,1, 40,2013-09-21
Mint/புதினா,1, 30,2013-09-21
GreensLeaves/கீரைக்கட்டு,1, 08,2013-09-21
Garlic/பூண்டு,1, 100 to 120,2013-09-21
ButtonMushrooms/ பட்டன்காளான்,1, 188,2013-09-21
Papaya/ பப்பாளிப்பழம்,1, 24,2013-09-21
SavSav/ சவ்சவ்,1, 30,2013-09-21
