Commodity, Weight in Kg, Price in Rs,Date
Brinjal/கத்தரிக்காய், 1, 46,2013-12-31
Tomotto ottu/தக்காளி ஒட்டு, 1, 16,2013-12-31
LadyFinger/வெண்டைக்காய், 1, 20,2013-12-31
SnakeGuard/புடலங்காய், 1, 18,2013-12-31
BitterGourd/பாகற்காய், 1, 24,2013-12-31
Bottlegourd/சுரைக்காய், 1, 12,2013-12-31
Pumpkin/பூசணிக்காய், 1, 16,2013-12-31
Bean/அவரை, 1, 24,2013-12-31
ClusterBeans/கொத்தவரை, 1, 16,2013-12-31
Red Chillies/குண்டு மிளகாய், 1, 22,2013-12-31
Onion/வெங்காயம், 1, 30,2013-12-31
Pallari/பல்லாரி, 1, 25,2013-12-31
Ginger/இஞ்சி, 1, 120,2013-12-31
Potato/உருளைக்கிழங்கு, 1, 30,2013-12-31
Radish/முள்ளங்கி, 1, 20,2013-12-31
Mango/மாங்காய், 1, 40,2013-12-31
Cabbage/முட்டைக்கோஸ், 1, 16,2013-12-31
Carrot/கேரட், 1, 30,2013-12-31
Beetroot/பீட்ரூட், 1, 20,2013-12-31
Soybeans/சோயாபீன்ஸ், 1, 70,2013-12-31
Drumstickbeans/முருங்கைபீன்ஸ், 1, 36,2013-12-31
butterbeans/பட்டர்பீன்ஸ், 1, 80,2013-12-31
Banana nut/வாழைக்காய், 1 piece, 03,2013-12-31
Banana stem/வாழைத்தண்டு, 1, 10,2013-12-31
BananaFlower/வாழைப்பூ, 1, 10,2013-12-31
Curry leaves/கருவேப்பிலை, 1, 20,2013-12-31
Coriander leaves/மல்லி இலை, 1, 30,2013-12-31
Mint/புதினா, 1, 20,2013-12-31
GreensLeaves/கீரைக்கட்டு, 1, 07,2013-12-31
Garlic/பூண்டு, 1, 100 to 160,2013-12-31
ButtonMushrooms/ பட்டன்காளான், 1, 240,2013-12-31
Papaya/ பப்பாளிப்பழம், 1, 24,2013-12-31
SavSav/ சவ்சவ், 1, 16,2013-12-31
