Commodity, Weight in Kg, Price in Rs,Date
Brinjal/கத்தரிக்காய்,1, 40,2013-09-23
Tomotto ottu/தக்காளி ஒட்டு,1, 16,2013-09-23
LadyFinger/வெண்டைக்காய்,1, 18,2013-09-23
SnakeGuard/புடலங்காய்,1, 20,2013-09-23
BitterGourd/பாகற்காய்,1, 34,2013-09-23
Bottlegourd/சுரைக்காய்,1, 12,2013-09-23
Pumpkin/பூசணிக்காய்,1, 14,2013-09-23
Bean/அவரை,1, 38,2013-09-23
ClusterBeans/கொத்தவரை,1, 18,2013-09-23
Red Chillies/குண்டு மிளகாய்,1, 40,2013-09-23
Onion/வெங்காயம்,1, 60,2013-09-23
Pallari/பல்லாரி,1, 55,2013-09-23
Ginger/இஞ்சி,1, 110,2013-09-23
Potato/உருளைக்கிழங்கு,1, 26,2013-09-23
Radish/முள்ளங்கி,1, 16,2013-09-23
Mango/மாங்காய்,1, 70,2013-09-23
Cabbage/முட்டைக்கோஸ்,1, 26,2013-09-23
Carrot/கேரட்,1, 34,2013-09-23
Beetroot/பீட்ரூட்,1, 24,2013-09-23
Soybeans/சோயாபீன்ஸ்,1, 70,2013-09-23
Drumstickbeans/முருங்கைபீன்ஸ்,1, 56,2013-09-23
butterbeans/பட்டர்பீன்ஸ்,1, 78,2013-09-23
Banana nut/வாழைக்காய்,1, 4,2013-09-23
Banana stem/வாழைத்தண்டு,1, 8,2013-09-23
BananaFlower/வாழைப்பூ,1, 8,2013-09-23
Curry leaves/கருவேப்பிலை,1, 20,2013-09-23
Coriander leaves/மல்லி இலை,1, 35,2013-09-23
Mint/புதினா,1, 30,2013-09-23
GreensLeaves/கீரைக்கட்டு,1, 10,2013-09-23
Garlic/பூண்டு,1, 100 to 130,2013-09-23
ButtonMushrooms/ பட்டன்காளான்,1, 190,2013-09-23
Papaya/ பப்பாளிப்பழம்,1, 26,2013-09-23
SavSav/ சவ்சவ்,1, 32,2013-09-23
