Commodity, Weight in Kg, Price in Rs,Date
Brinjal/கத்தரிக்காய், 1, 40,2013-12-19
Tomotto ottu/தக்காளி ஒட்டு, 1, 18,2013-12-19
LadyFinger/வெண்டைக்காய், 1, 24,2013-12-19
SnakeGuard/புடலங்காய், 1, 20,2013-12-19
BitterGourd/பாகற்காய், 1, 26,2013-12-19
Bottlegourd/சுரைக்காய், 1, 10,2013-12-19
Pumpkin/பூசணிக்காய், 1, 12,2013-12-19
Bean/அவரை, 1, 36,2013-12-19
ClusterBeans/கொத்தவரை, 1, 16,2013-12-19
Red Chillies/குண்டு மிளகாய், 1, 28,2013-12-19
Onion/வெங்காயம், 1, 45,2013-12-19
Pallari/பல்லாரி, 1, 30,2013-12-19
Ginger/இஞ்சி, 1, 80,2013-12-19
Potato/உருளைக்கிழங்கு, 1, 34,2013-12-19
Radish/முள்ளங்கி, 1, 14,2013-12-19
Mango/மாங்காய், 1, 30,2013-12-19
Cabbage/முட்டைக்கோஸ், 1, 18,2013-12-19
Carrot/கேரட், 1, 28,2013-12-19
Beetroot/பீட்ரூட், 1, 16,2013-12-19
Soybeans/சோயாபீன்ஸ், 1, 70,2013-12-19
Drumstickbeans/முருங்கைபீன்ஸ், 1, 32,2013-12-19
butterbeans/பட்டர்பீன்ஸ், 1, 76,2013-12-19
Banana nut/வாழைக்காய், 1 piece, 03,2013-12-19
Banana stem/வாழைத்தண்டு, 1, 6,2013-12-19
BananaFlower/வாழைப்பூ, 1, 6,2013-12-19
Curry leaves/கருவேப்பிலை, 1, 15,2013-12-19
Coriander leaves/மல்லி இலை, 1, 25,2013-12-19
Mint/புதினா, 1, 20,2013-12-19
GreensLeaves/கீரைக்கட்டு, 1, 7,2013-12-19
Garlic/பூண்டு, 1, 60 to 140,2013-12-19
ButtonMushrooms/ பட்டன்காளான், 1, 180,2013-12-19
Papaya/ பப்பாளிப்பழம், 1, 20,2013-12-19
SavSav/ சவ்சவ், 1, 18,2013-12-19
