Commodity, Weight in Kg, Price in Rs,Date
Brinjal/கத்தரிக்காய், 1, 36,2013-12-11
Tomotto ottu/தக்காளி ஒட்டு, 1, 20,2013-12-11
LadyFinger/வெண்டைக்காய், 1, 20,2013-12-11
SnakeGuard/புடலங்காய், 1, 18,2013-12-11
BitterGourd/பாகற்காய், 1, 24,2013-12-11
Bottlegourd/சுரைக்காய், 1, 10,2013-12-11
Pumpkin/பூசணிக்காய், 1, 14,2013-12-11
Bean/அவரை, 1, 30,2013-12-11
ClusterBeans/கொத்தவரை, 1, 20,2013-12-11
Red Chillies/குண்டு மிளகாய், 1, 30,2013-12-11
Onion/வெங்காயம், 1, 50,2013-12-11
Pallari/பல்லாரி, 1, 35,2013-12-11
Ginger/இஞ்சி, 1, 90,2013-12-11
Potato/உருளைக்கிழங்கு, 1, 34,2013-12-11
Radish/முள்ளங்கி, 1, 18,2013-12-11
Mango/மாங்காய், 1, 40,2013-12-11
Cabbage/முட்டைக்கோஸ், 1, 18,2013-12-11
Carrot/கேரட், 1, 30,2013-12-11
Beetroot/பீட்ரூட், 1, 20,2013-12-11
Soybeans/சோயாபீன்ஸ், 1, 70,2013-12-11
Drumstickbeans/முருங்கைபீன்ஸ், 1, 32,2013-12-11
butterbeans/பட்டர்பீன்ஸ், 1, 64,2013-12-11
Banana nut/வாழைக்காய், 1 piece, 04,2013-12-11
Banana stem/வாழைத்தண்டு, 1, 7,2013-12-11
BananaFlower/வாழைப்பூ, 1, 7,2013-12-11
Curry leaves/கருவேப்பிலை, 1, 20,2013-12-11
Coriander leaves/மல்லி இலை, 1, 40,2013-12-11
Mint/புதினா, 1, 30,2013-12-11
GreensLeaves/கீரைக்கட்டு, 1, 10,2013-12-11
Garlic/பூண்டு, 1, 80 to 120,2013-12-11
ButtonMushrooms/ பட்டன்காளான், 1, 188,2013-12-11
Papaya/ பப்பாளிப்பழம், 1, 26,2013-12-11
SavSav/ சவ்சவ், 1, 24,2013-12-11
