Commodity, Weight in Kg, Price in Rs,Date
Brinjal/கத்தரிக்காய், 1, 40,2013-12-17
Tomotto ottu/தக்காளி ஒட்டு, 1, 24,2013-12-17
LadyFinger/வெண்டைக்காய், 1, 20,2013-12-17
SnakeGuard/புடலங்காய், 1, 20,2013-12-17
BitterGourd/பாகற்காய், 1, 28,2013-12-17
Bottlegourd/சுரைக்காய், 1, 12,2013-12-17
Pumpkin/பூசணிக்காய், 1, 16,2013-12-17
Bean/அவரை, 1, 40,2013-12-17
ClusterBeans/கொத்தவரை, 1, 24,2013-12-17
Red Chillies/குண்டு மிளகாய், 1, 30,2013-12-17
Onion/வெங்காயம், 1, 50,2013-12-17
Pallari/பல்லாரி, 1, 35,2013-12-17
Ginger/இஞ்சி, 1, 90,2013-12-17
Potato/உருளைக்கிழங்கு, 1, 34,2013-12-17
Radish/முள்ளங்கி, 1, 16,2013-12-17
Mango/மாங்காய், 1, 30,2013-12-17
Cabbage/முட்டைக்கோஸ், 1, 22,2013-12-17
Carrot/கேரட், 1, 30,2013-12-17
Beetroot/பீட்ரூட், 1, 20,2013-12-17
Soybeans/சோயாபீன்ஸ், 1, 80,2013-12-17
Drumstickbeans/முருங்கைபீன்ஸ், 1, 36,2013-12-17
butterbeans/பட்டர்பீன்ஸ், 1, 80,2013-12-17
Banana nut/வாழைக்காய், 1 piece, 03,2013-12-17
Banana stem/வாழைத்தண்டு, 1, 10,2013-12-17
BananaFlower/வாழைப்பூ, 1, 10,2013-12-17
Curry leaves/கருவேப்பிலை, 1, 20,2013-12-17
Coriander leaves/மல்லி இலை, 1, 40,2013-12-17
Mint/புதினா, 1, 20,2013-12-17
GreensLeaves/கீரைக்கட்டு, 1, 10,2013-12-17
Garlic/பூண்டு, 1, 80 to 180,2013-12-17
ButtonMushrooms/ பட்டன்காளான், 1, 205,2013-12-17
Papaya/ பப்பாளிப்பழம், 1, 24,2013-12-17
SavSav/ சவ்சவ், 1, 24,2013-12-17
