Commodity, Weight in Kg, Price in Rs,Date
Brinjal/கத்தரிக்காய்,1, 38,2013-10-03
Tomotto ottu/தக்காளி ஒட்டு,1, 16,2013-10-03
LadyFinger/வெண்டைக்காய்,1, 16,2013-10-03
SnakeGuard/புடலங்காய்,1, 18,2013-10-03
BitterGourd/பாகற்காய்,1, 32,2013-10-03
Bottlegourd/சுரைக்காய்,1, 08,2013-10-03
Pumpkin/பூசணிக்காய்,1, 14,2013-10-03
Bean/அவரை,1, 38,2013-10-03
ClusterBeans/கொத்தவரை,1, 18,2013-10-03
Red Chillies/குண்டு மிளகாய்,1, 34,2013-10-03
Onion/வெங்காயம்,1, 60,2013-10-03
Pallari/பல்லாரி,1, 50,2013-10-03
Ginger/இஞ்சி,1, 100,2013-10-03
Potato/உருளைக்கிழங்கு,1, 20,2013-10-03
Radish/முள்ளங்கி,1, 18,2013-10-03
Mango/மாங்காய்,1, 66,2013-10-03
Cabbage/முட்டைக்கோஸ்,1, 24,2013-10-03
Carrot/கேரட்,1, 40,2013-10-03
Beetroot/பீட்ரூட்,1, 28,2013-10-03
Soybeans/சோயாபீன்ஸ்,1, 70,2013-10-03
Drumstickbeans/முருங்கைபீன்ஸ்,1, 48,2013-10-03
butterbeans/பட்டர்பீன்ஸ்,1, 70,2013-10-03
Banana nut/வாழைக்காய்,1, 04,2013-10-03
Banana stem/வாழைத்தண்டு,1, 08,2013-10-03
BananaFlower/வாழைப்பூ,1, 08,2013-10-03
Curry leaves/கருவேப்பிலை,1, 20,2013-10-03
Coriander leaves/மல்லி இலை,1, 40,2013-10-03
Mint/புதினா,1, 30,2013-10-03
GreensLeaves/கீரைக்கட்டு,1, 08,2013-10-03
Garlic/பூண்டு,1, 100 to 130,2013-10-03
ButtonMushrooms/ பட்டன்காளான்,1, 190,2013-10-03
Papaya/ பப்பாளிப்பழம்,1, 20,2013-10-03
SavSav/ சவ்சவ்,1, 26,2013-10-03
