Commodity, Weight in Kg, Price in Rs,Date
Brinjal/கத்தரிக்காய், 1, 40,2013-12-20
Tomotto ottu/தக்காளி ஒட்டு, 1, 18,2013-12-20
LadyFinger/வெண்டைக்காய், 1, 18,2013-12-20
SnakeGuard/புடலங்காய், 1, 20,2013-12-20
BitterGourd/பாகற்காய், 1, 24,2013-12-20
Bottlegourd/சுரைக்காய், 1, 10,2013-12-20
Pumpkin/பூசணிக்காய், 1, 14,2013-12-20
Bean/அவரை, 1, 34,2013-12-20
ClusterBeans/கொத்தவரை, 1, 22,2013-12-20
Red Chillies/குண்டு மிளகாய், 1, 30,2013-12-20
Onion/வெங்காயம், 1, 44,2013-12-20
Pallari/பல்லாரி, 1, 30,2013-12-20
Ginger/இஞ்சி, 1, 86,2013-12-20
Potato/உருளைக்கிழங்கு, 1, 28,2013-12-20
Radish/முள்ளங்கி, 1, 20,2013-12-20
Mango/மாங்காய், 1, 50,2013-12-20
Cabbage/முட்டைக்கோஸ், 1, 22,2013-12-20
Carrot/கேரட், 1, 30,2013-12-20
Beetroot/பீட்ரூட், 1, 24,2013-12-20
Soybeans/சோயாபீன்ஸ், 1, 70,2013-12-20
Drumstickbeans/முருங்கைபீன்ஸ், 1, 32,2013-12-20
butterbeans/பட்டர்பீன்ஸ், 1, 80,2013-12-20
Banana nut/வாழைக்காய், 1 piece, 04,2013-12-20
Banana stem/வாழைத்தண்டு, 1, 10,2013-12-20
BananaFlower/வாழைப்பூ, 1, 10,2013-12-20
Curry leaves/கருவேப்பிலை, 1, 20,2013-12-20
Coriander leaves/மல்லி இலை, 1, 40,2013-12-20
Mint/புதினா, 1, 30,2013-12-20
GreensLeaves/கீரைக்கட்டு, 1, 8,2013-12-20
Garlic/பூண்டு, 1, 60 to 140,2013-12-20
ButtonMushrooms/ பட்டன்காளான், 1, 180,2013-12-20
Papaya/ பப்பாளிப்பழம், 1, 20,2013-12-20
SavSav/ சவ்சவ், 1, 20,2013-12-20
