Commodity, Weight in Kg, Price in Rs,Date
Brinjal/கத்தரிக்காய்,1, 40,2013-10-22
Tomotto ottu/தக்காளி ஒட்டு,1, 34,2013-10-22
LadyFinger/வெண்டைக்காய்,1, 12,2013-10-22
SnakeGuard/புடலங்காய்,1, 18,2013-10-22
BitterGourd/பாகற்காய்,1, 30,2013-10-22
Bottlegourd/சுரைக்காய்,1, 10,2013-10-22
Pumpkin/பூசணிக்காய்,1, 14,2013-10-22
Bean/அவரை,1, 40,2013-10-22
ClusterBeans/கொத்தவரை,1, 24,2013-10-22
Red Chillies/குண்டு மிளகாய்,1, 30,2013-10-22
Onion/வெங்காயம்,1, 70,2013-10-22
Pallari/பல்லாரி,1, 60,2013-10-22
Ginger/இஞ்சி,1, 100,2013-10-22
Potato/உருளைக்கிழங்கு,1, 28,2013-10-22
Radish/முள்ளங்கி,1, 16,2013-10-22
Mango/மாங்காய்,1, 60,2013-10-22
Cabbage/முட்டைக்கோஸ்,1, 18,2013-10-22
Carrot/கேரட்,1, 38,2013-10-22
Beetroot/பீட்ரூட்,1, 24,2013-10-22
Soybeans/சோயாபீன்ஸ்,1, 70,2013-10-22
Drumstickbeans/முருங்கைபீன்ஸ்,1, 48,2013-10-22
butterbeans/பட்டர்பீன்ஸ்,1, 80,2013-10-22
Banana nut/வாழைக்காய்,1, 03,2013-10-22
Banana stem/வாழைத்தண்டு,1, 08,2013-10-22
BananaFlower/வாழைப்பூ,1, 08,2013-10-22
Curry leaves/கருவேப்பிலை,1, 20,2013-10-22
Coriander leaves/மல்லி இலை,1, 40,2013-10-22
Mint/புதினா,1, 30,2013-10-22
GreensLeaves/கீரைக்கட்டு,1, 08,2013-10-22
Garlic/பூண்டு,1, 100 to 120,2013-10-22
ButtonMushrooms/ பட்டன்காளான்,1, 190,2013-10-22
Papaya/ பப்பாளிப்பழம்,1, 20,2013-10-22
SavSav/ சவ்சவ்,1, 28,2013-10-22
