Commodity, Weight in Kg, Price in Rs,Date
Brinjal/கத்தரிக்காய், 1, 30,2013-12-06
Tomotto ottu/தக்காளி ஒட்டு, 1, 20,2013-12-06
LadyFinger/வெண்டைக்காய், 1, 20,2013-12-06
SnakeGuard/புடலங்காய், 1, 18,2013-12-06
BitterGourd/பாகற்காய், 1, 24,2013-12-06
Bottlegourd/சுரைக்காய், 1, 10,2013-12-06
Pumpkin/பூசணிக்காய், 1, 12,2013-12-06
Bean/அவரை, 1, 26,2013-12-06
ClusterBeans/கொத்தவரை, 1, 16,2013-12-06
Red Chillies/குண்டு மிளகாய், 1, 24,2013-12-06
Onion/வெங்காயம், 1, 60,2013-12-06
Pallari/பல்லாரி, 1, 40,2013-12-06
Ginger/இஞ்சி, 1, 90,2013-12-06
Potato/உருளைக்கிழங்கு, 1, 34,2013-12-06
Radish/முள்ளங்கி, 1, 16,2013-12-06
Mango/மாங்காய், 1, 40,2013-12-06
Cabbage/முட்டைக்கோஸ், 1, 20,2013-12-06
Carrot/கேரட், 1, 30,2013-12-06
Beetroot/பீட்ரூட், 1, 20,2013-12-06
Soybeans/சோயாபீன்ஸ், 1, 70,2013-12-06
Drumstickbeans/முருங்கைபீன்ஸ், 1, 32,2013-12-06
butterbeans/பட்டர்பீன்ஸ், 1, 75,2013-12-06
Banana nut/வாழைக்காய், 1 piece, 03,2013-12-06
Banana stem/வாழைத்தண்டு, 1, 8,2013-12-06
BananaFlower/வாழைப்பூ, 1, 6,2013-12-06
Curry leaves/கருவேப்பிலை, 1, 15,2013-12-06
Coriander leaves/மல்லி இலை, 1, 25,2013-12-06
Mint/புதினா, 1, 20,2013-12-06
GreensLeaves/கீரைக்கட்டு, 1, 7,2013-12-06
Garlic/பூண்டு, 1, 100 to 160,2013-12-06
ButtonMushrooms/ பட்டன்காளான், 1, 180,2013-12-06
Papaya/ பப்பாளிப்பழம், 1, 20,2013-12-06
SavSav/ சவ்சவ், 1, 20,2013-12-06
