Commodity, Weight in Kg, Price in Rs,Date
Brinjal/கத்தரிக்காய், 1, 26,2013-11-10
Tomotto ottu/தக்காளி ஒட்டு, 1, 36,2013-11-10
LadyFinger/வெண்டைக்காய், 1, 20,2013-11-10
SnakeGuard/புடலங்காய், 1, 18,2013-11-10
BitterGourd/பாகற்காய், 1, 34,2013-11-10
Bottlegourd/சுரைக்காய், 1, 12,2013-11-10
Pumpkin/பூசணிக்காய், 1, 14,2013-11-10
Bean/அவரை, 1, 48,2013-11-10
ClusterBeans/கொத்தவரை, 1, 20,2013-11-10
Red Chillies/குண்டு மிளகாய், 1, 36,2013-11-10
Onion/வெங்காயம், 1, 74,2013-11-10
Pallari/பல்லாரி, 1, 64,2013-11-10
Ginger/இஞ்சி, 1, 90,2013-11-10
Potato/உருளைக்கிழங்கு, 1, 34,2013-11-10
Radish/முள்ளங்கி, 1, 18,2013-11-10
Mango/மாங்காய், 1, 50,2013-11-10
Cabbage/முட்டைக்கோஸ், 1, 24,2013-11-10
Carrot/கேரட், 1, 34,2013-11-10
Beetroot/பீட்ரூட், 1, 28,2013-11-10
Soybeans/சோயாபீன்ஸ், 1, 70,2013-11-10
Drumstickbeans/முருங்கைபீன்ஸ், 1, 50,2013-11-10
butterbeans/பட்டர்பீன்ஸ், 1, 85,2013-11-10
Banana nut/வாழைக்காய், 1 piece, 03,2013-11-10
Banana stem/வாழைத்தண்டு, 1, 8,2013-11-10
BananaFlower/வாழைப்பூ, 1, 8,2013-11-10
Curry leaves/கருவேப்பிலை, 1, 20,2013-11-10
Coriander leaves/மல்லி இலை, 1, 50,2013-11-10
Mint/புதினா, 1, 30,2013-11-10
GreensLeaves/கீரைக்கட்டு, 1, 8,2013-11-10
Garlic/பூண்டு, 1, 100 to 130,2013-11-10
ButtonMushrooms/ பட்டன்காளான், 1, 185,2013-11-10
Papaya/ பப்பாளிப்பழம், 1, 20,2013-11-10
SavSav/ சவ்சவ், 1, 24,2013-11-10
