Commodity, Weight in Kg, Price in Rs,Date
Brinjal/கத்தரிக்காய், 1, 30,2013-10-27
Tomotto ottu/தக்காளி ஒட்டு, 1, 34,2013-10-27
LadyFinger/வெண்டைக்காய், 1, 20,2013-10-27
SnakeGuard/புடலங்காய், 1, 22,2013-10-27
BitterGourd/பாகற்காய், 1, 34,2013-10-27
Bottlegourd/சுரைக்காய், 1, 12,2013-10-27
Pumpkin/பூசணிக்காய், 1, 16,2013-10-27
Bean/அவரை, 1, 48,2013-10-27
ClusterBeans/கொத்தவரை, 1, 22,2013-10-27
Red Chillies/குண்டு மிளகாய், 1, 30,2013-10-27
Onion/வெங்காயம், 1, 70,2013-10-27
Pallari/பல்லாரி, 1, 64,2013-10-27
Ginger/இஞ்சி, 1, 90,2013-10-27
Potato/உருளைக்கிழங்கு, 1, 28,2013-10-27
Radish/முள்ளங்கி, 1, 18,2013-10-27
Mango/மாங்காய், 1, 58,2013-10-27
Cabbage/முட்டைக்கோஸ், 1, 22,2013-10-27
Carrot/கேரட், 1, 30,2013-10-27
Beetroot/பீட்ரூட், 1, 24,2013-10-27
Soybeans/சோயாபீன்ஸ், 1, 74,2013-10-27
Drumstickbeans/முருங்கைபீன்ஸ், 1, 44,2013-10-27
butterbeans/பட்டர்பீன்ஸ், 1, 80,2013-10-27
Banana nut/வாழைக்காய், 1 piece, 03,2013-10-27
Banana stem/வாழைத்தண்டு, 1, 07,2013-10-27
BananaFlower/வாழைப்பூ, 1, 07,2013-10-27
Curry leaves/கருவேப்பிலை, 1, 20,2013-10-27
Coriander leaves/மல்லி இலை, 1, 50,2013-10-27
Mint/புதினா, 1, 30,2013-10-27
GreensLeaves/கீரைக்கட்டு, 1, 08,2013-10-27
Garlic/பூண்டு, 1, 100 to 120,2013-10-27
ButtonMushrooms/ பட்டன்காளான், 1, 190,2013-10-27
Papaya/ பப்பாளிப்பழம், 1, 20,2013-10-27
SavSav/ சவ்சவ், 1, 24,2013-10-27
