Commodity, Weight in Kg, Price in Rs,Date
Brinjal/கத்தரிக்காய், 1, 28,2013-11-13
Tomotto ottu/தக்காளி ஒட்டு, 1, 34,2013-11-13
LadyFinger/வெண்டைக்காய், 1, 18,2013-11-13
SnakeGuard/புடலங்காய், 1, 20,2013-11-13
BitterGourd/பாகற்காய், 1, 32,2013-11-13
Bottlegourd/சுரைக்காய், 1, 12,2013-11-13
Pumpkin/பூசணிக்காய், 1, 16,2013-11-13
Bean/அவரை, 1, 48,2013-11-13
ClusterBeans/கொத்தவரை, 1, 20,2013-11-13
Red Chillies/குண்டு மிளகாய், 1, 34,2013-11-13
Onion/வெங்காயம், 1, 75,2013-11-13
Pallari/பல்லாரி, 1, 66,2013-11-13
Ginger/இஞ்சி, 1, 90,2013-11-13
Potato/உருளைக்கிழங்கு, 1, 34,2013-11-13
Radish/முள்ளங்கி, 1, 24,2013-11-13
Mango/மாங்காய், 1, 70,2013-11-13
Cabbage/முட்டைக்கோஸ், 1, 26,2013-11-13
Carrot/கேரட், 1, 34,2013-11-13
Beetroot/பீட்ரூட், 1, 28,2013-11-13
Soybeans/சோயாபீன்ஸ், 1, 80,2013-11-13
Drumstickbeans/முருங்கைபீன்ஸ், 1, 50,2013-11-13
butterbeans/பட்டர்பீன்ஸ், 1, 90,2013-11-13
Banana nut/வாழைக்காய், 1 piece, 04,2013-11-13
Banana stem/வாழைத்தண்டு, 1, 7,2013-11-13
BananaFlower/வாழைப்பூ, 1, 7,2013-11-13
Curry leaves/கருவேப்பிலை, 1, 20,2013-11-13
Coriander leaves/மல்லி இலை, 1, 60,2013-11-13
Mint/புதினா, 1, 40,2013-11-13
GreensLeaves/கீரைக்கட்டு, 1, 10,2013-11-13
Garlic/பூண்டு, 1, 100 to 130,2013-11-13
ButtonMushrooms/ பட்டன்காளான், 1, 188,2013-11-13
Papaya/ பப்பாளிப்பழம், 1, 20,2013-11-13
SavSav/ சவ்சவ், 1, 26,2013-11-13
