Commodity, Weight in Kg, Price in Rs,Date
Brinjal/கத்தரிக்காய்,1, 40,2013-10-08
Tomotto ottu/தக்காளி ஒட்டு,1, 16,2013-10-08
LadyFinger/வெண்டைக்காய்,1, 20,2013-10-08
SnakeGuard/புடலங்காய்,1, 18,2013-10-08
BitterGourd/பாகற்காய்,1, 30,2013-10-08
Bottlegourd/சுரைக்காய்,1, 08,2013-10-08
Pumpkin/பூசணிக்காய்,1, 12,2013-10-08
Bean/அவரை,1, 36,2013-10-08
ClusterBeans/கொத்தவரை,1, 24,2013-10-08
Red Chillies/குண்டு மிளகாய்,1, 28,2013-10-08
Onion/வெங்காயம்,1, 58,2013-10-08
Pallari/பல்லாரி,1, 50,2013-10-08
Ginger/இஞ்சி,1, 100,2013-10-08
Potato/உருளைக்கிழங்கு,1, 24,2013-10-08
Radish/முள்ளங்கி,1, 14,2013-10-08
Mango/மாங்காய்,1, 56,2013-10-08
Cabbage/முட்டைக்கோஸ்,1, 14,2013-10-08
Carrot/கேரட்,1, 38,2013-10-08
Beetroot/பீட்ரூட்,1, 24,2013-10-08
Soybeans/சோயாபீன்ஸ்,1, 76,2013-10-08
Drumstickbeans/முருங்கைபீன்ஸ்,1, 40,2013-10-08
butterbeans/பட்டர்பீன்ஸ்,1, 80,2013-10-08
Banana nut/வாழைக்காய்,1, 03,2013-10-08
Banana stem/வாழைத்தண்டு,1, 08,2013-10-08
BananaFlower/வாழைப்பூ,1, 08,2013-10-08
Curry leaves/கருவேப்பிலை,1, 20,2013-10-08
Coriander leaves/மல்லி இலை,1, 50,2013-10-08
Mint/புதினா,1, 30,2013-10-08
GreensLeaves/கீரைக்கட்டு,1, 08,2013-10-08
Garlic/பூண்டு,1, 100 to 140,2013-10-08
ButtonMushrooms/ பட்டன்காளான்,1, 188,2013-10-08
Papaya/ பப்பாளிப்பழம்,1, 20,2013-10-08
SavSav/ சவ்சவ்,1, 20,2013-10-08
