Commodity, Weight in Kg, Price in Rs,Date
Brinjal/கத்தரிக்காய், 1, 30,2013-12-18
Tomotto ottu/தக்காளி ஒட்டு, 1, 20,2013-12-18
LadyFinger/வெண்டைக்காய், 1, 20,2013-12-18
SnakeGuard/புடலங்காய், 1, 20,2013-12-18
BitterGourd/பாகற்காய், 1, 28,2013-12-18
Bottlegourd/சுரைக்காய், 1, 12,2013-12-18
Pumpkin/பூசணிக்காய், 1, 20,2013-12-18
Bean/அவரை, 1, 40,2013-12-18
ClusterBeans/கொத்தவரை, 1, 24,2013-12-18
Red Chillies/குண்டு மிளகாய், 1, 30,2013-12-18
Onion/வெங்காயம், 1, 40,2013-12-18
Pallari/பல்லாரி, 1, 35,2013-12-18
Ginger/இஞ்சி, 1, 90,2013-12-18
Potato/உருளைக்கிழங்கு, 1, 34,2013-12-18
Radish/முள்ளங்கி, 1, 16,2013-12-18
Mango/மாங்காய், 1, 40,2013-12-18
Cabbage/முட்டைக்கோஸ், 1, 20,2013-12-18
Carrot/கேரட், 1, 30,2013-12-18
Beetroot/பீட்ரூட், 1, 22,2013-12-18
Soybeans/சோயாபீன்ஸ், 1, 80,2013-12-18
Drumstickbeans/முருங்கைபீன்ஸ், 1, 38,2013-12-18
butterbeans/பட்டர்பீன்ஸ், 1, 85,2013-12-18
Banana nut/வாழைக்காய், 1 piece, 04,2013-12-18
Banana stem/வாழைத்தண்டு, 1, 10,2013-12-18
BananaFlower/வாழைப்பூ, 1, 10,2013-12-18
Curry leaves/கருவேப்பிலை, 1, 20,2013-12-18
Coriander leaves/மல்லி இலை, 1, 30,2013-12-18
Mint/புதினா, 1, 30,2013-12-18
GreensLeaves/கீரைக்கட்டு, 1, 10,2013-12-18
Garlic/பூண்டு, 1, 80 to 180,2013-12-18
ButtonMushrooms/ பட்டன்காளான், 1, 205,2013-12-18
Papaya/ பப்பாளிப்பழம், 1, 24,2013-12-18
SavSav/ சவ்சவ், 1, 24,2013-12-18
