Commodity, Weight in Kg, Price in Rs,Date
Brinjal/கத்தரிக்காய், 1, 34,2013-12-07
Tomotto ottu/தக்காளி ஒட்டு, 1, 20,2013-12-07
LadyFinger/வெண்டைக்காய், 1, 20,2013-12-07
SnakeGuard/புடலங்காய், 1, 20,2013-12-07
BitterGourd/பாகற்காய், 1, 22,2013-12-07
Bottlegourd/சுரைக்காய், 1, 12,2013-12-07
Pumpkin/பூசணிக்காய், 1, 14,2013-12-07
Bean/அவரை, 1, 24,2013-12-07
ClusterBeans/கொத்தவரை, 1, 20,2013-12-07
Red Chillies/குண்டு மிளகாய், 1, 30,2013-12-07
Onion/வெங்காயம், 1, 64,2013-12-07
Pallari/பல்லாரி, 1, 40,2013-12-07
Ginger/இஞ்சி, 1, 90,2013-12-07
Potato/உருளைக்கிழங்கு, 1, 34,2013-12-07
Radish/முள்ளங்கி, 1, 18,2013-12-07
Mango/மாங்காய், 1, 50,2013-12-07
Cabbage/முட்டைக்கோஸ், 1, 20,2013-12-07
Carrot/கேரட், 1, 30,2013-12-07
Beetroot/பீட்ரூட், 1, 20,2013-12-07
Soybeans/சோயாபீன்ஸ், 1, 70,2013-12-07
Drumstickbeans/முருங்கைபீன்ஸ், 1, 34,2013-12-07
butterbeans/பட்டர்பீன்ஸ், 1, 80,2013-12-07
Banana nut/வாழைக்காய், 1 piece, 03,2013-12-07
Banana stem/வாழைத்தண்டு, 1, 8,2013-12-07
BananaFlower/வாழைப்பூ, 1, 6,2013-12-07
Curry leaves/கருவேப்பிலை, 1, 20,2013-12-07
Coriander leaves/மல்லி இலை, 1, 30,2013-12-07
Mint/புதினா, 1, 20,2013-12-07
GreensLeaves/கீரைக்கட்டு, 1, 8,2013-12-07
Garlic/பூண்டு, 1, 100 to 160,2013-12-07
ButtonMushrooms/ பட்டன்காளான், 1, 188,2013-12-07
Papaya/ பப்பாளிப்பழம், 1, 20,2013-12-07
SavSav/ சவ்சவ், 1, 20,2013-12-07
