Commodity, Weight in Kg, Price in Rs,Date
Brinjal/கத்தரிக்காய், 1, 26,2013-11-17
Tomotto ottu/தக்காளி ஒட்டு, 1, 44,2013-11-17
LadyFinger/வெண்டைக்காய், 1, 18,2013-11-17
SnakeGuard/புடலங்காய், 1, 20,2013-11-17
BitterGourd/பாகற்காய், 1, 32,2013-11-17
Bottlegourd/சுரைக்காய், 1, 12,2013-11-17
Pumpkin/பூசணிக்காய், 1, 14,2013-11-17
Bean/அவரை, 1, 44,2013-11-17
ClusterBeans/கொத்தவரை, 1, 18,2013-11-17
Red Chillies/குண்டு மிளகாய், 1, 30,2013-11-17
Onion/வெங்காயம், 1, 74,2013-11-17
Pallari/பல்லாரி, 1, 60,2013-11-17
Ginger/இஞ்சி, 1, 90,2013-11-17
Potato/உருளைக்கிழங்கு, 1, 30,2013-11-17
Radish/முள்ளங்கி, 1, 20,2013-11-17
Mango/மாங்காய், 1, 60,2013-11-17
Cabbage/முட்டைக்கோஸ், 1, 20,2013-11-17
Carrot/கேரட், 1, 34,2013-11-17
Beetroot/பீட்ரூட், 1, 26,2013-11-17
Soybeans/சோயாபீன்ஸ், 1, 80,2013-11-17
Drumstickbeans/முருங்கைபீன்ஸ், 1, 46,2013-11-17
butterbeans/பட்டர்பீன்ஸ், 1, 90,2013-11-17
Banana nut/வாழைக்காய், 1 piece, 03,2013-11-17
Banana stem/வாழைத்தண்டு, 1, 8,2013-11-17
BananaFlower/வாழைப்பூ, 1, 8,2013-11-17
Curry leaves/கருவேப்பிலை, 1, 20,2013-11-17
Coriander leaves/மல்லி இலை, 1, 60,2013-11-17
Mint/புதினா, 1, 40,2013-11-17
GreensLeaves/கீரைக்கட்டு, 1, 8,2013-11-17
Garlic/பூண்டு, 1, 100 to 120,2013-11-17
ButtonMushrooms/ பட்டன்காளான், 1, 190,2013-11-17
Papaya/ பப்பாளிப்பழம், 1, 20,2013-11-17
SavSav/ சவ்சவ், 1, 24,2013-11-17
