Commodity, Weight in Kg, Price in Rs,Date
Brinjal/கத்தரிக்காய், 1, 32,2013-11-30
Tomotto ottu/தக்காளி ஒட்டு, 1, 28,2013-11-30
LadyFinger/வெண்டைக்காய், 1, 16,2013-11-30
SnakeGuard/புடலங்காய், 1, 18,2013-11-30
BitterGourd/பாகற்காய், 1, 22,2013-11-30
Bottlegourd/சுரைக்காய், 1, 10,2013-11-30
Pumpkin/பூசணிக்காய், 1, 12,2013-11-30
Bean/அவரை, 1, 30,2013-11-30
ClusterBeans/கொத்தவரை, 1, 18,2013-11-30
Red Chillies/குண்டு மிளகாய், 1, 24,2013-11-30
Onion/வெங்காயம், 1, 60,2013-11-30
Pallari/பல்லாரி, 1, 40,2013-11-30
Ginger/இஞ்சி, 1, 80,2013-11-30
Potato/உருளைக்கிழங்கு, 1, 26,2013-11-30
Radish/முள்ளங்கி, 1, 16,2013-11-30
Mango/மாங்காய், 1, 40,2013-11-30
Cabbage/முட்டைக்கோஸ், 1, 20,2013-11-30
Carrot/கேரட், 1, 22,2013-11-30
Beetroot/பீட்ரூட், 1, 30,2013-11-30
Soybeans/சோயாபீன்ஸ், 1, 70,2013-11-30
Drumstickbeans/முருங்கைபீன்ஸ், 1, 30,2013-11-30
butterbeans/பட்டர்பீன்ஸ், 1, 75,2013-11-30
Banana nut/வாழைக்காய், 1 piece, 03,2013-11-30
Banana stem/வாழைத்தண்டு, 1, 08,2013-11-30
BananaFlower/வாழைப்பூ, 1, 06,2013-11-30
Curry leaves/கருவேப்பிலை, 1, 15,2013-11-30
Coriander leaves/மல்லி இலை, 1, 30,2013-11-30
Mint/புதினா, 1, 20,2013-11-30
GreensLeaves/கீரைக்கட்டு, 1, 07,2013-11-30
Garlic/பூண்டு, 1, 80 to 120,2013-11-30
ButtonMushrooms/ பட்டன்காளான், 1, 180,2013-11-30
Papaya/ பப்பாளிப்பழம், 1, 20,2013-11-30
SavSav/ சவ்சவ், 1, 22,2013-11-30
