Commodity, Weight in Kg, Price in Rs,Date
Brinjal/கத்தரிக்காய், 1, 40,2013-10-30
Tomotto ottu/தக்காளி ஒட்டு, 1, 40,2013-10-30
LadyFinger/வெண்டைக்காய், 1, 20,2013-10-30
SnakeGuard/புடலங்காய், 1, 20,2013-10-30
BitterGourd/பாகற்காய், 1, 36,2013-10-30
Bottlegourd/சுரைக்காய், 1, 16,2013-10-30
Pumpkin/பூசணிக்காய், 1, 16,2013-10-30
Bean/அவரை, 1, 46,2013-10-30
ClusterBeans/கொத்தவரை, 1, 24,2013-10-30
Red Chillies/குண்டு மிளகாய், 1, 30,2013-10-30
Onion/வெங்காயம், 1, 70,2013-10-30
Pallari/பல்லாரி, 1, 65,2013-10-30
Ginger/இஞ்சி, 1, 90,2013-10-30
Potato/உருளைக்கிழங்கு, 1, 28,2013-10-30
Radish/முள்ளங்கி, 1, 18,2013-10-30
Mango/மாங்காய், 1, 60,2013-10-30
Cabbage/முட்டைக்கோஸ், 1, 24,2013-10-30
Carrot/கேரட், 1, 30,2013-10-30
Beetroot/பீட்ரூட், 1, 24,2013-10-30
Soybeans/சோயாபீன்ஸ், 1, 65,2013-10-30
Drumstickbeans/முருங்கைபீன்ஸ், 1, 46,2013-10-30
butterbeans/பட்டர்பீன்ஸ், 1, 78,2013-10-30
Banana nut/வாழைக்காய், 1 piece, 03,2013-10-30
Banana stem/வாழைத்தண்டு, 1, 10,2013-10-30
BananaFlower/வாழைப்பூ, 1, 10,2013-10-30
Curry leaves/கருவேப்பிலை, 1, 20,2013-10-30
Coriander leaves/மல்லி இலை, 1, 40,2013-10-30
Mint/புதினா, 1, 40,2013-10-30
GreensLeaves/கீரைக்கட்டு, 1, 10,2013-10-30
Garlic/பூண்டு, 1, 100 to 130,2013-10-30
ButtonMushrooms/ பட்டன்காளான், 1, 188,2013-10-30
Papaya/ பப்பாளிப்பழம், 1, 24,2013-10-30
SavSav/ சவ்சவ், 1, 24,2013-10-30
