Commodity, Weight in Kg, Price in Rs,Date
Brinjal/கத்தரிக்காய்,1, 40,2013-09-18
Tomotto ottu/தக்காளி ஒட்டு,1, 18,2013-09-18
LadyFinger/வெண்டைக்காய்,1, 16,2013-09-18
SnakeGuard/புடலங்காய்,1, 18,2013-09-18
BitterGourd/பாகற்காய்,1, 36,2013-09-18
Bottlegourd/சுரைக்காய்,1, 14,2013-09-18
Pumpkin/பூசணிக்காய்,1, 18,2013-09-18
Bean/அவரை,1, 48,2013-09-18
ClusterBeans/கொத்தவரை,1, 20,2013-09-18
Red Chillies/குண்டு மிளகாய்,1, 60,2013-09-18
Onion/வெங்காயம்,1, 54,2013-09-18
Pallari/பல்லாரி,1, 54,2013-09-18
Ginger/இஞ்சி,1, 100,2013-09-18
Potato/உருளைக்கிழங்கு,1, 26,2013-09-18
Radish/முள்ளங்கி,1, 20,2013-09-18
Mango/மாங்காய்,1, 80,2013-09-18
Cabbage/முட்டைக்கோஸ்,1, 30,2013-09-18
Carrot/கேரட்,1, 36,2013-09-18
Beetroot/பீட்ரூட்,1, 28,2013-09-18
Soybeans/சோயாபீன்ஸ்,1, 64,2013-09-18
Drumstickbeans/முருங்கைபீன்ஸ்,1, 60,2013-09-18
butterbeans/பட்டர்பீன்ஸ்,1, 80,2013-09-18
Banana nut/வாழைக்காய்,1, 03,2013-09-18
Banana stem/வாழைத்தண்டு,1, 08,2013-09-18
BananaFlower/வாழைப்பூ,1, 08,2013-09-18
Curry leaves/கருவேப்பிலை,1, 20,2013-09-18
Coriander leaves/மல்லி இலை,1, 50,2013-09-18
Mint/புதினா,1, 30,2013-09-18
GreensLeaves/கீரைக்கட்டு,1, 08,2013-09-18
Garlic/பூண்டு,1, 100 to 120,2013-09-18
ButtonMushrooms/ பட்டன்காளான்,1, 190,2013-09-18
Papaya/ பப்பாளிப்பழம்,1, 24,2013-09-18
SavSav/ சவ்சவ்,1, 36,2013-09-18
