Commodity, Weight in Kg, Price in Rs,Date
Brinjal/கத்தரிக்காய், 1, 32,2013-12-05
Tomotto ottu/தக்காளி ஒட்டு, 1, 20,2013-12-05
LadyFinger/வெண்டைக்காய், 1, 20,2013-12-05
SnakeGuard/புடலங்காய், 1, 22,2013-12-05
BitterGourd/பாகற்காய், 1, 28,2013-12-05
Bottlegourd/சுரைக்காய், 1, 12,2013-12-05
Pumpkin/பூசணிக்காய், 1, 14,2013-12-05
Bean/அவரை, 1, 32,2013-12-05
ClusterBeans/கொத்தவரை, 1, 20,2013-12-05
Red Chillies/குண்டு மிளகாய், 1, 30,2013-12-05
Onion/வெங்காயம், 1, 60,2013-12-05
Pallari/பல்லாரி, 1, 40,2013-12-05
Ginger/இஞ்சி, 1, 90,2013-12-05
Potato/உருளைக்கிழங்கு, 1, 34,2013-12-05
Radish/முள்ளங்கி, 1, 16,2013-12-05
Mango/மாங்காய், 1, 50,2013-12-05
Cabbage/முட்டைக்கோஸ், 1, 22,2013-12-05
Carrot/கேரட், 1, 30,2013-12-05
Beetroot/பீட்ரூட், 1, 20,2013-12-05
Soybeans/சோயாபீன்ஸ், 1, 70,2013-12-05
Drumstickbeans/முருங்கைபீன்ஸ், 1, 28,2013-12-05
butterbeans/பட்டர்பீன்ஸ், 1, 75,2013-12-05
Banana nut/வாழைக்காய், 1 piece, 03,2013-12-05
Banana stem/வாழைத்தண்டு, 1, 10,2013-12-05
BananaFlower/வாழைப்பூ, 1, 10,2013-12-05
Curry leaves/கருவேப்பிலை, 1, 20,2013-12-05
Coriander leaves/மல்லி இலை, 1, 30,2013-12-05
Mint/புதினா, 1, 30,2013-12-05
GreensLeaves/கீரைக்கட்டு, 1, 10,2013-12-05
Garlic/பூண்டு, 1, 100 to 160,2013-12-05
ButtonMushrooms/ பட்டன்காளான், 1, 155,2013-12-05
Papaya/ பப்பாளிப்பழம், 1, 24,2013-12-05
SavSav/ சவ்சவ், 1, 20,2013-12-05
