Commodity, Weight in Kg, Price in Rs,Date
Brinjal/கத்தரிக்காய், 1, 26,2013-11-12
Tomotto ottu/தக்காளி ஒட்டு, 1, 36,2013-11-12
LadyFinger/வெண்டைக்காய், 1, 20,2013-11-12
SnakeGuard/புடலங்காய், 1, 20,2013-11-12
BitterGourd/பாகற்காய், 1, 32,2013-11-12
Bottlegourd/சுரைக்காய், 1, 12,2013-11-12
Pumpkin/பூசணிக்காய், 1, 16,2013-11-12
Bean/அவரை, 1, 48,2013-11-12
ClusterBeans/கொத்தவரை, 1, 20,2013-11-12
Red Chillies/குண்டு மிளகாய், 1, 34,2013-11-12
Onion/வெங்காயம், 1, 74,2013-11-12
Pallari/பல்லாரி, 1, 66,2013-11-12
Ginger/இஞ்சி, 1, 90,2013-11-12
Potato/உருளைக்கிழங்கு, 1, 32,2013-11-12
Radish/முள்ளங்கி, 1, 18,2013-11-12
Mango/மாங்காய், 1, 70,2013-11-12
Cabbage/முட்டைக்கோஸ், 1, 24,2013-11-12
Carrot/கேரட், 1, 38,2013-11-12
Beetroot/பீட்ரூட், 1, 26,2013-11-12
Soybeans/சோயாபீன்ஸ், 1, 70,2013-11-12
Drumstickbeans/முருங்கைபீன்ஸ், 1, 48,2013-11-12
butterbeans/பட்டர்பீன்ஸ், 1, 90,2013-11-12
Banana nut/வாழைக்காய், 1 piece, 03,2013-11-12
Banana stem/வாழைத்தண்டு, 1, 7,2013-11-12
BananaFlower/வாழைப்பூ, 1, 7,2013-11-12
Curry leaves/கருவேப்பிலை, 1, 20,2013-11-12
Coriander leaves/மல்லி இலை, 1, 60,2013-11-12
Mint/புதினா, 1, 40,2013-11-12
GreensLeaves/கீரைக்கட்டு, 1, 10,2013-11-12
Garlic/பூண்டு, 1, 100 to 130,2013-11-12
ButtonMushrooms/ பட்டன்காளான், 1, 188,2013-11-12
Papaya/ பப்பாளிப்பழம், 1, 20,2013-11-12
SavSav/ சவ்சவ், 1, 24,2013-11-12
