Commodity, Weight in Kg, Price in Rs,Date
Brinjal/கத்தரிக்காய், 1, 30,2013-10-26
Tomotto ottu/தக்காளி ஒட்டு, 1, 34,2013-10-26
LadyFinger/வெண்டைக்காய், 1, 20,2013-10-26
SnakeGuard/புடலங்காய், 1, 24,2013-10-26
BitterGourd/பாகற்காய், 1, 34,2013-10-26
Bottlegourd/சுரைக்காய், 1, 18,2013-10-26
Pumpkin/பூசணிக்காய், 1, 22,2013-10-26
Bean/அவரை, 1, 42,2013-10-26
ClusterBeans/கொத்தவரை, 1, 26,2013-10-26
Red Chillies/குண்டு மிளகாய், 1, 30,2013-10-26
Onion/வெங்காயம், 1, 70,2013-10-26
Pallari/பல்லாரி, 1, 65,2013-10-26
Ginger/இஞ்சி, 1, 100,2013-10-26
Potato/உருளைக்கிழங்கு, 1, 28,2013-10-26
Radish/முள்ளங்கி, 1, 18,2013-10-26
Mango/மாங்காய், 1, 56,2013-10-26
Cabbage/முட்டைக்கோஸ், 1, 18,2013-10-26
Carrot/கேரட், 1, 30,2013-10-26
Beetroot/பீட்ரூட், 1, 26,2013-10-26
Soybeans/சோயாபீன்ஸ், 1, 75,2013-10-26
Drumstickbeans/முருங்கைபீன்ஸ், 1, 44,2013-10-26
butterbeans/பட்டர்பீன்ஸ், 1, 80,2013-10-26
Banana nut/வாழைக்காய், 1 piece, 03,2013-10-26
Banana stem/வாழைத்தண்டு, 1, 08,2013-10-26
BananaFlower/வாழைப்பூ, 1, 08,2013-10-26
Curry leaves/கருவேப்பிலை, 1, 20,2013-10-26
Coriander leaves/மல்லி இலை, 1, 50,2013-10-26
Mint/புதினா, 1, 30,2013-10-26
GreensLeaves/கீரைக்கட்டு, 1, 08,2013-10-26
Garlic/பூண்டு, 1, 100 to 130,2013-10-26
ButtonMushrooms/ பட்டன்காளான், 1, 188,2013-10-26
Papaya/ பப்பாளிப்பழம், 1, 20,2013-10-26
SavSav/ சவ்சவ், 1, 26,2013-10-26
