Commodity, Weight in Kg, Price in Rs,Date
Brinjal/கத்தரிக்காய், 1, 28,2013-11-08
Tomotto ottu/தக்காளி ஒட்டு, 1, 26,2013-11-08
LadyFinger/வெண்டைக்காய், 1, 12,2013-11-08
SnakeGuard/புடலங்காய், 1, 20,2013-11-08
BitterGourd/பாகற்காய், 1, 32,2013-11-08
Bottlegourd/சுரைக்காய், 1, 14,2013-11-08
Pumpkin/பூசணிக்காய், 1, 16,2013-11-08
Bean/அவரை, 1, 46,2013-11-08
ClusterBeans/கொத்தவரை, 1, 20,2013-11-08
Red Chillies/குண்டு மிளகாய், 1, 32,2013-11-08
Onion/வெங்காயம், 1, 70,2013-11-08
Pallari/பல்லாரி, 1, 60,2013-11-08
Ginger/இஞ்சி, 1, 80,2013-11-08
Potato/உருளைக்கிழங்கு, 1, 38,2013-11-08
Radish/முள்ளங்கி, 1, 20,2013-11-08
Mango/மாங்காய், 1, 60,2013-11-08
Cabbage/முட்டைக்கோஸ், 1, 24,2013-11-08
Carrot/கேரட், 1, 40,2013-11-08
Beetroot/பீட்ரூட், 1, 26,2013-11-08
Soybeans/சோயாபீன்ஸ், 1, 75,2013-11-08
Drumstickbeans/முருங்கைபீன்ஸ், 1, 46,2013-11-08
butterbeans/பட்டர்பீன்ஸ், 1, 90,2013-11-08
Banana nut/வாழைக்காய், 1 piece, 03,2013-11-08
Banana stem/வாழைத்தண்டு, 1, 7,2013-11-08
BananaFlower/வாழைப்பூ, 1, 7,2013-11-08
Curry leaves/கருவேப்பிலை, 1, 20,2013-11-08
Coriander leaves/மல்லி இலை, 1, 30,2013-11-08
Mint/புதினா, 1, 25,2013-11-08
GreensLeaves/கீரைக்கட்டு, 1, 8,2013-11-08
Garlic/பூண்டு, 1, 100 to 120,2013-11-08
ButtonMushrooms/ பட்டன்காளான், 1, 180,2013-11-08
Papaya/ பப்பாளிப்பழம், 1, 20,2013-11-08
SavSav/ சவ்சவ், 1, 24,2013-11-08
