Commodity, Weight in Kg, Price in Rs,Date
Brinjal/கத்தரிக்காய்,1, 40,2013-10-12
Tomotto ottu/தக்காளி ஒட்டு,1, 25,2013-10-12
LadyFinger/வெண்டைக்காய்,1, 20,2013-10-12
SnakeGuard/புடலங்காய்,1, 24,2013-10-12
BitterGourd/பாகற்காய்,1, 32,2013-10-12
Bottlegourd/சுரைக்காய்,1, 12,2013-10-12
Pumpkin/பூசணிக்காய்,1, 14,2013-10-12
Bean/அவரை,1, 40,2013-10-12
ClusterBeans/கொத்தவரை,1, 20,2013-10-12
Red Chillies/குண்டு மிளகாய்,1, 32,2013-10-12
Onion/வெங்காயம்,1, 55,2013-10-12
Pallari/பல்லாரி,1, 40,2013-10-12
Ginger/இஞ்சி,1, 100,2013-10-12
Potato/உருளைக்கிழங்கு,1, 24,2013-10-12
Radish/முள்ளங்கி,1, 16,2013-10-12
Mango/மாங்காய்,1, 60,2013-10-12
Cabbage/முட்டைக்கோஸ்,1, 14,2013-10-12
Carrot/கேரட்,1, 40,2013-10-12
Beetroot/பீட்ரூட்,1, 24,2013-10-12
Soybeans/சோயாபீன்ஸ்,1, 74,2013-10-12
Drumstickbeans/முருங்கைபீன்ஸ்,1, 46,2013-10-12
butterbeans/பட்டர்பீன்ஸ்,1, 80,2013-10-12
Banana nut/வாழைக்காய்,1, 03,2013-10-12
Banana stem/வாழைத்தண்டு,1, 08,2013-10-12
BananaFlower/வாழைப்பூ,1, 06,2013-10-12
Curry leaves/கருவேப்பிலை,1, 20,2013-10-12
Coriander leaves/மல்லி இலை,1, 40,2013-10-12
Mint/புதினா,1, 30,2013-10-12
GreensLeaves/கீரைக்கட்டு,1, 08,2013-10-12
Garlic/பூண்டு,1, 100 to 140,2013-10-12
ButtonMushrooms/ பட்டன்காளான்,1, 188,2013-10-12
Papaya/ பப்பாளிப்பழம்,1, 20,2013-10-12
SavSav/ சவ்சவ்,1, 16,2013-10-12
