Commodity, Weight in Kg, Price in Rs,Date
Brinjal/கத்தரிக்காய், 1, 33,2013-10-28
Tomotto ottu/தக்காளி ஒட்டு, 1, 40,2013-10-28
LadyFinger/வெண்டைக்காய், 1, 18,2013-10-28
SnakeGuard/புடலங்காய், 1, 22,2013-10-28
BitterGourd/பாகற்காய், 1, 36,2013-10-28
Bottlegourd/சுரைக்காய், 1, 12,2013-10-28
Pumpkin/பூசணிக்காய், 1, 18,2013-10-28
Bean/அவரை, 1, 52,2013-10-28
ClusterBeans/கொத்தவரை, 1, 24,2013-10-28
Red Chillies/குண்டு மிளகாய், 1, 30,2013-10-28
Onion/வெங்காயம், 1, 70,2013-10-28
Pallari/பல்லாரி, 1, 64,2013-10-28
Ginger/இஞ்சி, 1, 90,2013-10-28
Potato/உருளைக்கிழங்கு, 1, 26,2013-10-28
Radish/முள்ளங்கி, 1, 18,2013-10-28
Mango/மாங்காய், 1, 60,2013-10-28
Cabbage/முட்டைக்கோஸ், 1, 20,2013-10-28
Carrot/கேரட், 1, 30,2013-10-28
Beetroot/பீட்ரூட், 1, 24,2013-10-28
Soybeans/சோயாபீன்ஸ், 1, 70,2013-10-28
Drumstickbeans/முருங்கைபீன்ஸ், 1, 50,2013-10-28
butterbeans/பட்டர்பீன்ஸ், 1, 76,2013-10-28
Banana nut/வாழைக்காய், 1 piece, 03,2013-10-28
Banana stem/வாழைத்தண்டு, 1, 07,2013-10-28
BananaFlower/வாழைப்பூ, 1, 07,2013-10-28
Curry leaves/கருவேப்பிலை, 1, 20,2013-10-28
Coriander leaves/மல்லி இலை, 1, 40,2013-10-28
Mint/புதினா, 1, 30,2013-10-28
GreensLeaves/கீரைக்கட்டு, 1, 08,2013-10-28
Garlic/பூண்டு, 1, 100 to 120,2013-10-28
ButtonMushrooms/ பட்டன்காளான், 1, 190,2013-10-28
Papaya/ பப்பாளிப்பழம், 1, 20,2013-10-28
SavSav/ சவ்சவ், 1, 24,2013-10-28
