Commodity, Weight in Kg, Price in Rs,Date
Brinjal/கத்தரிக்காய், 1, 28,2013-11-16
Tomotto ottu/தக்காளி ஒட்டு, 1, 42,2013-11-16
LadyFinger/வெண்டைக்காய், 1, 20,2013-11-16
SnakeGuard/புடலங்காய், 1, 20,2013-11-16
BitterGourd/பாகற்காய், 1, 32,2013-11-16
Bottlegourd/சுரைக்காய், 1, 14,2013-11-16
Pumpkin/பூசணிக்காய், 1, 16,2013-11-16
Bean/அவரை, 1, 44,2013-11-16
ClusterBeans/கொத்தவரை, 1, 20,2013-11-16
Red Chillies/குண்டு மிளகாய், 1, 34,2013-11-16
Onion/வெங்காயம், 1, 75,2013-11-16
Pallari/பல்லாரி, 1, 60,2013-11-16
Ginger/இஞ்சி, 1, 90,2013-11-16
Potato/உருளைக்கிழங்கு, 1, 32,2013-11-16
Radish/முள்ளங்கி, 1, 18,2013-11-16
Mango/மாங்காய், 1, 60,2013-11-16
Cabbage/முட்டைக்கோஸ், 1, 20,2013-11-16
Carrot/கேரட், 1, 36,2013-11-16
Beetroot/பீட்ரூட், 1, 22,2013-11-16
Soybeans/சோயாபீன்ஸ், 1, 80,2013-11-16
Drumstickbeans/முருங்கைபீன்ஸ், 1, 44,2013-11-16
butterbeans/பட்டர்பீன்ஸ், 1, 90,2013-11-16
Banana nut/வாழைக்காய், 1 piece, 03,2013-11-16
Banana stem/வாழைத்தண்டு, 1, 8,2013-11-16
BananaFlower/வாழைப்பூ, 1, 8,2013-11-16
Curry leaves/கருவேப்பிலை, 1, 20,2013-11-16
Coriander leaves/மல்லி இலை, 1, 50,2013-11-16
Mint/புதினா, 1, 30,2013-11-16
GreensLeaves/கீரைக்கட்டு, 1, 8,2013-11-16
Garlic/பூண்டு, 1, 100 to 120,2013-11-16
ButtonMushrooms/ பட்டன்காளான், 1, 190,2013-11-16
Papaya/ பப்பாளிப்பழம், 1, 20,2013-11-16
SavSav/ சவ்சவ், 1, 24,2013-11-16
