Commodity, Weight in Kg, Price in Rs,Date
Brinjal/கத்தரிக்காய்,1, 48,2013-09-16
Tomotto ottu/தக்காளி ஒட்டு,1, 16,2013-09-16
LadyFinger/வெண்டைக்காய்,1, 16,2013-09-16
SnakeGuard/புடலங்காய்,1, 18,2013-09-16
BitterGourd/பாகற்காய்,1, 36,2013-09-16
Bottlegourd/சுரைக்காய்,1, 14,2013-09-16
Pumpkin/பூசணிக்காய்,1, 16,2013-09-16
Bean/அவரை,1, 48,2013-09-16
ClusterBeans/கொத்தவரை,1, 18,2013-09-16
Red Chillies/குண்டு மிளகாய்,1, 60,2013-09-16
Onion/வெங்காயம்,1, 54,2013-09-16
Pallari/பல்லாரி,1, 60,2013-09-16
Ginger/இஞ்சி,1, 100,2013-09-16
Potato/உருளைக்கிழங்கு,1, 26,2013-09-16
Radish/முள்ளங்கி,1, 20,2013-09-16
Mango/மாங்காய்,1, 80,2013-09-16
Cabbage/முட்டைக்கோஸ்,1, 32,2013-09-16
Carrot/கேரட்,1, 36,2013-09-16
Beetroot/பீட்ரூட்,1, 28,2013-09-16
Soybeans/சோயாபீன்ஸ்,1, 64,2013-09-16
Drumstickbeans/முருங்கைபீன்ஸ்,1, 60,2013-09-16
butterbeans/பட்டர்பீன்ஸ்,1, 80,2013-09-16
Banana nut/வாழைக்காய்,1, 04,2013-09-16
Banana stem/வாழைத்தண்டு,1, 08,2013-09-16
BananaFlower/வாழைப்பூ,1, 08,2013-09-16
Curry leaves/கருவேப்பிலை,1, 30,2013-09-16
Coriander leaves/மல்லி இலை,1, 50,2013-09-16
Mint/புதினா,1, 40,2013-09-16
GreensLeaves/கீரைக்கட்டு,1, 08,2013-09-16
Garlic/பூண்டு,1, 120 to 130,2013-09-16
ButtonMushrooms/ பட்டன்காளான்,1, 192,2013-09-16
Papaya/ பப்பாளிப்பழம்,1, 34,2013-09-16
SavSav/ சவ்சவ்,1, 30,2013-09-16
