Commodity, Weight in Kg, Price in Rs,Date
Brinjal/கத்தரிக்காய்,1, 40,2013-10-19
Tomotto ottu/தக்காளி ஒட்டு,1, 30,2013-10-19
LadyFinger/வெண்டைக்காய்,1, 20,2013-10-19
SnakeGuard/புடலங்காய்,1, 24,2013-10-19
BitterGourd/பாகற்காய்,1, 30,2013-10-19
Bottlegourd/சுரைக்காய்,1, 12,2013-10-19
Pumpkin/பூசணிக்காய்,1, 16,2013-10-19
Bean/அவரை,1, 54,2013-10-19
ClusterBeans/கொத்தவரை,1, 26,2013-10-19
Red Chillies/குண்டு மிளகாய்,1, 36,2013-10-19
Onion/வெங்காயம்,1, 70,2013-10-19
Pallari/பல்லாரி,1, 50,2013-10-19
Ginger/இஞ்சி,1, 110,2013-10-19
Potato/உருளைக்கிழங்கு,1, 26,2013-10-19
Radish/முள்ளங்கி,1, 16,2013-10-19
Mango/மாங்காய்,1, 60,2013-10-19
Cabbage/முட்டைக்கோஸ்,1, 18,2013-10-19
Carrot/கேரட்,1, 40,2013-10-19
Beetroot/பீட்ரூட்,1, 26,2013-10-19
Soybeans/சோயாபீன்ஸ்,1, 70,2013-10-19
Drumstickbeans/முருங்கைபீன்ஸ்,1, 46,2013-10-19
butterbeans/பட்டர்பீன்ஸ்,1, 80,2013-10-19
Banana nut/வாழைக்காய்,1, 04,2013-10-19
Banana stem/வாழைத்தண்டு,1, 08,2013-10-19
BananaFlower/வாழைப்பூ,1, 08,2013-10-19
Curry leaves/கருவேப்பிலை,1, 20,2013-10-19
Coriander leaves/மல்லி இலை,1, 50,2013-10-19
Mint/புதினா,1, 30,2013-10-19
GreensLeaves/கீரைக்கட்டு,1, 08,2013-10-19
Garlic/பூண்டு,1, 100 to 120,2013-10-19
ButtonMushrooms/ பட்டன்காளான்,1, 188,2013-10-19
Papaya/ பப்பாளிப்பழம்,1, 20,2013-10-19
SavSav/ சவ்சவ்,1, 26,2013-10-19
