Commodity, Weight in Kg, Price in Rs,Date
Brinjal/கத்தரிக்காய், 1, 44,2013-12-26
Tomotto ottu/தக்காளி ஒட்டு, 1, 16,2013-12-26
LadyFinger/வெண்டைக்காய், 1, 18,2013-12-26
SnakeGuard/புடலங்காய், 1, 16,2013-12-26
BitterGourd/பாகற்காய், 1, 26,2013-12-26
Bottlegourd/சுரைக்காய், 1, 12,2013-12-26
Pumpkin/பூசணிக்காய், 1, 16,2013-12-26
Bean/அவரை, 1, 36,2013-12-26
ClusterBeans/கொத்தவரை, 1, 16,2013-12-26
Red Chillies/குண்டு மிளகாய், 1, 30,2013-12-26
Onion/வெங்காயம், 1, 28,2013-12-26
Pallari/பல்லாரி, 1, 24,2013-12-26
Ginger/இஞ்சி, 1, 90,2013-12-26
Potato/உருளைக்கிழங்கு, 1, 28,2013-12-26
Radish/முள்ளங்கி, 1, 16,2013-12-26
Mango/மாங்காய், 1, 30,2013-12-26
Cabbage/முட்டைக்கோஸ், 1, 14,2013-12-26
Carrot/கேரட், 1, 28,2013-12-26
Beetroot/பீட்ரூட், 1, 20,2013-12-26
Soybeans/சோயாபீன்ஸ், 1, 74,2013-12-26
Drumstickbeans/முருங்கைபீன்ஸ், 1, 40,2013-12-26
butterbeans/பட்டர்பீன்ஸ், 1, 85,2013-12-26
Banana nut/வாழைக்காய், 1 piece, 4,2013-12-26
Banana stem/வாழைத்தண்டு, 1, 7,2013-12-26
BananaFlower/வாழைப்பூ, 1, 7,2013-12-26
Curry leaves/கருவேப்பிலை, 1, 10,2013-12-26
Coriander leaves/மல்லி இலை, 1, 20,2013-12-26
Mint/புதினா, 1, 20,2013-12-26
GreensLeaves/கீரைக்கட்டு, 1, 8,2013-12-26
Garlic/பூண்டு, 1, 80 to 160,2013-12-26
ButtonMushrooms/ பட்டன்காளான், 1, 190,2013-12-26
Papaya/ பப்பாளிப்பழம், 1, 24,2013-12-26
SavSav/ சவ்சவ், 1, 18,2013-12-26
