Commodity, Weight in Kg, Price in Rs,Date
Brinjal/கத்தரிக்காய்,1, 40,2013-10-09
Tomotto ottu/தக்காளி ஒட்டு,1, 18,2013-10-09
LadyFinger/வெண்டைக்காய்,1, 20,2013-10-09
SnakeGuard/புடலங்காய்,1, 18,2013-10-09
BitterGourd/பாகற்காய்,1, 30,2013-10-09
Bottlegourd/சுரைக்காய்,1, 08,2013-10-09
Pumpkin/பூசணிக்காய்,1, 12,2013-10-09
Bean/அவரை,1, 40,2013-10-09
ClusterBeans/கொத்தவரை,1, 20,2013-10-09
Red Chillies/குண்டு மிளகாய்,1, 30,2013-10-09
Onion/வெங்காயம்,1, 60,2013-10-09
Pallari/பல்லாரி,1, 60,2013-10-09
Ginger/இஞ்சி,1, 100,2013-10-09
Potato/உருளைக்கிழங்கு,1, 22,2013-10-09
Radish/முள்ளங்கி,1, 14,2013-10-09
Mango/மாங்காய்,1, 60,2013-10-09
Cabbage/முட்டைக்கோஸ்,1, 16,2013-10-09
Carrot/கேரட்,1, 32,2013-10-09
Beetroot/பீட்ரூட்,1, 24,2013-10-09
Soybeans/சோயாபீன்ஸ்,1, 70,2013-10-09
Drumstickbeans/முருங்கைபீன்ஸ்,1, 42,2013-10-09
butterbeans/பட்டர்பீன்ஸ்,1, 80,2013-10-09
Banana nut/வாழைக்காய்,1, 03,2013-10-09
Banana stem/வாழைத்தண்டு,1, 05,2013-10-09
BananaFlower/வாழைப்பூ,1, 05,2013-10-09
Curry leaves/கருவேப்பிலை,1, 20,2013-10-09
Coriander leaves/மல்லி இலை,1, 40,2013-10-09
Mint/புதினா,1, 40,2013-10-09
GreensLeaves/கீரைக்கட்டு,1, 07,2013-10-09
Garlic/பூண்டு,1, 100 to 140,2013-10-09
ButtonMushrooms/ பட்டன்காளான்,1, 188,2013-10-09
Papaya/ பப்பாளிப்பழம்,1, 20,2013-10-09
SavSav/ சவ்சவ்,1, 40,2013-10-09
