Commodity, Weight in Kg, Price in Rs
Brinjal/கத்தரிக்காய், 1, 30
Tomotto ottu/தக்காளி ஒட்டு, 1, 30
LadyFinger/வெண்டைக்காய், 1, 16
SnakeGuard/புடலங்காய், 1, 14
BitterGourd/பாகற்காய், 1, 32
Bottlegourd/சுரைக்காய், 1, 12
Pumpkin/பூசணிக்காய், 1, 14
Bean/அவரை, 1, 48
ClusterBeans/கொத்தவரை, 1, 16
Red Chillies/குண்டு மிளகாய், 1, 30
Onion/வெங்காயம், 1, 70
Pallari/பல்லாரி, 1, 65
Ginger/இஞ்சி, 1, 80
Potato/உருளைக்கிழங்கு, 1, 30
Radish/முள்ளங்கி, 1, 18
Mango/மாங்காய், 1, 60
Cabbage/முட்டைக்கோஸ், 1, 14
Carrot/கேரட், 1, 34
Beetroot/பீட்ரூட், 1, 20
Soybeans/சோயாபீன்ஸ், 1, 65
Drumstickbeans/முருங்கைபீன்ஸ், 1, 40
butterbeans/பட்டர்பீன்ஸ், 1, 75
Banana nut/வாழைக்காய், 1 piece, 03
Banana stem/வாழைத்தண்டு, 1, 7
BananaFlower/வாழைப்பூ, 1, 7
Curry leaves/கருவேப்பிலை, 1, 25
Coriander leaves/மல்லி இலை, 1, 30
Mint/புதினா, 1, 25
GreensLeaves/கீரைக்கட்டு, 1, 8
Garlic/பூண்டு, 1, 100 to 120
ButtonMushrooms/ பட்டன்காளான், 1, 180
Papaya/ பப்பாளிப்பழம், 1, 20
SavSav/ சவ்சவ், 1, 26
