Commodity, Weight in Kg, Price in Rs,Date
Brinjal/கத்தரிக்காய், 1, 26,2013-11-11
Tomotto ottu/தக்காளி ஒட்டு, 1, 36,2013-11-11
LadyFinger/வெண்டைக்காய், 1, 20,2013-11-11
SnakeGuard/புடலங்காய், 1, 20,2013-11-11
BitterGourd/பாகற்காய், 1, 34,2013-11-11
Bottlegourd/சுரைக்காய், 1, 12,2013-11-11
Pumpkin/பூசணிக்காய், 1, 14,2013-11-11
Bean/அவரை, 1, 46,2013-11-11
ClusterBeans/கொத்தவரை, 1, 16,2013-11-11
Red Chillies/குண்டு மிளகாய், 1, 32,2013-11-11
Onion/வெங்காயம், 1, 70,2013-11-11
Pallari/பல்லாரி, 1, 60,2013-11-11
Ginger/இஞ்சி, 1, 80,2013-11-11
Potato/உருளைக்கிழங்கு, 1, 34,2013-11-11
Radish/முள்ளங்கி, 1, 16,2013-11-11
Mango/மாங்காய், 1, 70,2013-11-11
Cabbage/முட்டைக்கோஸ், 1, 20,2013-11-11
Carrot/கேரட், 1, 30,2013-11-11
Beetroot/பீட்ரூட், 1, 18,2013-11-11
Soybeans/சோயாபீன்ஸ், 1, 70,2013-11-11
Drumstickbeans/முருங்கைபீன்ஸ், 1, 42,2013-11-11
butterbeans/பட்டர்பீன்ஸ், 1, 80,2013-11-11
Banana nut/வாழைக்காய், 1 piece, 03,2013-11-11
Banana stem/வாழைத்தண்டு, 1, 7,2013-11-11
BananaFlower/வாழைப்பூ, 1, 7,2013-11-11
Curry leaves/கருவேப்பிலை, 1, 20,2013-11-11
Coriander leaves/மல்லி இலை, 1, 40,2013-11-11
Mint/புதினா, 1, 30,2013-11-11
GreensLeaves/கீரைக்கட்டு, 1, 8,2013-11-11
Garlic/பூண்டு, 1, 100 to 130,2013-11-11
ButtonMushrooms/ பட்டன்காளான், 1, 185,2013-11-11
Papaya/ பப்பாளிப்பழம், 1, 20,2013-11-11
SavSav/ சவ்சவ், 1, 24,2013-11-11
