Commodity, Weight in Kg, Price in Rs,Date
Brinjal/கத்தரிக்காய், 1, 30,2013-10-29
Tomotto ottu/தக்காளி ஒட்டு, 1, 40,2013-10-29
LadyFinger/வெண்டைக்காய், 1, 18,2013-10-29
SnakeGuard/புடலங்காய், 1, 16,2013-10-29
BitterGourd/பாகற்காய், 1, 32,2013-10-29
Bottlegourd/சுரைக்காய், 1, 16,2013-10-29
Pumpkin/பூசணிக்காய், 1, 18,2013-10-29
Bean/அவரை, 1, 52,2013-10-29
ClusterBeans/கொத்தவரை, 1, 22,2013-10-29
Red Chillies/குண்டு மிளகாய், 1, 30,2013-10-29
Onion/வெங்காயம், 1, 70,2013-10-29
Pallari/பல்லாரி, 1, 64,2013-10-29
Ginger/இஞ்சி, 1, 90,2013-10-29
Potato/உருளைக்கிழங்கு, 1, 26,2013-10-29
Radish/முள்ளங்கி, 1, 18,2013-10-29
Mango/மாங்காய், 1, 54,2013-10-29
Cabbage/முட்டைக்கோஸ், 1, 20,2013-10-29
Carrot/கேரட், 1, 28,2013-10-29
Beetroot/பீட்ரூட், 1, 24,2013-10-29
Soybeans/சோயாபீன்ஸ், 1, 74,2013-10-29
Drumstickbeans/முருங்கைபீன்ஸ், 1, 48,2013-10-29
butterbeans/பட்டர்பீன்ஸ், 1, 78,2013-10-29
Banana nut/வாழைக்காய், 1 piece, 03,2013-10-29
Banana stem/வாழைத்தண்டு, 1, 07,2013-10-29
BananaFlower/வாழைப்பூ, 1, 07,2013-10-29
Curry leaves/கருவேப்பிலை, 1, 20,2013-10-29
Coriander leaves/மல்லி இலை, 1, 40,2013-10-29
Mint/புதினா, 1, 30,2013-10-29
GreensLeaves/கீரைக்கட்டு, 1, 08,2013-10-29
Garlic/பூண்டு, 1, 100 to 130,2013-10-29
ButtonMushrooms/ பட்டன்காளான், 1, 188,2013-10-29
Papaya/ பப்பாளிப்பழம், 1, 20,2013-10-29
SavSav/ சவ்சவ், 1, 26,2013-10-29
